id,item_id,type,start_time,end_time,drop_ids,title_res,amount_coordinate,bg_res,is_mail,mail_type,is_show,clear_cycle,clear_time,prize_skip,mission_show_prize,use_animation,goto_to_mall,can_ten_draws,can_get_rewards,goto_page,extra_bonus,bonus_percent
1,100001,1,2019-01-09 00:00:00,2019-02-25 23:59:59,149:672|150:2|299:672|300:3|449:672|450:4|599:672|600:5|749:672|750:6|899:672|900:7|998:672|999:10|1049:672|1050:8|1199:672|1200:9|3000:672,98cc0f4b5d05aa89_draw_190118004.png,-530|-337,aa09cd06b6935a8a_draw_190118005.jpg,0,0,1,0,0,,0,0,0,1,0,0,,0
2,0,1,2019-01-09 00:00:00,2019-02-18 23:59:59,4:297|5:298,0,0,0,0,0,0,1,0,,0,0,0,0,0,0,,0
3,0,1,2019-01-09 00:00:00,2019-02-18 23:59:59,4:297|5:298,0,0,0,0,0,0,1,0,,0,0,0,0,0,0,,0
4,0,1,2019-01-09 00:00:00,2019-02-18 23:59:59,4:297|5:298,0,0,0,0,0,0,1,0,,0,0,0,0,0,0,,0
5,100001,1,2017-01-01 00:00:00,2017-01-07 00:00:00,149:1|150:2|299:1|300:3|449:1|450:4|599:1|600:5|749:1|750:6|899:1|900:7|998:1|999:10|1049:1|1050:8|1199:1|1200:9|3000:1,draw_title_170120.png,370|228,draw_content_170120.jpg,0,0,1,0,0,,0,0,0,0,0,0,,0
6,100001,1,2017-01-01 00:00:00,2017-01-11 23:00:00,149:1|150:2|299:1|300:3|449:1|450:4|599:1|600:5|749:1|750:6|899:1|900:7|998:1|999:10|1049:1|1050:8|1199:1|1200:9|3000:1,draw_title_170120.png,370|228,draw_content_170108.jpg,0,0,1,0,0,,0,0,0,0,0,0,,0
7,100001,1,2017-01-23 00:00:00,2017-02-26 00:00:00,149:1|150:2|299:1|300:3|449:1|450:4|599:1|600:5|749:1|750:6|899:1|900:7|998:1|999:10|1049:1|1050:8|1199:1|1200:9|3000:1,draw_title_170120.png,194|265,draw_content_170124.jpg,0,0,1,0,0,,0,0,0,0,0,0,,0
8,100002,1,2017-03-14 00:00:00,2017-03-22 00:00:00,100:35,draw_title_170120.png,194|265,draw_content_170124.jpg,0,0,1,0,0,,0,1,1,0,0,0,,0
9,100002,1,2017-03-14 00:00:00,2017-03-22 00:00:00,100:36,draw_title_170120.png,194|265,draw_content_170124.jpg,0,0,1,0,0,,0,1,1,0,0,0,,0
11,0,1,2017-01-23 00:00:00,2017-02-23 10:00:00,10:11|35:12|45:13|50:14,0,0,0,0,0,0,1,0,,0,0,0,0,0,0,,0
12,0,1,2017-01-23 00:00:00,2017-02-23 10:00:00,10:21|35:22|45:23|50:24,0,0,0,0,0,0,1,0,,0,0,0,0,0,0,,0
13,0,1,2017-01-23 00:00:00,2017-02-23 10:00:00,10:31|35:32|45:33|50:34,0,0,0,0,0,0,1,0,,0,0,0,0,0,0,,0
14,0,1,2017-03-14 00:00:00,2017-03-16 00:00:00,10:31|35:32|45:33|50:34,draw_title_170120.png,0|0,draw_content_170124.jpg,0,0,2,1,0,,62,0,0,0,0,0,,0
21,100041,2,2022-05-03 00:00:00,2022-05-30 23:59:59,100:40,ed542815d4401a35_draw_200518165924.png,-642|-118,79c26418e645f8a2_draw_190505165848.jpg,0,0,1,0,0,,0,1,1,0,0,0,,0
30,0,1,2017-05-13 00:00:00,2017-05-19 23:59:59,100:50|150:51|200:52|1000:53|1001:50,draw_title_170407.png,-666|-126,draw_content_170407.jpg,0,0,2,0,0,600:1001,600,0,0,0,0,0,,0
31,0,1,2017-05-13 00:00:00,2017-05-19 23:59:59,100:54|150:55|200:56|1000:57|1001:54,draw_title_170407.png,-666|-126,draw_content_170407.jpg,0,0,2,0,0,601:1001,601,0,0,0,0,0,,0
32,0,1,2017-05-13 00:00:00,2017-05-19 23:59:59,100:58|150:59|200:60|1000:61|1001:58,draw_title_170407.png,-666|-126,draw_content_170407.jpg,0,0,2,0,0,602:1001,602,0,0,0,0,0,,0
33,0,1,2017-05-13 00:00:00,2017-05-19 23:59:59,150:62|200:63|250:64|300:65|1000:66|1001:62,draw_title_170407.png,-666|-126,draw_content_170407.jpg,0,0,2,0,0,603:1001,603,0,0,0,0,0,,0
34,0,1,2017-05-13 00:00:00,2017-05-19 23:59:59,150:67|200:68|250:69|300:70|1000:71|1001:67,draw_title_170407.png,-666|-126,draw_content_170407.jpg,0,0,2,0,0,604:1001,604,0,0,0,0,0,,0
35,0,1,2017-05-13 00:00:00,2017-05-19 23:59:59,150:72|200:73|250:74|300:75|1000:76|1001:72,draw_title_170407.png,-666|-126,draw_content_170407.jpg,0,0,2,0,0,605:1001,605,0,0,0,0,0,,0
38,100003,1,2018-11-07 00:00:00,2018-12-17 23:59:59,98:101|99:102|500:101,7312c3f13cc81779_draw_181109001.png,-633|-245,d60d14d1b97350be_draw_181122003.jpg,0,0,1,0,0,,0,0,0,1,0,0,,0
39,0,1,2018-11-07 00:00:00,2018-12-10 23:59:59,3:103|4:104,0,0,0,0,0,0,1,0,,0,0,0,0,0,0,,0
40,0,1,2018-11-07 00:00:00,2018-12-10 23:59:59,3:103|4:104,0,0,0,0,0,0,1,0,,0,0,0,0,0,0,,0
41,0,1,2018-11-07 00:00:00,2018-12-10 23:59:59,2:103|3:104,0,0,0,0,0,0,1,0,,0,0,0,0,0,0,,0
42,0,1,2018-11-07 00:00:00,2018-12-10 23:59:59,2:103|3:104,0,0,0,0,0,0,1,0,,0,0,0,0,0,0,,0
51,100004,1,2019-04-25 00:00:00,2019-06-03 23:59:59,249:111|250:112|499:111|500:113|749:111|750:114|776:111|777:115|999:111|1000:116|3000:111,d45a5fc412cc77d6_draw_190426111648.png,-530|-359,102f33a72cbc4629_draw_190426111648.jpg,0,0,1,0,0,,0,0,0,1,0,0,,0
52,0,1,2019-04-25 00:00:00,2019-05-27 23:59:59,50:117|51:118,0,0,0,0,0,0,1,0,,0,0,0,0,0,0,,0
53,0,1,2017-07-27 11:00:00,2017-08-24 10:00:00,20:117|21:118,0,0,0,0,0,0,1,0,,0,0,0,0,0,0,,0
54,0,1,2017-07-27 11:00:00,2017-08-24 10:00:00,20:117|21:118,0,0,0,0,0,0,1,0,,0,0,0,0,0,0,,0
55,0,1,2017-11-04 00:00:00,2017-11-12 23:59:59,100:121|150:122|200:123|1000:124|1001:121,draw_title_170407.png,-666|-126,draw_content_170407.jpg,0,0,2,0,0,90:1001,90,0,0,0,0,0,,0
56,0,1,2017-11-04 00:00:00,2017-11-12 23:59:59,100:125|150:126|200:127|1000:128|1001:125,draw_title_170407.png,-666|-126,draw_content_170407.jpg,0,0,2,0,0,91:1001,91,0,0,0,0,0,,0
57,0,1,2017-11-04 00:00:00,2017-11-12 23:59:59,100:129|150:130|200:131|1000:132|1001:129,draw_title_170407.png,-666|-126,draw_content_170407.jpg,0,0,2,0,0,92:1001,92,0,0,0,0,0,,0
58,0,1,2017-11-04 00:00:00,2017-11-12 23:59:59,150:133|200:134|250:135|300:136|1000:137|1001:133,draw_title_170407.png,-666|-126,draw_content_170407.jpg,0,0,2,0,0,93:1001,93,0,0,0,0,0,,0
59,0,1,2017-11-04 00:00:00,2017-11-12 23:59:59,150:138|200:139|250:140|300:141|1000:142|1001:138,draw_title_170407.png,-666|-126,draw_content_170407.jpg,0,0,2,0,0,94:1001,94,0,0,0,0,0,,0
60,0,1,2017-11-04 00:00:00,2017-11-12 23:59:59,150:143|200:144|250:145|300:146|1000:147|1001:143,draw_title_170407.png,-666|-126,draw_content_170407.jpg,0,0,2,0,0,95:1001,95,0,0,0,0,0,,0
61,0,1,2017-11-04 00:00:00,2017-11-12 23:59:59,150:148|200:149|250:150|300:151|1000:152|1001:148,draw_title_170407.png,-666|-126,draw_content_170407.jpg,0,0,2,0,0,96:1001,96,0,0,0,0,0,,0
62,0,1,2017-11-01 00:00:00,2017-12-07 10:00:00,8:153|9:154,0,0,0,0,0,0,1,0,,0,0,0,0,0,0,,0
63,0,1,2017-11-01 00:00:00,2017-12-07 10:00:00,8:153|9:154,0,0,0,0,0,0,1,0,,0,0,0,0,0,0,,0
64,0,1,2017-11-01 00:00:00,2017-12-07 10:00:00,8:153|9:154,0,0,0,0,0,0,1,0,,0,0,0,0,0,0,,0
65,0,1,2017-11-01 00:00:00,2017-12-07 10:00:00,8:153|9:154,0,0,0,0,0,0,1,0,,0,0,0,0,0,0,,0
66,0,1,2017-11-01 00:00:00,2017-12-07 10:00:00,6:153|7:154,0,0,0,0,0,0,1,0,,0,0,0,0,0,0,,0
67,0,1,2017-11-01 00:00:00,2017-12-07 10:00:00,6:153|7:154,0,0,0,0,0,0,1,0,,0,0,0,0,0,0,,0
68,0,1,2017-11-01 00:00:00,2017-12-07 10:00:00,6:153|7:154,0,0,0,0,0,0,1,0,,0,0,0,0,0,0,,0
69,0,1,2017-11-01 00:00:00,2017-12-07 10:00:00,6:153|7:154,0,0,0,0,0,0,1,0,,0,0,0,0,0,0,,0
70,0,1,2018-12-14 00:00:00,2019-01-07 23:59:59,1:286|2:287,0,0,0,0,0,0,1,0,,0,0,0,0,0,0,,0
71,0,1,2018-12-14 00:00:00,2019-01-07 23:59:59,1:286|2:287,0,0,0,0,0,0,1,0,,0,0,0,0,0,0,,0
72,0,1,2018-12-14 00:00:00,2019-01-07 23:59:59,1:286|2:287,0,0,0,0,0,0,1,0,,0,0,0,0,0,0,,0
73,0,1,2018-12-14 00:00:00,2019-01-07 23:59:59,1:286|2:287,0,0,0,0,0,0,1,0,,0,0,0,0,0,0,,0
74,0,1,2018-12-14 00:00:00,2019-01-07 23:59:59,1:286|2:287,0,0,0,0,0,0,1,0,,0,0,0,0,0,0,,0
75,0,1,2018-12-14 00:00:00,2019-01-07 23:59:59,1:286|2:287,0,0,0,0,0,0,1,0,,0,0,0,0,0,0,,0
76,0,1,2018-12-14 00:00:00,2019-01-07 23:59:59,1:286|2:287,0,0,0,0,0,0,1,0,,0,0,0,0,0,0,,0
77,0,1,2017-12-18 00:00:00,2018-01-11 23:59:59,1:155|2:156,0,0,0,0,0,0,1,0,,0,0,0,0,0,0,,0
78,0,1,2019-11-01 00:00:00,2019-11-08 10:00:00,5:159|6:160,0,0,0,0,0,0,0,0,,0,0,0,0,0,0,,0
79,0,1,2019-11-13 00:00:00,2019-12-16 23:59:59,20:157|21:158,0,0,0,0,0,0,1,0,,0,0,0,0,0,0,,0
80,0,1,2019-11-13 00:00:00,2019-12-16 23:59:59,10:159|11:160,0,0,0,0,0,0,1,0,,0,0,0,0,0,0,,0
81,0,1,2019-11-13 00:00:00,2019-12-16 23:59:59,6:161|7:162,0,0,0,0,0,0,1,0,,0,0,0,0,0,0,,0
82,0,1,2019-11-13 00:00:00,2019-12-16 23:59:59,5:163|6:164,0,0,0,0,0,0,1,0,,0,0,0,0,0,0,,0
83,0,1,2019-11-13 00:00:00,2019-12-16 23:59:59,4:165|5:166,0,0,0,0,0,0,1,0,,0,0,0,0,0,0,,0
84,0,1,2019-11-13 00:00:00,2019-12-16 23:59:59,3:167|4:168,0,0,0,0,0,0,1,0,,0,0,0,0,0,0,,0
85,0,1,2018-02-01 00:00:00,2018-03-08 10:00:00,1:159|2:160,0,0,0,0,0,0,0,0,,0,0,0,0,0,0,,0
86,0,1,2018-02-01 00:00:00,2018-03-08 10:00:00,1:159|2:160,0,0,0,0,0,0,0,0,,0,0,0,0,0,0,,0
87,0,1,2018-02-01 00:00:00,2018-03-08 10:00:00,1:165|2:166,0,0,0,0,0,0,0,0,,0,0,0,0,0,0,,0
88,0,1,2018-02-01 00:00:00,2018-03-08 10:00:00,1:157|2:158,0,0,0,0,0,0,0,0,,0,0,0,0,0,0,,0
89,0,1,2018-02-01 00:00:00,2018-03-08 10:00:00,1:157|2:158,0,0,0,0,0,0,0,0,,0,0,0,0,0,0,,0
90,0,1,2018-02-01 00:00:00,2018-03-08 10:00:00,1:157|2:158,0,0,0,0,0,0,0,0,,0,0,0,0,0,0,,0
91,0,1,2018-02-01 00:00:00,2018-03-08 10:00:00,1:159|2:160,0,0,0,0,0,0,0,0,,0,0,0,0,0,0,,0
92,0,1,2018-02-01 00:00:00,2018-03-08 10:00:00,1:169|2:170,0,0,0,0,0,0,0,0,,0,0,0,0,0,0,,0
93,0,1,2018-02-01 00:00:00,2018-03-08 10:00:00,1:159|2:160,0,0,0,0,0,0,0,0,,0,0,0,0,0,0,,0
94,0,1,2018-02-01 00:00:00,2018-03-08 10:00:00,1:161|2:162,0,0,0,0,0,0,0,0,,0,0,0,0,0,0,,0
95,0,1,2018-02-01 00:00:00,2018-03-08 10:00:00,1:161|2:162,0,0,0,0,0,0,0,0,,0,0,0,0,0,0,,0
96,0,1,2018-02-01 00:00:00,2018-03-08 10:00:00,1:167|2:168,0,0,0,0,0,0,0,0,,0,0,0,0,0,0,,0
97,0,1,2018-02-01 00:00:00,2018-03-08 10:00:00,1:157|2:158,0,0,0,0,0,0,0,0,,0,0,0,0,0,0,,0
98,0,1,2018-02-01 00:00:00,2018-03-08 10:00:00,1:159|2:160,0,0,0,0,0,0,0,0,,0,0,0,0,0,0,,0
99,0,1,2018-02-01 00:00:00,2018-03-08 10:00:00,1:159|2:160,0,0,0,0,0,0,0,0,,0,0,0,0,0,0,,0
100,0,1,2018-02-01 00:00:00,2018-03-08 10:00:00,1:159|2:160,0,0,0,0,0,0,0,0,,0,0,0,0,0,0,,0
101,0,1,2018-02-01 00:00:00,2018-03-08 10:00:00,1:159|2:160,0,0,0,0,0,0,0,0,,0,0,0,0,0,0,,0
102,0,1,2018-02-01 00:00:00,2018-03-08 10:00:00,1:161|2:162,0,0,0,0,0,0,0,0,,0,0,0,0,0,0,,0
103,0,1,2018-02-01 00:00:00,2018-03-08 10:00:00,1:161|2:162,0,0,0,0,0,0,0,0,,0,0,0,0,0,0,,0
104,0,1,2018-02-01 00:00:00,2018-03-08 10:00:00,1:167|2:168,0,0,0,0,0,0,0,0,,0,0,0,0,0,0,,0
105,0,1,2018-02-01 00:00:00,2018-03-08 10:00:00,1:157|2:158,0,0,0,0,0,0,0,0,,0,0,0,0,0,0,,0
106,0,1,2018-02-01 00:00:00,2018-03-08 10:00:00,1:159|2:160,0,0,0,0,0,0,0,0,,0,0,0,0,0,0,,0
107,0,1,2018-02-01 00:00:00,2018-03-08 10:00:00,1:159|2:160,0,0,0,0,0,0,0,0,,0,0,0,0,0,0,,0
108,0,1,2018-02-01 00:00:00,2018-03-08 10:00:00,1:159|2:160,0,0,0,0,0,0,0,0,,0,0,0,0,0,0,,0
109,0,1,2018-02-01 00:00:00,2018-03-08 10:00:00,1:159|2:160,0,0,0,0,0,0,0,0,,0,0,0,0,0,0,,0
110,0,1,2018-02-01 00:00:00,2018-03-08 10:00:00,1:159|2:160,0,0,0,0,0,0,0,0,,0,0,0,0,0,0,,0
111,0,1,2018-02-01 00:00:00,2018-03-08 10:00:00,1:161|2:162,0,0,0,0,0,0,0,0,,0,0,0,0,0,0,,0
112,0,1,2018-02-01 00:00:00,2018-03-08 10:00:00,1:163|2:164,0,0,0,0,0,0,0,0,,0,0,0,0,0,0,,0
113,0,1,2018-02-01 00:00:00,2018-03-08 10:00:00,1:163|2:164,0,0,0,0,0,0,0,0,,0,0,0,0,0,0,,0
114,0,1,2018-02-01 00:00:00,2018-03-08 10:00:00,1:165|2:166,0,0,0,0,0,0,0,0,,0,0,0,0,0,0,,0
115,100007,1,2019-11-01 00:00:00,2019-12-23 23:59:59,249:171|250:172|499:171|500:173|749:171|750:174|776:171|777:176|999:171|1000:175|3000:171,48e9531bc0639cb1_draw_191113200632.png,330|-197,371ef1c72ca2f124_draw_191119173019.jpg,0,0,1,0,0,,0,0,0,1,0,0,,0
116,0,1,2018-02-01 00:00:00,2018-03-08 10:00:00,299:177|300:178|301:179,draw_title_170407.png,-666|-126,draw_content_170407.jpg,0,0,2,0,0,917:301,917,0,0,0,0,0,,0
117,0,1,2018-02-01 00:00:00,2018-03-08 10:00:00,299:180|300:181|301:182,draw_title_170407.png,-666|-126,draw_content_170407.jpg,0,0,2,0,0,918:301,918,0,0,0,0,0,,0
118,0,1,2019-04-02 00:00:00,2019-04-22 23:59:59,1:183|2:184,0,0,0,0,0,0,1,0,,0,0,0,0,0,0,,0
119,0,1,2019-04-02 00:00:00,2019-04-22 23:59:59,1:183|2:184,0,0,0,0,0,0,1,0,,0,0,0,0,0,0,,0
120,0,1,2019-04-02 00:00:00,2019-04-22 23:59:59,1:183|2:184,0,0,0,0,0,0,1,0,,0,0,0,0,0,0,,0
121,0,1,2019-04-02 00:00:00,2019-04-22 23:59:59,1:183|2:184,0,0,0,0,0,0,1,0,,0,0,0,0,0,0,,0
122,0,1,2019-04-02 00:00:00,2019-04-22 23:59:59,1:183|2:184,0,0,0,0,0,0,1,0,,0,0,0,0,0,0,,0
123,0,1,2019-04-02 00:00:00,2019-04-22 23:59:59,1:183|2:184,0,0,0,0,0,0,1,0,,0,0,0,0,0,0,,0
124,0,1,2018-04-01 00:00:00,2018-04-22 23:59:59,1:183|2:184,0,0,0,0,0,0,1,0,,0,0,0,0,0,0,,0
125,0,1,2018-04-01 00:00:00,2018-04-22 23:59:59,1:183|2:184,0,0,0,0,0,0,1,0,,0,0,0,0,0,0,,0
126,0,1,2020-04-15 00:00:00,2020-05-25 23:59:59,6:185|7:186,0,0,0,0,0,0,1,0,,0,0,0,0,0,0,,0
127,0,1,2020-04-15 00:00:00,2020-05-23 23:59:59,1:185|2:186,0,0,0,0,0,0,1,0,,0,0,0,0,0,0,,0
128,0,1,2020-04-15 00:00:00,2020-05-23 23:59:59,1:185|2:186,0,0,0,0,0,0,1,0,,0,0,0,0,0,0,,0
129,0,1,2020-04-15 00:00:00,2020-05-23 23:59:59,1:185|2:186,0,0,0,0,0,0,1,0,,0,0,0,0,0,0,,0
130,0,1,2020-04-15 00:00:00,2020-05-23 23:59:59,1:185|2:186,0,0,0,0,0,0,1,0,,0,0,0,0,0,0,,0
131,0,1,2020-04-15 00:00:00,2020-05-23 23:59:59,1:185|2:186,0,0,0,0,0,0,1,0,,0,0,0,0,0,0,,0
132,100042,2,2022-05-03 00:00:00,2022-05-30 23:59:59,100:187,e791106b6e4e5ebb_draw_200427155151.png,-570|-124,4e1e98305678b2c6_draw_200505201734.jpg,0,0,1,0,0,,0,1,1,0,0,0,,0
133,0,1,2019-06-08 00:00:00,2019-06-28 23:59:59,1:188|2:189,0,0,0,0,0,0,1,0,,0,0,0,0,0,0,,0
134,0,1,2019-06-08 00:00:00,2019-06-28 23:59:59,1:188|2:189,0,0,0,0,0,0,1,0,,0,0,0,0,0,0,,0
135,0,1,2019-06-08 00:00:00,2019-06-28 23:59:59,1:188|2:189,0,0,0,0,0,0,1,0,,0,0,0,0,0,0,,0
136,0,1,2019-06-08 00:00:00,2019-06-28 23:59:59,1:188|2:189,0,0,0,0,0,0,1,0,,0,0,0,0,0,0,,0
137,0,1,2019-06-08 00:00:00,2019-06-28 23:59:59,1:188|2:189,0,0,0,0,0,0,1,0,,0,0,0,0,0,0,,0
138,0,1,2019-06-08 00:00:00,2019-06-28 23:59:59,1:188|2:189,0,0,0,0,0,0,1,0,,0,0,0,0,0,0,,0
139,0,1,2019-06-08 00:00:00,2019-06-28 23:59:59,1:188|2:189,0,0,0,0,0,0,1,0,,0,0,0,0,0,0,,0
140,0,1,2019-06-08 00:00:00,2019-06-28 23:59:59,1:188|2:189,0,0,0,0,0,0,1,0,,0,0,0,0,0,0,,0
141,0,1,2018-06-30 00:00:00,2018-07-08 23:59:59,150:190|200:191|250:192|300:193|1000:194|1001:190,draw_title_170407.png,-666|-126,draw_content_170407.jpg,0,0,2,0,0,509:1001,509,0,0,0,0,0,,0
142,0,1,2018-06-30 00:00:00,2018-07-08 23:59:59,150:195|200:196|250:197|300:198|1000:199|1001:195,draw_title_170407.png,-666|-126,draw_content_170407.jpg,0,0,2,0,0,510:1001,510,0,0,0,0,0,,0
143,0,1,2018-06-30 00:00:00,2018-07-08 23:59:59,150:200|200:201|250:202|300:203|1000:204|1001:200,draw_title_170407.png,-666|-126,draw_content_170407.jpg,0,0,2,0,0,511:1001,511,0,0,0,0,0,,0
144,0,1,2018-06-30 00:00:00,2018-07-08 23:59:59,150:205|200:206|250:207|300:208|1000:209|1001:205,draw_title_170407.png,-666|-126,draw_content_170407.jpg,0,0,2,0,0,512:1001,512,0,0,0,0,0,,0
145,0,1,2018-06-30 00:00:00,2018-07-08 23:59:59,150:210|200:211|250:212|300:213|1000:214|1001:210,draw_title_170407.png,-666|-126,draw_content_170407.jpg,0,0,2,0,0,513:1001,513,0,0,0,0,0,,0
146,0,1,2018-06-30 00:00:00,2018-07-08 23:59:59,150:215|200:216|250:217|300:218|1000:219|1001:215,draw_title_170407.png,-666|-126,draw_content_170407.jpg,0,0,2,0,0,514:1001,514,0,0,0,0,0,,0
147,0,1,2018-08-25 00:00:00,2018-09-07 23:59:59,1:220|2:221,0,0,0,0,0,0,1,0,,0,0,0,0,0,0,,0
148,0,1,2018-08-25 00:00:00,2018-09-07 23:59:59,1:220|2:221,0,0,0,0,0,0,1,0,,0,0,0,0,0,0,,0
149,0,1,2018-08-25 00:00:00,2018-09-07 23:59:59,1:220|2:221,0,0,0,0,0,0,1,0,,0,0,0,0,0,0,,0
150,0,1,2018-08-25 00:00:00,2018-09-07 23:59:59,1:220|2:221,0,0,0,0,0,0,1,0,,0,0,0,0,0,0,,0
151,0,1,2018-08-25 00:00:00,2018-09-07 23:59:59,1:220|2:221,0,0,0,0,0,0,1,0,,0,0,0,0,0,0,,0
152,0,1,2018-08-25 00:00:00,2018-09-07 23:59:59,1:220|2:221,0,0,0,0,0,0,1,0,,0,0,0,0,0,0,,0
153,0,1,2020-02-16 00:00:00,2020-03-16 23:59:59,10:222|11:223,0,0,0,0,0,0,1,0,,0,0,0,0,0,0,,0
154,0,1,2020-02-16 00:00:00,2020-03-16 23:59:59,4:222|5:223,0,0,0,0,0,0,1,0,,0,0,0,0,0,0,,0
155,0,1,2020-02-16 00:00:00,2020-03-16 23:59:59,2:222|3:223,0,0,0,0,0,0,1,0,,0,0,0,0,0,0,,0
156,100014,1,2020-02-16 00:00:00,2020-03-23 23:59:59,249:224|250:225|499:224|500:226|749:224|750:227|776:224|777:228|999:224|1000:229|3000:224,ea2d5ca7b290deb4_draw_200217172655.png,330|-195,a1d9749c8c501496_draw_200217172655.jpg,0,0,1,0,0,,0,0,0,1,0,0,,0
157,0,1,2018-10-20 00:00:00,2018-10-28 23:59:59,100:230|150:231|200:232|1000:233|1001:230,draw_title_170407.png,-666|-126,draw_content_170407.jpg,0,0,2,0,0,267:1001,267,0,0,0,0,0,,0
158,0,1,2018-10-20 00:00:00,2018-10-28 23:59:59,150:234|200:235|250:236|300:237|1000:238|1001:234,draw_title_170407.png,-666|-126,draw_content_170407.jpg,0,0,2,0,0,268:1001,268,0,0,0,0,0,,0
159,0,1,2018-10-20 00:00:00,2018-10-28 23:59:59,150:239|200:240|250:241|300:242|1000:243|1001:239,draw_title_170407.png,-666|-126,draw_content_170407.jpg,0,0,2,0,0,269:1001,269,0,0,0,0,0,,0
160,0,1,2018-10-20 00:00:00,2018-10-28 23:59:59,150:244|200:245|250:246|300:247|1000:248|1001:244,draw_title_170407.png,-666|-126,draw_content_170407.jpg,0,0,2,0,0,270:1001,270,0,0,0,0,0,,0
161,0,1,2018-10-20 00:00:00,2018-10-28 23:59:59,150:249|200:250|250:251|300:252|1000:253|1001:249,draw_title_170407.png,-666|-126,draw_content_170407.jpg,0,0,2,0,0,271:1001,271,0,0,0,0,0,,0
162,0,1,2018-10-20 00:00:00,2018-10-28 23:59:59,150:254|200:255|250:256|300:257|1000:258|1001:254,draw_title_170407.png,-666|-126,draw_content_170407.jpg,0,0,2,0,0,272:1001,272,0,0,0,0,0,,0
168,0,1,2018-10-22 00:00:00,2018-11-12 23:59:59,1:284|2:285,0,0,0,0,0,0,1,0,,0,0,0,0,0,0,,0
169,0,1,2018-10-22 00:00:00,2018-11-12 23:59:59,1:284|2:285,0,0,0,0,0,0,1,0,,0,0,0,0,0,0,,0
170,0,1,2018-10-22 00:00:00,2018-11-12 23:59:59,1:284|2:285,0,0,0,0,0,0,1,0,,0,0,0,0,0,0,,0
171,0,1,2018-10-22 00:00:00,2018-11-12 23:59:59,1:284|2:285,0,0,0,0,0,0,1,0,,0,0,0,0,0,0,,0
172,0,1,2018-10-22 00:00:00,2018-11-12 23:59:59,1:284|2:285,0,0,0,0,0,0,1,0,,0,0,0,0,0,0,,0
173,0,1,2018-10-22 00:00:00,2018-11-12 23:59:59,1:284|2:285,0,0,0,0,0,0,1,0,,0,0,0,0,0,0,,0
174,0,1,2018-12-04 00:00:00,2018-12-27 10:00:00,3:288|4:289,0,0,0,0,0,0,1,0,,0,0,0,0,0,0,,0
175,0,1,2018-12-04 00:00:00,2018-12-27 10:00:00,3:288|4:289,0,0,0,0,0,0,1,0,,0,0,0,0,0,0,,0
176,0,1,2018-12-04 00:00:00,2018-12-27 10:00:00,2:288|3:289,0,0,0,0,0,0,1,0,,0,0,0,0,0,0,,0
177,0,1,2018-12-04 00:00:00,2018-12-27 10:00:00,2:288|3:289,0,0,0,0,0,0,1,0,,0,0,0,0,0,0,,0
178,100016,1,2018-12-04 00:00:00,2019-01-03 23:59:59,98:101|99:102|500:101,dGl0MTcwNjE2_draw_title_170616.png,-630|-320,MTcwNjE5Mw_draw_content_170619_3.jpg,0,0,1,0,0,,0,0,0,1,0,0,,0
179,0,1,2018-12-19 11:00:00,2019-01-10 10:00:00,1:290|2:291,0,0,0,0,0,0,1,0,,0,0,0,0,0,0,,0
180,0,1,2018-12-19 11:00:00,2019-01-10 10:00:00,1:290|2:291,0,0,0,0,0,0,1,0,,0,0,0,0,0,0,,0
181,0,1,2018-12-19 11:00:00,2019-01-10 10:00:00,1:290|2:291,0,0,0,0,0,0,1,0,,0,0,0,0,0,0,,0
182,0,1,2018-12-19 11:00:00,2019-01-10 10:00:00,1:290|2:291,0,0,0,0,0,0,1,0,,0,0,0,0,0,0,,0
183,0,1,2018-12-19 11:00:00,2019-01-10 10:00:00,1:290|2:291,0,0,0,0,0,0,1,0,,0,0,0,0,0,0,,0
184,0,1,2018-12-19 11:00:00,2019-01-10 10:00:00,1:290|2:291,0,0,0,0,0,0,1,0,,0,0,0,0,0,0,,0
185,0,1,2019-01-02 00:00:00,2019-01-14 23:59:59,100:121|150:122|200:123|1000:124|1001:121,draw_title_170407.png,-666|-126,draw_content_170407.jpg,0,0,2,0,0,90:1001,90,0,0,0,0,0,,0
186,0,1,2019-01-02 00:00:00,2019-01-14 23:59:59,100:54|150:55|200:56|1000:57|1001:54,draw_title_170407.png,-666|-126,draw_content_170407.jpg,0,0,2,0,0,601:1001,601,0,0,0,0,0,,0
187,0,1,2019-01-02 00:00:00,2019-01-14 23:59:59,100:50|150:51|200:52|1000:53|1001:50,draw_title_170407.png,-666|-126,draw_content_170407.jpg,0,0,2,0,0,600:1001,600,0,0,0,0,0,,0
188,0,1,2019-01-02 00:00:00,2019-01-14 23:59:59,150:148|200:149|250:150|300:151|1000:152|1001:148,draw_title_170407.png,-666|-126,draw_content_170407.jpg,0,0,2,0,0,96:1001,96,0,0,0,0,0,,0
189,0,1,2019-01-02 00:00:00,2019-01-14 23:59:59,150:292|200:293|250:294|300:295|1000:296|1001:292,draw_title_170407.png,-666|-126,draw_content_170407.jpg,0,0,2,0,0,851:1001,851,0,0,0,0,0,,0
190,0,1,2019-01-02 00:00:00,2019-01-14 23:59:59,150:67|200:68|250:69|300:70|1000:71|1001:67,draw_title_170407.png,-666|-126,draw_content_170407.jpg,0,0,2,0,0,604:1001,604,0,0,0,0,0,,0
191,9001,1,2020-07-07 00:00:00,2020-08-10 23:59:59,249:305|250:306|499:305|500:307|749:305|750:308|776:305|777:309|999:305|1000:310|3000:305,cfc394e283da29d2_draw_200701194120.png,340|-195,2116cda6cc57b457_draw_200703184858.jpg,0,0,1,0,0,,0,0,0,1,0,0,,0
192,0,1,2020-07-07 00:00:00,2020-08-03 23:59:59,10:299|11:304,0,0,0,0,0,0,1,0,,0,0,0,0,0,0,,0
193,0,1,2020-07-07 00:00:00,2020-08-03 23:59:59,8:300|9:304,0,0,0,0,0,0,1,0,,0,0,0,0,0,0,,0
194,0,1,2020-07-07 00:00:00,2020-08-03 23:59:59,6:301|7:304,0,0,0,0,0,0,1,0,,0,0,0,0,0,0,,0
195,0,1,2020-07-07 00:00:00,2020-08-03 23:59:59,5:302|6:304,0,0,0,0,0,0,1,0,,0,0,0,0,0,0,,0
196,0,1,2020-07-07 00:00:00,2020-08-03 23:59:59,4:303|5:304,0,0,0,0,0,0,1,0,,0,0,0,0,0,0,,0
197,0,1,2019-02-25 00:00:00,2019-03-03 23:59:59,100:58|150:59|200:60|1000:61|1001:58,draw_title_170407.png,-666|-126,draw_content_170407.jpg,0,0,2,0,0,602:1001,602,0,0,0,0,0,,0
198,0,1,2019-02-25 00:00:00,2019-03-03 23:59:59,100:311|150:312|200:313|1000:314|1001:311,draw_title_170407.png,-666|-126,draw_content_170407.jpg,0,0,2,0,0,40075:1001,40075,0,0,0,0,0,,0
199,0,1,2019-02-25 00:00:00,2019-03-03 23:59:59,100:315|150:316|200:317|1000:318|1001:315,draw_title_170407.png,-666|-126,draw_content_170407.jpg,0,0,2,0,0,40076:1001,40076,0,0,0,0,0,,0
200,0,1,2019-02-25 00:00:00,2019-03-03 23:59:59,150:249|200:250|250:251|300:252|1000:253|1001:249,draw_title_170407.png,-666|-126,draw_content_170407.jpg,0,0,2,0,0,271:1001,271,0,0,0,0,0,,0
201,0,1,2019-02-25 00:00:00,2019-03-03 23:59:59,150:319|200:320|250:321|300:322|1000:323|1001:319,draw_title_170407.png,-666|-126,draw_content_170407.jpg,0,0,2,0,0,40077:1001,40077,0,0,0,0,0,,0
202,0,1,2019-02-25 00:00:00,2019-03-03 23:59:59,150:324|200:325|250:326|300:327|1000:328|1001:324,draw_title_170407.png,-666|-126,draw_content_170407.jpg,0,0,2,0,0,40078:1001,40078,0,0,0,0,0,,0
203,0,1,2019-03-05 00:00:00,2019-03-25 23:59:59,1:329|2:330,0,0,0,0,0,0,1,0,,0,0,0,0,0,0,,0
204,0,1,2019-03-05 00:00:00,2019-03-25 23:59:59,1:329|2:330,0,0,0,0,0,0,1,0,,0,0,0,0,0,0,,0
205,0,1,2019-03-05 00:00:00,2019-03-25 23:59:59,1:329|2:330,0,0,0,0,0,0,1,0,,0,0,0,0,0,0,,0
206,0,1,2019-03-05 00:00:00,2019-03-25 23:59:59,1:329|2:330,0,0,0,0,0,0,1,0,,0,0,0,0,0,0,,0
207,0,1,2019-03-05 00:00:00,2019-03-25 23:59:59,1:329|2:330,0,0,0,0,0,0,1,0,,0,0,0,0,0,0,,0
208,0,1,2019-03-05 00:00:00,2019-03-25 23:59:59,1:329|2:330,0,0,0,0,0,0,1,0,,0,0,0,0,0,0,,0
209,0,1,2019-05-04 00:00:00,2019-05-12 23:59:59,100:230|150:231|200:232|1000:233|1001:230,draw_title_170407.png,-666|-126,draw_content_170407.jpg,0,0,2,0,0,267:1001,267,0,0,0,0,0,,0
210,0,1,2019-05-04 00:00:00,2019-05-12 23:59:59,100:331|150:332|200:333|1000:334|1001:331,draw_title_170407.png,-666|-126,draw_content_170407.jpg,0,0,2,0,0,40080:1001,40080,0,0,0,0,0,,0
211,0,1,2019-05-04 00:00:00,2019-05-12 23:59:59,150:335|200:336|250:337|300:338|1000:339|1001:335,draw_title_170407.png,-666|-126,draw_content_170407.jpg,0,0,2,0,0,40079:1001,40079,0,0,0,0,0,,0
212,0,1,2019-05-04 00:00:00,2019-05-12 23:59:59,150:340|200:341|250:342|300:343|1000:344|1001:340,draw_title_170407.png,-666|-126,draw_content_170407.jpg,0,0,2,0,0,40003:1001,40003,0,0,0,0,0,,0
213,0,1,2019-05-04 00:00:00,2019-05-12 23:59:59,150:239|200:240|250:241|300:242|1000:243|1001:239,draw_title_170407.png,-666|-126,draw_content_170407.jpg,0,0,2,0,0,269:1001,269,0,0,0,0,0,,0
214,0,1,2019-05-04 00:00:00,2019-05-12 23:59:59,150:254|200:255|250:256|300:257|1000:258|1001:254,draw_title_170407.png,-666|-126,draw_content_170407.jpg,0,0,2,0,0,272:1001,272,0,0,0,0,0,,0
215,100021,1,2021-05-08 00:00:00,2021-05-21 23:59:59,69:345|70:346|71:347,2610859c44808527_draw_210429144859.png,391|-195,2047566c3014fecb_draw_210430162545.jpg,0,0,1,0,0,970:71|971:71|972:71|973:71|974:71,0,0,0,1,0,0,,0
216,100043,2,2022-05-03 00:00:00,2022-05-30 23:59:59,100:348,6b9fab512f4ca396_draw_210429145322.png,-568|-100,40a5b36f490e7fba_draw_210507150116.jpg,0,0,1,0,0,,0,1,1,0,0,0,,0
217,0,1,2019-08-05 00:00:00,2019-08-26 23:59:59,10:349|11:354,0,0,0,0,0,0,1,0,,0,0,0,0,0,0,,0
218,0,1,2019-08-05 00:00:00,2019-08-26 23:59:59,8:350|9:354,0,0,0,0,0,0,1,0,,0,0,0,0,0,0,,0
219,0,1,2019-08-05 00:00:00,2019-08-26 23:59:59,6:351|7:354,0,0,0,0,0,0,1,0,,0,0,0,0,0,0,,0
220,0,1,2019-08-05 00:00:00,2019-08-26 23:59:59,5:352|6:354,0,0,0,0,0,0,1,0,,0,0,0,0,0,0,,0
221,0,1,2019-08-05 00:00:00,2019-08-26 23:59:59,4:353|5:354,0,0,0,0,0,0,1,0,,0,0,0,0,0,0,,0
222,0,1,2019-07-10 00:00:00,2019-08-05 23:59:59,1:20010|2:20011,0,0,0,0,0,0,1,0,,0,0,0,0,0,0,,0
223,0,1,2019-07-10 00:00:00,2019-08-05 23:59:59,1:20010|2:20011,0,0,0,0,0,0,1,0,,0,0,0,0,0,0,,0
224,0,1,2019-07-10 00:00:00,2019-08-05 23:59:59,1:20010|2:20011,0,0,0,0,0,0,1,0,,0,0,0,0,0,0,,0
225,0,1,2019-07-10 00:00:00,2019-08-05 23:59:59,1:20010|2:20011,0,0,0,0,0,0,1,0,,0,0,0,0,0,0,,0
226,0,1,2019-07-10 00:00:00,2019-08-05 23:59:59,1:20010|2:20011,0,0,0,0,0,0,1,0,,0,0,0,0,0,0,,0
227,0,1,2019-07-10 00:00:00,2019-08-05 23:59:59,1:20010|2:20011,0,0,0,0,0,0,1,0,,0,0,0,0,0,0,,0
228,0,1,2019-08-07 00:00:00,2019-09-05 23:59:59,10:357|11:362,0,0,0,0,0,0,1,0,,0,0,0,0,0,0,,0
229,0,1,2019-08-07 00:00:00,2019-09-05 23:59:59,8:358|9:362,0,0,0,0,0,0,1,0,,0,0,0,0,0,0,,0
230,0,1,2019-08-07 00:00:00,2019-09-05 23:59:59,6:359|7:362,0,0,0,0,0,0,1,0,,0,0,0,0,0,0,,0
231,0,1,2019-08-07 00:00:00,2019-09-05 23:59:59,5:360|6:362,0,0,0,0,0,0,1,0,,0,0,0,0,0,0,,0
232,0,1,2019-08-07 00:00:00,2019-09-05 23:59:59,4:361|5:362,0,0,0,0,0,0,1,0,,0,0,0,0,0,0,,0
233,9003,1,2020-11-20 00:00:00,2020-12-28 23:59:59,249:363|250:364|499:363|500:365|749:363|750:366|776:363|777:368|999:363|1000:367|3000:363,a873097e081121ee_draw_201121163649.png,330|-195,ef4a105127b5c08c_draw_201121163649.jpg,0,0,1,0,0,,0,0,0,1,0,0,,0
234,0,1,2019-10-01 00:00:00,2019-10-07 23:59:59,150:234|200:235|250:236|300:237|1000:238|1001:234,draw_title_170407.png,-666|-126,draw_content_170407.jpg,0,0,2,0,0,268:1001,268,0,0,0,0,0,,0
235,0,1,2019-10-01 00:00:00,2019-10-07 23:59:59,150:369|200:370|250:371|300:372|1000:373|1001:369,draw_title_170407.png,-666|-126,draw_content_170407.jpg,0,0,2,0,0,259:1001,259,0,0,0,0,0,,0
236,0,1,2019-10-01 00:00:00,2019-10-07 23:59:59,150:215|200:216|250:217|300:218|1000:219|1001:215,draw_title_170407.png,-666|-126,draw_content_170407.jpg,0,0,2,0,0,514:1001,514,0,0,0,0,0,,0
237,0,1,2019-10-01 00:00:00,2019-10-07 23:59:59,150:374|200:375|250:376|300:377|1000:378|1001:374,draw_title_170407.png,-666|-126,draw_content_170407.jpg,0,0,2,0,0,526:1001,526,0,0,0,0,0,,0
238,0,1,2019-10-01 00:00:00,2019-10-07 23:59:59,150:210|200:211|250:212|300:213|1000:214|1001:210,draw_title_170407.png,-666|-126,draw_content_170407.jpg,0,0,2,0,0,513:1001,513,0,0,0,0,0,,0
239,0,1,2019-10-01 00:00:00,2019-10-07 23:59:59,150:244|200:245|250:246|300:247|1000:248|1001:244,draw_title_170407.png,-666|-126,draw_content_170407.jpg,0,0,2,0,0,270:1001,270,0,0,0,0,0,,0
240,100026,1,2019-10-19 00:00:00,2019-10-25 23:59:59,99:379|100:380|101:381,0d73a92ba8e7f082_draw_191012165258.png,330|-195,c875314e1340afa9_draw_191011160942.jpg,0,0,1,0,0,528:101,0,0,0,1,0,0,,0
241,0,1,2019-10-17 00:00:00,2019-11-11 23:59:59,6:382|7:383,0,0,0,0,0,0,1,0,,0,0,0,0,0,0,,0
242,0,1,2019-12-11 00:00:00,2020-01-06 23:59:59,6:384|7:385,0,0,0,0,0,0,1,0,,0,0,0,0,0,0,,0
243,9004,1,2021-04-21 00:00:00,2021-05-31 23:59:59,249:386|250:387|499:386|500:388|749:386|750:389|776:386|777:390|999:386|1000:391|3000:386,f4eecd03b39799c1_draw_210425184143.png,317|-179,87000373b904b517_draw_210425184143.jpg,0,0,1,0,0,,0,0,0,1,0,0,,0
244,0,1,2021-04-21 00:00:00,2021-05-24 23:59:59,10:392|11:408,0,0,0,0,0,0,1,0,,0,0,0,0,0,0,,0
245,0,1,2021-04-21 00:00:00,2021-05-24 23:59:59,10:400|11:396,0,0,0,0,0,0,1,0,,0,0,0,0,0,0,,0
246,0,1,2021-04-21 00:00:00,2021-05-24 23:59:59,10:401|11:398,0,0,0,0,0,0,1,0,,0,0,0,0,0,0,,0
247,0,1,2021-04-21 00:00:00,2021-05-24 23:59:59,8:393|9:408,0,0,0,0,0,0,1,0,,0,0,0,0,0,0,,0
248,0,1,2021-04-21 00:00:00,2021-05-24 23:59:59,8:402|9:396,0,0,0,0,0,0,1,0,,0,0,0,0,0,0,,0
249,0,1,2021-04-21 00:00:00,2021-05-24 23:59:59,8:403|9:398,0,0,0,0,0,0,1,0,,0,0,0,0,0,0,,0
250,0,1,2021-04-21 00:00:00,2021-05-24 23:59:59,6:394|7:408,0,0,0,0,0,0,1,0,,0,0,0,0,0,0,,0
251,0,1,2021-04-21 00:00:00,2021-05-24 23:59:59,6:404|7:397,0,0,0,0,0,0,1,0,,0,0,0,0,0,0,,0
252,0,1,2021-04-21 00:00:00,2021-05-24 23:59:59,6:405|7:399,0,0,0,0,0,0,1,0,,0,0,0,0,0,0,,0
253,0,1,2021-04-21 00:00:00,2021-05-24 23:59:59,5:395|6:408,0,0,0,0,0,0,1,0,,0,0,0,0,0,0,,0
254,0,1,2021-04-21 00:00:00,2021-05-24 23:59:59,5:406|6:397,0,0,0,0,0,0,1,0,,0,0,0,0,0,0,,0
255,0,1,2021-04-21 00:00:00,2021-05-24 23:59:59,5:407|6:399,0,0,0,0,0,0,1,0,,0,0,0,0,0,0,,0
256,0,1,2021-04-21 00:00:00,2021-05-24 23:59:59,1000:396,0,0,0,0,0,0,1,0,,0,0,0,0,0,0,,0
257,0,1,2021-04-21 00:00:00,2021-05-24 23:59:59,1000:397,0,0,0,0,0,0,1,0,,0,0,0,0,0,0,,0
258,0,1,2021-04-21 00:00:00,2021-05-24 23:59:59,1000:398,0,0,0,0,0,0,1,0,,0,0,0,0,0,0,,0
259,0,1,2021-04-21 00:00:00,2021-05-24 23:59:59,1000:399,0,0,0,0,0,0,1,0,,0,0,0,0,0,0,,0
260,0,1,2021-04-21 00:00:00,2021-05-24 23:59:59,6:409|7:396,0,0,0,0,0,0,1,0,,0,0,0,0,0,0,,0
261,0,1,2021-04-21 00:00:00,2021-05-24 23:59:59,6:410|7:398,0,0,0,0,0,0,1,0,,0,0,0,0,0,0,,0
262,0,1,2020-03-18 00:00:00,2020-04-13 23:59:59,6:411|7:413,0,0,0,0,0,0,1,0,,0,0,0,0,0,0,,0
263,0,1,2020-03-18 00:00:00,2020-04-13 23:59:59,6:412|7:414,0,0,0,0,0,0,1,0,,0,0,0,0,0,0,,0
264,0,1,2020-03-18 00:00:00,2020-04-13 23:59:59,6:415|7:416,0,0,0,0,0,0,1,0,,0,0,0,0,0,0,,0
265,0,1,2020-03-18 00:00:00,2020-04-13 23:59:59,1000:413,0,0,0,0,0,0,1,0,,0,0,0,0,0,0,,0
266,0,1,2020-03-18 00:00:00,2020-04-13 23:59:59,1000:414,0,0,0,0,0,0,1,0,,0,0,0,0,0,0,,0
284,0,1,2020-08-11 00:00:00,2020-08-31 23:59:59,6:464|7:466,0,0,0,0,0,0,1,0,,0,0,0,0,0,0,,0
285,0,1,2020-08-11 00:00:00,2020-08-31 23:59:59,6:465|7:467,0,0,0,0,0,0,1,0,,0,0,0,0,0,0,,0
286,0,1,2020-08-11 00:00:00,2020-08-31 23:59:59,6:468|7:469,0,0,0,0,0,0,1,0,,0,0,0,0,0,0,,0
287,0,1,2020-08-11 00:00:00,2020-08-31 23:59:59,1000:466,0,0,0,0,0,0,1,0,,0,0,0,0,0,0,,0
288,0,1,2020-08-11 00:00:00,2020-08-31 23:59:59,1000:467,0,0,0,0,0,0,1,0,,0,0,0,0,0,0,,0
289,0,1,2020-10-09 00:00:00,2020-11-02 23:59:59,10:470|11:484,0,0,0,0,0,0,1,0,,0,0,0,0,0,0,,0
290,0,1,2020-10-09 00:00:00,2020-11-02 23:59:59,10:478|11:474,0,0,0,0,0,0,1,0,,0,0,0,0,0,0,,0
291,0,1,2020-10-09 00:00:00,2020-11-02 23:59:59,10:479|11:476,0,0,0,0,0,0,1,0,,0,0,0,0,0,0,,0
292,0,1,2020-10-09 00:00:00,2020-11-02 23:59:59,8:471|9:484,0,0,0,0,0,0,1,0,,0,0,0,0,0,0,,0
293,0,1,2020-10-09 00:00:00,2020-11-02 23:59:59,8:480|9:476,0,0,0,0,0,0,1,0,,0,0,0,0,0,0,,0
294,0,1,2020-10-09 00:00:00,2020-11-02 23:59:59,6:472|7:484,0,0,0,0,0,0,1,0,,0,0,0,0,0,0,,0
295,0,1,2020-10-09 00:00:00,2020-11-02 23:59:59,6:481|7:475,0,0,0,0,0,0,1,0,,0,0,0,0,0,0,,0
296,0,1,2020-10-09 00:00:00,2020-11-02 23:59:59,6:482|7:477,0,0,0,0,0,0,1,0,,0,0,0,0,0,0,,0
297,0,1,2020-10-09 00:00:00,2020-11-02 23:59:59,5:473|6:484,0,0,0,0,0,0,1,0,,0,0,0,0,0,0,,0
298,0,1,2020-10-09 00:00:00,2020-11-02 23:59:59,5:483|6:477,0,0,0,0,0,0,1,0,,0,0,0,0,0,0,,0
299,0,1,2020-10-09 00:00:00,2020-11-02 23:59:59,1000:474,0,0,0,0,0,0,1,0,,0,0,0,0,0,0,,0
300,0,1,2020-10-09 00:00:00,2020-11-02 23:59:59,1000:475,0,0,0,0,0,0,1,0,,0,0,0,0,0,0,,0
301,0,1,2020-10-09 00:00:00,2020-11-02 23:59:59,1000:476,0,0,0,0,0,0,1,0,,0,0,0,0,0,0,,0
302,0,1,2020-10-09 00:00:00,2020-11-02 23:59:59,1000:477,0,0,0,0,0,0,1,0,,0,0,0,0,0,0,,0
303,0,1,2022-01-18 00:00:00,2022-02-21 23:59:59,10:485|11:495,0,0,0,0,0,0,1,0,,0,0,0,0,0,0,,0
304,0,1,2022-01-18 00:00:00,2022-02-21 23:59:59,10:486|11:494,0,0,0,0,0,0,1,0,,0,0,0,0,0,0,,0
305,0,1,2022-01-18 00:00:00,2022-02-21 23:59:59,8:487|9:496,0,0,0,0,0,0,1,0,,0,0,0,0,0,0,,0
306,0,1,2022-01-18 00:00:00,2022-02-21 23:59:59,8:488|9:494,0,0,0,0,0,0,1,0,,0,0,0,0,0,0,,0
307,0,1,2022-01-18 00:00:00,2022-02-21 23:59:59,6:489|7:497,0,0,0,0,0,0,1,0,,0,0,0,0,0,0,,0
308,0,1,2022-01-18 00:00:00,2022-02-21 23:59:59,6:490|7:496,0,0,0,0,0,0,1,0,,0,0,0,0,0,0,,0
309,0,1,2022-01-18 00:00:00,2022-02-21 23:59:59,6:491|7:494,0,0,0,0,0,0,1,0,,0,0,0,0,0,0,,0
310,0,1,2022-01-18 00:00:00,2022-02-21 23:59:59,5:492|6:498,0,0,0,0,0,0,1,0,,0,0,0,0,0,0,,0
311,0,1,2022-01-18 00:00:00,2022-02-21 23:59:59,5:499|6:494,0,0,0,0,0,0,1,0,,0,0,0,0,0,0,,0
312,0,1,2022-01-18 00:00:00,2022-02-21 23:59:59,4:493|5:498,0,0,0,0,0,0,1,0,,0,0,0,0,0,0,,0
313,0,1,2022-01-18 00:00:00,2022-02-21 23:59:59,4:500|5:494,0,0,0,0,0,0,1,0,,0,0,0,0,0,0,,0
314,0,1,2022-01-18 00:00:00,2022-02-21 23:59:59,1000:495,0,0,0,0,0,0,1,0,,0,0,0,0,0,0,,0
315,0,1,2022-01-18 00:00:00,2022-02-21 23:59:59,1000:496,0,0,0,0,0,0,1,0,,0,0,0,0,0,0,,0
316,0,1,2022-01-18 00:00:00,2022-02-21 23:59:59,1000:497,0,0,0,0,0,0,1,0,,0,0,0,0,0,0,,0
317,0,1,2022-01-18 00:00:00,2022-02-21 23:59:59,1000:498,0,0,0,0,0,0,1,0,,0,0,0,0,0,0,,0
318,9005,1,2022-01-18 00:00:00,2022-02-28 23:59:59,249:501|250:502|499:501|500:503|749:501|750:504|776:501|777:505|999:501|1000:506|3000:501,45ee19427fda7dd1_draw_220120152308.png,326|-183,a04d1ec93c28b087_draw_220120152308.jpg,0,0,1,0,0,,0,0,0,1,0,0,,0
319,0,1,2022-01-18 00:00:00,2022-02-21 23:59:59,1:507|2:495,0,0,0,0,0,0,0,0,,0,0,0,0,0,0,,0
320,0,1,2022-01-18 00:00:00,2022-02-21 23:59:59,1:508|2:497,0,0,0,0,0,0,0,0,,0,0,0,0,0,0,,0
321,0,1,2022-01-18 00:00:00,2022-02-21 23:59:59,1:508|2:497,0,0,0,0,0,0,0,0,,0,0,0,0,0,0,,0
328,100062,1,2020-10-01 00:00:00,2020-10-15 23:59:59,99:537|100:538|101:539,c297614091ecde07_draw_200928170304.png,330|-195,a32992d18584e825_draw_200928170304.jpg,0,0,1,0,0,654:101,0,0,0,1,0,0,,0
329,0,1,2020-11-03 00:00:00,2020-11-23 23:59:59,6:542|7:544,0,0,0,0,0,0,1,0,,0,0,0,0,0,0,,0
330,0,1,2020-11-03 00:00:00,2020-11-23 23:59:59,6:543|7:545,0,0,0,0,0,0,1,0,,0,0,0,0,0,0,,0
331,0,1,2020-11-03 00:00:00,2020-11-23 23:59:59,6:540|7:541,0,0,0,0,0,0,1,0,,0,0,0,0,0,0,,0
332,0,1,2020-11-03 00:00:00,2020-11-23 23:59:59,1000:544,0,0,0,0,0,0,1,0,,0,0,0,0,0,0,,0
333,0,1,2020-11-03 00:00:00,2020-11-23 23:59:59,1000:545,0,0,0,0,0,0,1,0,,0,0,0,0,0,0,,0
334,0,1,2021-10-12 00:00:00,2021-11-01 23:59:59,6:546|7:552,0,0,0,0,0,0,1,0,,0,0,0,0,0,0,,0
335,0,1,2021-10-12 00:00:00,2021-11-01 23:59:59,6:547|7:553,0,0,0,0,0,0,1,0,,0,0,0,0,0,0,,0
336,0,1,2021-10-12 00:00:00,2021-11-01 23:59:59,6:548|7:556,0,0,0,0,0,0,1,0,,0,0,0,0,0,0,,0
337,0,1,2021-10-12 00:00:00,2021-11-01 23:59:59,4:549|5:554,0,0,0,0,0,0,1,0,,0,0,0,0,0,0,,0
338,0,1,2021-10-12 00:00:00,2021-11-01 23:59:59,4:550|5:555,0,0,0,0,0,0,1,0,,0,0,0,0,0,0,,0
339,0,1,2021-10-12 00:00:00,2021-11-01 23:59:59,4:551|5:556,0,0,0,0,0,0,1,0,,0,0,0,0,0,0,,0
340,0,1,2021-10-12 00:00:00,2021-11-01 23:59:59,1000:552,0,0,0,0,0,0,1,0,,0,0,0,0,0,0,,0
341,0,1,2021-10-12 00:00:00,2021-11-01 23:59:59,1000:553,0,0,0,0,0,0,1,0,,0,0,0,0,0,0,,0
342,0,1,2021-10-12 00:00:00,2021-11-01 23:59:59,1000:554,0,0,0,0,0,0,1,0,,0,0,0,0,0,0,,0
343,0,1,2021-10-12 00:00:00,2021-11-01 23:59:59,1000:555,0,0,0,0,0,0,1,0,,0,0,0,0,0,0,,0
344,0,1,2021-01-28 00:00:00,2021-03-01 23:59:59,10:563|11:569,0,0,0,0,0,0,1,0,,0,0,0,0,0,0,,0
345,0,1,2021-01-28 00:00:00,2021-03-01 23:59:59,10:557|11:562,0,0,0,0,0,0,1,0,,0,0,0,0,0,0,,0
346,0,1,2021-01-28 00:00:00,2021-03-01 23:59:59,8:564|9:570,0,0,0,0,0,0,1,0,,0,0,0,0,0,0,,0
347,0,1,2021-01-28 00:00:00,2021-03-01 23:59:59,8:558|9:562,0,0,0,0,0,0,1,0,,0,0,0,0,0,0,,0
348,0,1,2021-01-28 00:00:00,2021-03-01 23:59:59,6:565|7:570,0,0,0,0,0,0,1,0,,0,0,0,0,0,0,,0
349,0,1,2021-01-28 00:00:00,2021-03-01 23:59:59,6:559|7:562,0,0,0,0,0,0,1,0,,0,0,0,0,0,0,,0
350,0,1,2021-01-28 00:00:00,2021-03-01 23:59:59,6:566|7:571,0,0,0,0,0,0,1,0,,0,0,0,0,0,0,,0
351,0,1,2021-01-28 00:00:00,2021-03-01 23:59:59,5:567|6:572,0,0,0,0,0,0,1,0,,0,0,0,0,0,0,,0
352,0,1,2021-01-28 00:00:00,2021-03-01 23:59:59,5:560|6:562,0,0,0,0,0,0,1,0,,0,0,0,0,0,0,,0
353,0,1,2021-01-28 00:00:00,2021-03-01 23:59:59,4:568|5:572,0,0,0,0,0,0,1,0,,0,0,0,0,0,0,,0
354,0,1,2021-01-28 00:00:00,2021-03-01 23:59:59,4:561|5:562,0,0,0,0,0,0,1,0,,0,0,0,0,0,0,,0
355,0,1,2021-01-28 00:00:00,2021-03-01 23:59:59,1000:569,0,0,0,0,0,0,1,0,,0,0,0,0,0,0,,0
356,0,1,2021-01-28 00:00:00,2021-03-01 23:59:59,1000:570,0,0,0,0,0,0,1,0,,0,0,0,0,0,0,,0
357,0,1,2021-01-28 00:00:00,2021-03-01 23:59:59,1000:571,0,0,0,0,0,0,1,0,,0,0,0,0,0,0,,0
358,0,1,2021-01-28 00:00:00,2021-03-01 23:59:59,1000:572,0,0,0,0,0,0,1,0,,0,0,0,0,0,0,,0
359,0,1,2021-01-28 00:00:00,2021-03-01 23:59:59,19:573|20:575|21:570,0,0,0,0,0,0,1,0,693:21,0,0,0,0,0,0,,0
360,0,1,2021-01-28 00:00:00,2021-03-01 23:59:59,19:574|20:576|21:570,0,0,0,0,0,0,1,0,694:21,0,0,0,0,0,0,,0
361,0,1,2021-01-28 00:00:00,2021-03-01 23:59:59,1000:577,0,0,0,0,0,0,1,0,,0,0,0,0,0,0,,0
362,0,1,2021-01-28 00:00:00,2021-03-01 23:59:59,10:584|11:590,0,0,0,0,0,0,1,0,,0,0,0,0,0,0,,0
363,0,1,2021-01-28 00:00:00,2021-03-01 23:59:59,10:578|11:594,0,0,0,0,0,0,1,0,,0,0,0,0,0,0,,0
364,0,1,2021-01-28 00:00:00,2021-03-01 23:59:59,8:585|9:591,0,0,0,0,0,0,1,0,,0,0,0,0,0,0,,0
365,0,1,2021-01-28 00:00:00,2021-03-01 23:59:59,8:579|9:594,0,0,0,0,0,0,1,0,,0,0,0,0,0,0,,0
366,0,1,2021-01-28 00:00:00,2021-03-01 23:59:59,6:586|7:591,0,0,0,0,0,0,1,0,,0,0,0,0,0,0,,0
367,0,1,2021-01-28 00:00:00,2021-03-01 23:59:59,6:580|7:594,0,0,0,0,0,0,1,0,,0,0,0,0,0,0,,0
368,0,1,2021-01-28 00:00:00,2021-03-01 23:59:59,6:587|7:592,0,0,0,0,0,0,1,0,,0,0,0,0,0,0,,0
369,0,1,2021-01-28 00:00:00,2021-03-01 23:59:59,6:581|7:595,0,0,0,0,0,0,1,0,,0,0,0,0,0,0,,0
370,0,1,2021-01-28 00:00:00,2021-03-01 23:59:59,5:588|6:593,0,0,0,0,0,0,1,0,,0,0,0,0,0,0,,0
371,0,1,2021-01-28 00:00:00,2021-03-01 23:59:59,5:582|6:595,0,0,0,0,0,0,1,0,,0,0,0,0,0,0,,0
372,0,1,2021-01-28 00:00:00,2021-03-01 23:59:59,4:589|5:593,0,0,0,0,0,0,1,0,,0,0,0,0,0,0,,0
373,0,1,2021-01-28 00:00:00,2021-03-01 23:59:59,4:583|5:595,0,0,0,0,0,0,1,0,,0,0,0,0,0,0,,0
374,0,1,2020-12-21 00:00:00,2021-01-11 23:59:59,6:597|7:600,0,0,0,0,0,0,1,0,,0,0,0,0,0,0,,0
375,0,1,2020-12-21 00:00:00,2021-01-11 23:59:59,6:598|7:601,0,0,0,0,0,0,1,0,,0,0,0,0,0,0,,0
376,0,1,2020-12-21 00:00:00,2021-01-11 23:59:59,6:596|7:599,0,0,0,0,0,0,1,0,,0,0,0,0,0,0,,0
377,0,1,2020-12-21 00:00:00,2021-01-11 23:59:59,1000:600,0,0,0,0,0,0,1,0,,0,0,0,0,0,0,,0
378,0,1,2020-12-21 00:00:00,2021-01-11 23:59:59,1000:601,0,0,0,0,0,0,1,0,,0,0,0,0,0,0,,0
379,0,1,2022-07-18 00:00:00,2022-08-22 23:59:59,10:602|11:607,0,0,0,0,0,0,1,0,,0,0,0,0,0,0,,0
380,0,1,2022-07-18 00:00:00,2022-08-22 23:59:59,10:608|11:618,0,0,0,0,0,0,1,0,,0,0,0,0,0,0,,0
381,0,1,2022-07-18 00:00:00,2022-08-22 23:59:59,10:609|11:619,0,0,0,0,0,0,1,0,,0,0,0,0,0,0,,0
382,0,1,2022-07-18 00:00:00,2022-08-22 23:59:59,8:603|9:607,0,0,0,0,0,0,1,0,,0,0,0,0,0,0,,0
383,0,1,2022-07-18 00:00:00,2022-08-22 23:59:59,8:610|9:618,0,0,0,0,0,0,1,0,,0,0,0,0,0,0,,0
384,0,1,2022-07-18 00:00:00,2022-08-22 23:59:59,8:611|9:619,0,0,0,0,0,0,1,0,,0,0,0,0,0,0,,0
385,0,1,2022-07-18 00:00:00,2022-08-22 23:59:59,6:604|7:607,0,0,0,0,0,0,1,0,,0,0,0,0,0,0,,0
386,0,1,2022-07-18 00:00:00,2022-08-22 23:59:59,6:612|7:619,0,0,0,0,0,0,1,0,,0,0,0,0,0,0,,0
387,0,1,2022-07-18 00:00:00,2022-08-22 23:59:59,6:613|7:620,0,0,0,0,0,0,1,0,,0,0,0,0,0,0,,0
388,0,1,2022-07-18 00:00:00,2022-08-22 23:59:59,6:614|7:621,0,0,0,0,0,0,1,0,,0,0,0,0,0,0,,0
389,0,1,2022-07-18 00:00:00,2022-08-22 23:59:59,5:605|6:607,0,0,0,0,0,0,1,0,,0,0,0,0,0,0,,0
390,0,1,2022-07-18 00:00:00,2022-08-22 23:59:59,5:615|6:620,0,0,0,0,0,0,1,0,,0,0,0,0,0,0,,0
391,0,1,2022-07-18 00:00:00,2022-08-22 23:59:59,5:616|6:621,0,0,0,0,0,0,1,0,,0,0,0,0,0,0,,0
392,0,1,2022-07-18 00:00:00,2022-08-22 23:59:59,4:606|5:607,0,0,0,0,0,0,1,0,,0,0,0,0,0,0,,0
393,0,1,2022-07-18 00:00:00,2022-08-22 23:59:59,4:617|5:621,0,0,0,0,0,0,1,0,,0,0,0,0,0,0,,0
394,0,1,2022-07-18 00:00:00,2022-08-22 23:59:59,1000:618,0,0,0,0,0,0,1,0,,0,0,0,0,0,0,,0
395,0,1,2022-07-18 00:00:00,2022-08-22 23:59:59,1000:619,0,0,0,0,0,0,1,0,,0,0,0,0,0,0,,0
396,0,1,2022-07-18 00:00:00,2022-08-22 23:59:59,1000:620,0,0,0,0,0,0,1,0,,0,0,0,0,0,0,,0
397,0,1,2022-07-18 00:00:00,2022-08-22 23:59:59,1000:621,0,0,0,0,0,0,1,0,,0,0,0,0,0,0,,0
398,100077,1,2022-07-18 00:00:00,2022-08-29 23:59:59,249:622|250:623|499:622|500:624|749:622|750:625|776:622|777:626|999:622|1000:627|3000:622,4a76118393a72a9f_draw_220721121127.png,320.7|-185.2,2888b8fe0addab4a_draw_220721121128.jpg,0,0,1,0,0,,0,0,0,1,0,0,,0
399,0,1,2022-07-18 00:00:00,2022-08-22 23:59:59,1:628|2:629,0,0,0,0,0,0,1,0,,0,0,0,0,0,0,,0
400,0,1,2022-03-01 00:00:00,2022-03-14 23:59:59,6:630|7:632,0,0,0,0,0,0,1,0,,0,0,0,0,0,0,,0
401,0,1,2022-03-01 00:00:00,2022-03-14 23:59:59,6:631|7:633,0,0,0,0,0,0,1,0,,0,0,0,0,0,0,,0
402,0,1,2022-03-01 00:00:00,2022-03-14 23:59:59,6:634|7:635,0,0,0,0,0,0,1,0,,0,0,0,0,0,0,,0
403,0,1,2022-03-01 00:00:00,2022-03-14 23:59:59,1000:632,0,0,0,0,0,0,1,0,,0,0,0,0,0,0,,0
404,0,1,2022-03-01 00:00:00,2022-03-14 23:59:59,1000:633,0,0,0,0,0,0,1,0,,0,0,0,0,0,0,,0
405,0,1,2021-06-06 00:00:00,2021-06-14 23:59:59,100:636|150:637|200:638|1000:639|1001:636,draw_title_170407.png,-666|-126,draw_content_170407.jpg,0,0,2,0,0,1182:1001,1182,0,0,0,0,0,,0
406,0,1,2021-06-06 00:00:00,2021-06-14 23:59:59,150:640|200:641|250:642|300:643|1000:644|1001:640,draw_title_170407.png,-666|-126,draw_content_170407.jpg,0,0,2,0,0,1183:1001,1183,0,0,0,0,0,,0
407,0,1,2021-06-06 00:00:00,2021-06-14 23:59:59,150:645|200:646|250:647|300:648|1000:649|1001:645,draw_title_170407.png,-666|-126,draw_content_170407.jpg,0,0,2,0,0,1184:1001,1184,0,0,0,0,0,,0
408,0,1,2021-06-06 00:00:00,2021-06-14 23:59:59,150:650|200:651|250:652|300:653|1000:654|1001:650,draw_title_170407.png,-666|-126,draw_content_170407.jpg,0,0,2,0,0,1185:1001,1185,0,0,0,0,0,,0
409,0,1,2021-06-06 00:00:00,2021-06-14 23:59:59,150:655|200:656|250:657|300:658|1000:659|1001:655,draw_title_170407.png,-666|-126,draw_content_170407.jpg,0,0,2,0,0,1186:1001,1186,0,0,0,0,0,,0
410,0,1,2021-06-06 00:00:00,2021-06-14 23:59:59,150:660|200:661|250:662|300:663|1000:664|1001:660,draw_title_170407.png,-666|-126,draw_content_170407.jpg,0,0,2,0,0,1187:1001,1187,0,0,0,0,0,,0
413,0,1,2022-06-07 00:00:00,2022-06-20 23:59:59,4:676|5:678,0,0,0,0,0,0,1,0,,0,0,0,0,0,0,,0
414,0,1,2022-06-07 00:00:00,2022-06-20 23:59:59,4:677|5:679,0,0,0,0,0,0,1,0,,0,0,0,0,0,0,,0
415,0,1,2022-06-07 00:00:00,2022-06-20 23:59:59,4:680|5:681,0,0,0,0,0,0,1,0,,0,0,0,0,0,0,,0
416,0,1,2022-06-07 00:00:00,2022-06-20 23:59:59,1000:678,0,0,0,0,0,0,1,0,,0,0,0,0,0,0,,0
417,0,1,2022-06-07 00:00:00,2022-06-20 23:59:59,1000:679,0,0,0,0,0,0,1,0,,0,0,0,0,0,0,,0
418,0,1,2022-07-05 00:00:00,2022-07-25 23:59:59,6:682|7:684,0,0,0,0,0,0,1,0,,0,0,0,0,0,0,,0
419,0,1,2022-07-05 00:00:00,2022-07-25 23:59:59,4:683|5:685,0,0,0,0,0,0,1,0,,0,0,0,0,0,0,,0
420,0,1,2022-07-05 00:00:00,2022-07-25 23:59:59,6:686|7:688,0,0,0,0,0,0,1,0,,0,0,0,0,0,0,,0
421,0,1,2022-07-05 00:00:00,2022-07-25 23:59:59,4:687|5:688,0,0,0,0,0,0,1,0,,0,0,0,0,0,0,,0
424,0,1,2022-07-05 00:00:00,2022-07-25 23:59:59,1000:684,0,0,0,0,0,0,1,0,,0,0,0,0,0,0,,0
425,0,1,2022-07-05 00:00:00,2022-07-25 23:59:59,1000:685,0,0,0,0,0,0,1,0,,0,0,0,0,0,0,,0
426,0,1,2021-11-16 00:00:00,2021-12-06 23:59:59,10:689|11:705,0,0,0,0,0,0,1,0,,0,0,0,0,0,0,,0
427,0,1,2021-11-16 00:00:00,2021-12-06 23:59:59,10:690|11:706,0,0,0,0,0,0,1,0,,0,0,0,0,0,0,,0
428,0,1,2021-11-16 00:00:00,2021-12-06 23:59:59,10:699|11:704,0,0,0,0,0,0,1,0,,0,0,0,0,0,0,,0
429,0,1,2021-11-16 00:00:00,2021-12-06 23:59:59,8:691|9:706,0,0,0,0,0,0,1,0,,0,0,0,0,0,0,,0
430,0,1,2021-11-16 00:00:00,2021-12-06 23:59:59,8:700|9:704,0,0,0,0,0,0,1,0,,0,0,0,0,0,0,,0
431,0,1,2021-11-16 00:00:00,2021-12-06 23:59:59,6:692|7:706,0,0,0,0,0,0,1,0,,0,0,0,0,0,0,,0
432,0,1,2021-11-16 00:00:00,2021-12-06 23:59:59,6:693|7:707,0,0,0,0,0,0,1,0,,0,0,0,0,0,0,,0
433,0,1,2021-11-16 00:00:00,2021-12-06 23:59:59,6:694|7:708,0,0,0,0,0,0,1,0,,0,0,0,0,0,0,,0
434,0,1,2021-11-16 00:00:00,2021-12-06 23:59:59,6:701|7:704,0,0,0,0,0,0,1,0,,0,0,0,0,0,0,,0
435,0,1,2021-11-16 00:00:00,2021-12-06 23:59:59,6:697|7:705,0,0,0,0,0,0,1,0,,0,0,0,0,0,0,,0
436,0,1,2021-11-16 00:00:00,2021-12-06 23:59:59,5:695|6:708,0,0,0,0,0,0,1,0,,0,0,0,0,0,0,,0
437,0,1,2021-11-16 00:00:00,2021-12-06 23:59:59,5:702|6:704,0,0,0,0,0,0,1,0,,0,0,0,0,0,0,,0
438,0,1,2021-11-16 00:00:00,2021-12-06 23:59:59,4:696|5:708,0,0,0,0,0,0,1,0,,0,0,0,0,0,0,,0
439,0,1,2021-11-16 00:00:00,2021-12-06 23:59:59,4:698|5:706,0,0,0,0,0,0,1,0,,0,0,0,0,0,0,,0
440,0,1,2021-11-16 00:00:00,2021-12-06 23:59:59,4:703|5:704,0,0,0,0,0,0,1,0,,0,0,0,0,0,0,,0
441,0,1,2021-11-16 00:00:00,2021-12-06 23:59:59,1000:705,0,0,0,0,0,0,1,0,,0,0,0,0,0,0,,0
442,0,1,2021-11-16 00:00:00,2021-12-06 23:59:59,1000:706,0,0,0,0,0,0,1,0,,0,0,0,0,0,0,,0
443,0,1,2021-11-16 00:00:00,2021-12-06 23:59:59,1000:707,0,0,0,0,0,0,1,0,,0,0,0,0,0,0,,0
444,0,1,2021-11-16 00:00:00,2021-12-06 23:59:59,1000:708,0,0,0,0,0,0,1,0,,0,0,0,0,0,0,,0
445,0,1,2022-11-01 00:00:00,2022-11-28 23:59:59,10:709|11:727,0,0,0,0,0,0,1,0,,0,0,0,0,0,0,,0
446,0,1,2022-11-01 00:00:00,2022-11-28 23:59:59,10:710|11:728,0,0,0,0,0,0,1,0,,0,0,0,0,0,0,,0
447,0,1,2022-11-01 00:00:00,2022-11-28 23:59:59,10:721|11:726,0,0,0,0,0,0,1,0,,0,0,0,0,0,0,,0
448,0,1,2022-11-01 00:00:00,2022-11-28 23:59:59,8:711|9:727,0,0,0,0,0,0,1,0,,0,0,0,0,0,0,,0
449,0,1,2022-11-01 00:00:00,2022-11-28 23:59:59,8:712|9:728,0,0,0,0,0,0,1,0,,0,0,0,0,0,0,,0
450,0,1,2022-11-01 00:00:00,2022-11-28 23:59:59,8:722|9:726,0,0,0,0,0,0,1,0,,0,0,0,0,0,0,,0
451,0,1,2022-11-01 00:00:00,2022-11-28 23:59:59,6:713|7:727,0,0,0,0,0,0,1,0,,0,0,0,0,0,0,,0
452,0,1,2022-11-01 00:00:00,2022-11-28 23:59:59,6:714|7:728,0,0,0,0,0,0,1,0,,0,0,0,0,0,0,,0
453,0,1,2022-11-01 00:00:00,2022-11-28 23:59:59,6:715|7:729,0,0,0,0,0,0,1,0,,0,0,0,0,0,0,,0
454,0,1,2022-11-01 00:00:00,2022-11-28 23:59:59,6:716|7:730,0,0,0,0,0,0,1,0,,0,0,0,0,0,0,,0
455,0,1,2022-11-01 00:00:00,2022-11-28 23:59:59,6:723|7:726,0,0,0,0,0,0,1,0,,0,0,0,0,0,0,,0
456,0,1,2022-11-01 00:00:00,2022-11-28 23:59:59,5:717|6:729,0,0,0,0,0,0,1,0,,0,0,0,0,0,0,,0
457,0,1,2022-11-01 00:00:00,2022-11-28 23:59:59,5:718|6:730,0,0,0,0,0,0,1,0,,0,0,0,0,0,0,,0
458,0,1,2022-11-01 00:00:00,2022-11-28 23:59:59,5:724|6:726,0,0,0,0,0,0,1,0,,0,0,0,0,0,0,,0
459,0,1,2022-11-01 00:00:00,2022-11-28 23:59:59,4:719|5:729,0,0,0,0,0,0,1,0,,0,0,0,0,0,0,,0
460,0,1,2022-11-01 00:00:00,2022-11-28 23:59:59,4:720|5:730,0,0,0,0,0,0,1,0,,0,0,0,0,0,0,,0
461,0,1,2022-11-01 00:00:00,2022-11-28 23:59:59,4:725|5:726,0,0,0,0,0,0,1,0,,0,0,0,0,0,0,,0
462,0,1,2022-11-01 00:00:00,2022-11-28 23:59:59,1000:727,0,0,0,0,0,0,1,0,,0,0,0,0,0,0,,0
463,0,1,2022-11-01 00:00:00,2022-11-28 23:59:59,1000:728,0,0,0,0,0,0,1,0,,0,0,0,0,0,0,,0
464,0,1,2022-11-01 00:00:00,2022-11-28 23:59:59,1000:729,0,0,0,0,0,0,1,0,,0,0,0,0,0,0,,0
465,0,1,2022-11-01 00:00:00,2022-11-28 23:59:59,1000:730,0,0,0,0,0,0,1,0,,0,0,0,0,0,0,,0
466,100101,1,2022-11-01 00:00:00,2022-12-05 23:59:59,249:731|250:732|499:731|500:733|749:731|750:734|776:731|777:735|999:731|1000:736|3000:731,a63a59112be9d655_draw_221024153743.png,320.7|-185.2,b73a74925383e2bc_draw_221024153743.jpg,0,0,1,0,0,,0,0,0,1,0,0,,0
473,900039,1,2021-12-18 00:00:00,2022-01-08 23:59:59,99:764|100:765|101:766,f59110d056eb1f80_draw_211213153935.png,307.5|-184,68d2dc2dfc9515db_draw_211213154324.jpg,0,0,1,0,0,1303:101,0,0,0,1,0,0,,0
489,0,1,2022-04-20 00:00:00,2022-05-16 23:59:59,10:784,0,0,0,0,0,0,1,0,,0,0,0,0,0,0,,0
490,0,1,2022-04-20 00:00:00,2022-05-16 23:59:59,10:785,0,0,0,0,0,0,1,0,,0,0,0,0,0,0,,0
491,0,1,2022-04-20 00:00:00,2022-05-16 23:59:59,8:786,0,0,0,0,0,0,1,0,,0,0,0,0,0,0,,0
492,0,1,2022-04-20 00:00:00,2022-05-16 23:59:59,8:787,0,0,0,0,0,0,1,0,,0,0,0,0,0,0,,0
493,0,1,2022-04-20 00:00:00,2022-05-16 23:59:59,8:788,0,0,0,0,0,0,1,0,,0,0,0,0,0,0,,0
494,0,1,2022-04-20 00:00:00,2022-05-16 23:59:59,6:789,0,0,0,0,0,0,1,0,,0,0,0,0,0,0,,0
495,0,1,2022-04-20 00:00:00,2022-05-16 23:59:59,6:790,0,0,0,0,0,0,1,0,,0,0,0,0,0,0,,0
496,0,1,2022-04-20 00:00:00,2022-05-16 23:59:59,6:791,0,0,0,0,0,0,1,0,,0,0,0,0,0,0,,0
497,0,1,2022-04-20 00:00:00,2022-05-16 23:59:59,5:792,0,0,0,0,0,0,1,0,,0,0,0,0,0,0,,0
498,0,1,2022-04-20 00:00:00,2022-05-16 23:59:59,5:793,0,0,0,0,0,0,1,0,,0,0,0,0,0,0,,0
499,0,1,2022-04-20 00:00:00,2022-05-16 23:59:59,5:794,0,0,0,0,0,0,1,0,,0,0,0,0,0,0,,0
500,0,1,2022-04-20 00:00:00,2022-05-16 23:59:59,4:795,0,0,0,0,0,0,1,0,,0,0,0,0,0,0,,0
501,0,1,2022-04-20 00:00:00,2022-05-16 23:59:59,4:796,0,0,0,0,0,0,1,0,,0,0,0,0,0,0,,0
502,0,1,2022-04-20 00:00:00,2022-05-16 23:59:59,1000:797,0,0,0,0,0,0,1,0,,0,0,0,0,0,0,,0
503,0,1,2022-04-20 00:00:00,2022-05-16 23:59:59,1000:798,0,0,0,0,0,0,1,0,,0,0,0,0,0,0,,0
504,0,1,2022-04-20 00:00:00,2022-05-16 23:59:59,1000:799,0,0,0,0,0,0,1,0,,0,0,0,0,0,0,,0
505,0,1,2022-04-20 00:00:00,2022-05-16 23:59:59,1000:800,0,0,0,0,0,0,1,0,,0,0,0,0,0,0,,0
506,0,1,2021-12-14 00:00:00,2021-12-27 23:59:59,6:803|7:807,0,0,0,0,0,0,1,0,,0,0,0,0,0,0,,0
507,0,1,2021-12-14 00:00:00,2021-12-27 23:59:59,6:804|7:808,0,0,0,0,0,0,1,0,,0,0,0,0,0,0,,0
508,0,1,2021-12-14 00:00:00,2021-12-27 23:59:59,4:805|5:808,0,0,0,0,0,0,1,0,,0,0,0,0,0,0,,0
509,0,1,2021-12-14 00:00:00,2021-12-27 23:59:59,6:801|7:806,0,0,0,0,0,0,1,0,,0,0,0,0,0,0,,0
510,0,1,2021-12-14 00:00:00,2021-12-27 23:59:59,4:802|5:806,0,0,0,0,0,0,1,0,,0,0,0,0,0,0,,0
511,0,1,2021-12-14 00:00:00,2021-12-27 23:59:59,1000:807,0,0,0,0,0,0,1,0,,0,0,0,0,0,0,,0
512,0,1,2021-12-14 00:00:00,2021-12-27 23:59:59,1000:808,0,0,0,0,0,0,1,0,,0,0,0,0,0,0,,0
513,0,1,2023-12-06 00:00:00,2023-12-25 23:59:59,,0,0,0,0,0,0,1,0,,0,0,0,0,0,0,,0
514,0,1,2023-12-06 00:00:00,2023-12-25 23:59:59,,0,0,0,0,0,0,1,0,,0,0,0,0,0,0,,0
515,0,1,2023-12-06 00:00:00,2023-12-25 23:59:59,,0,0,0,0,0,0,1,0,,0,0,0,0,0,0,,0
516,0,1,2023-12-06 00:00:00,2023-12-25 23:59:59,,0,0,0,0,0,0,1,0,,0,0,0,0,0,0,,0
517,0,1,2023-12-06 00:00:00,2023-12-25 23:59:59,,0,0,0,0,0,0,1,0,,0,0,0,0,0,0,,0
518,0,1,2023-12-06 00:00:00,2023-12-25 23:59:59,,0,0,0,0,0,0,1,0,,0,0,0,0,0,0,,0
519,0,1,2023-12-06 00:00:00,2023-12-25 23:59:59,,0,0,0,0,0,0,1,0,,0,0,0,0,0,0,,0
520,0,1,2023-12-06 00:00:00,2023-12-25 23:59:59,,0,0,0,0,0,0,1,0,,0,0,0,0,0,0,,0
521,0,1,2023-01-15 00:00:00,2023-02-13 23:59:59,10:818|11:836,0,0,0,0,0,0,1,0,,0,0,0,0,0,0,,0
522,0,1,2023-01-15 00:00:00,2023-02-13 23:59:59,10:830|11:835,0,0,0,0,0,0,1,0,,0,0,0,0,0,0,,0
523,0,1,2023-01-15 00:00:00,2023-02-13 23:59:59,8:819|9:836,0,0,0,0,0,0,1,0,,0,0,0,0,0,0,,0
524,0,1,2023-01-15 00:00:00,2023-02-13 23:59:59,8:820|9:837,0,0,0,0,0,0,1,0,,0,0,0,0,0,0,,0
525,0,1,2023-01-15 00:00:00,2023-02-13 23:59:59,8:821|9:838,0,0,0,0,0,0,1,0,,0,0,0,0,0,0,,0
526,0,1,2023-01-15 00:00:00,2023-02-13 23:59:59,8:831|9:835,0,0,0,0,0,0,1,0,,0,0,0,0,0,0,,0
527,0,1,2023-01-15 00:00:00,2023-02-13 23:59:59,6:822|7:836,0,0,0,0,0,0,1,0,,0,0,0,0,0,0,,0
528,0,1,2023-01-15 00:00:00,2023-02-13 23:59:59,6:823|7:837,0,0,0,0,0,0,1,0,,0,0,0,0,0,0,,0
529,0,1,2023-01-15 00:00:00,2023-02-13 23:59:59,6:824|7:838,0,0,0,0,0,0,1,0,,0,0,0,0,0,0,,0
530,0,1,2023-01-15 00:00:00,2023-02-13 23:59:59,6:825|7:839,0,0,0,0,0,0,1,0,,0,0,0,0,0,0,,0
531,0,1,2023-01-15 00:00:00,2023-02-13 23:59:59,6:832|7:835,0,0,0,0,0,0,1,0,,0,0,0,0,0,0,,0
532,0,1,2023-01-15 00:00:00,2023-02-13 23:59:59,5:826|6:838,0,0,0,0,0,0,1,0,,0,0,0,0,0,0,,0
533,0,1,2023-01-15 00:00:00,2023-02-13 23:59:59,5:827|6:839,0,0,0,0,0,0,1,0,,0,0,0,0,0,0,,0
534,0,1,2023-01-15 00:00:00,2023-02-13 23:59:59,5:833|6:835,0,0,0,0,0,0,1,0,,0,0,0,0,0,0,,0
535,0,1,2023-01-15 00:00:00,2023-02-13 23:59:59,4:828|5:838,0,0,0,0,0,0,1,0,,0,0,0,0,0,0,,0
536,0,1,2023-01-15 00:00:00,2023-02-13 23:59:59,4:829|5:839,0,0,0,0,0,0,1,0,,0,0,0,0,0,0,,0
537,0,1,2023-01-15 00:00:00,2023-02-13 23:59:59,4:834|5:835,0,0,0,0,0,0,1,0,,0,0,0,0,0,0,,0
538,0,1,2023-01-15 00:00:00,2023-02-13 23:59:59,1000:836,0,0,0,0,0,0,1,0,,0,0,0,0,0,0,,0
539,0,1,2023-01-15 00:00:00,2023-02-13 23:59:59,1000:837,0,0,0,0,0,0,1,0,,0,0,0,0,0,0,,0
540,0,1,2023-01-15 00:00:00,2023-02-13 23:59:59,1000:838,0,0,0,0,0,0,1,0,,0,0,0,0,0,0,,0
541,0,1,2023-01-15 00:00:00,2023-02-13 23:59:59,1000:839,0,0,0,0,0,0,1,0,,0,0,0,0,0,0,,0
542,100126,1,2023-01-15 00:00:00,2023-02-20 23:59:59,249:840|250:841|499:840|500:842|749:840|750:843|776:840|777:844|999:840|1000:845|3000:840,e7082616b2722e72_draw_230112174628.png,320.7|-185.2,5addd5cd2c068cde_draw_230112174628.jpg,0,0,1,0,0,,0,0,0,1,0,0,,0
543,0,1,2023-01-15 00:00:00,2023-02-13 23:59:59,1:846|2:847,0,0,0,0,0,0,1,0,,0,0,0,0,0,0,,0
550,0,1,2023-03-08 00:00:00,2023-04-03 23:59:59,6:855|7:858,0,0,0,0,0,0,1,0,,0,0,0,0,0,0,,0
551,0,1,2023-03-08 00:00:00,2023-04-03 23:59:59,4:856|5:859,0,0,0,0,0,0,1,0,,0,0,0,0,0,0,,0
552,0,1,2023-03-08 00:00:00,2023-04-03 23:59:59,4:857|5:863,0,0,0,0,0,0,1,0,,0,0,0,0,0,0,,0
553,0,1,2023-03-08 00:00:00,2023-04-03 23:59:59,6:860|7:862,0,0,0,0,0,0,1,0,,0,0,0,0,0,0,,0
554,0,1,2023-03-08 00:00:00,2023-04-03 23:59:59,4:861|5:862,0,0,0,0,0,0,1,0,,0,0,0,0,0,0,,0
555,0,1,2023-03-08 00:00:00,2023-04-03 23:59:59,1000:858,0,0,0,0,0,0,1,0,,0,0,0,0,0,0,,0
556,0,1,2023-03-08 00:00:00,2023-04-03 23:59:59,1000:859,0,0,0,0,0,0,1,0,,0,0,0,0,0,0,,0
572,0,1,2023-07-18 00:00:00,2023-07-31 23:59:59,6:906|7:908,0,0,0,0,0,0,1,0,,0,0,0,0,0,0,,0
573,0,1,2023-07-18 00:00:00,2023-07-31 23:59:59,4:907|5:909,0,0,0,0,0,0,1,0,,0,0,0,0,0,0,,0
574,0,1,2023-07-18 00:00:00,2023-07-31 23:59:59,6:910|7:912,0,0,0,0,0,0,1,0,,0,0,0,0,0,0,,0
575,0,1,2023-07-18 00:00:00,2023-07-31 23:59:59,4:911|5:912,0,0,0,0,0,0,1,0,,0,0,0,0,0,0,,0
576,0,1,2023-07-18 00:00:00,2023-07-31 23:59:59,1000:908,0,0,0,0,0,0,1,0,,0,0,0,0,0,0,,0
577,0,1,2023-07-18 00:00:00,2023-07-31 23:59:59,1000:909,0,0,0,0,0,0,1,0,,0,0,0,0,0,0,,0
578,0,1,2023-08-29 00:00:00,2023-09-18 23:59:59,6:913,0,0,0,0,0,0,1,0,,0,0,0,0,0,0,,0
579,0,1,2023-08-29 00:00:00,2023-09-18 23:59:59,4:914,0,0,0,0,0,0,1,0,,0,0,0,0,0,0,,0
580,0,1,2023-08-29 00:00:00,2023-09-18 23:59:59,6:915,0,0,0,0,0,0,1,0,,0,0,0,0,0,0,,0
581,0,1,2023-08-29 00:00:00,2023-09-18 23:59:59,4:916,0,0,0,0,0,0,1,0,,0,0,0,0,0,0,,0
582,0,1,2023-08-29 00:00:00,2023-09-18 23:59:59,6:917,0,0,0,0,0,0,1,0,,0,0,0,0,0,0,,0
583,0,1,2023-08-29 00:00:00,2023-09-18 23:59:59,4:918,0,0,0,0,0,0,1,0,,0,0,0,0,0,0,,0
584,0,1,2023-08-29 00:00:00,2023-09-18 23:59:59,6:919,0,0,0,0,0,0,1,0,,0,0,0,0,0,0,,0
585,0,1,2023-08-29 00:00:00,2023-09-18 23:59:59,6:920,0,0,0,0,0,0,1,0,,0,0,0,0,0,0,,0
586,0,1,2023-08-29 00:00:00,2023-09-18 23:59:59,4:921,0,0,0,0,0,0,1,0,,0,0,0,0,0,0,,0
587,0,1,2023-08-29 00:00:00,2023-09-18 23:59:59,4:922,0,0,0,0,0,0,1,0,,0,0,0,0,0,0,,0
588,0,1,2023-08-29 00:00:00,2023-09-18 23:59:59,4:923,0,0,0,0,0,0,1,0,,0,0,0,0,0,0,,0
589,0,1,2023-08-29 00:00:00,2023-09-18 23:59:59,6:932,0,0,0,0,0,0,1,0,,0,0,0,0,0,0,,0
590,0,1,2023-08-29 00:00:00,2023-09-18 23:59:59,4:933,0,0,0,0,0,0,1,0,,0,0,0,0,0,0,,0
591,0,1,2023-08-29 00:00:00,2023-09-18 23:59:59,6:930,0,0,0,0,0,0,1,0,,0,0,0,0,0,0,,0
592,0,1,2023-08-29 00:00:00,2023-09-18 23:59:59,4:931,0,0,0,0,0,0,1,0,,0,0,0,0,0,0,,0
593,0,1,2023-08-29 00:00:00,2023-09-18 23:59:59,6:934,0,0,0,0,0,0,1,0,,0,0,0,0,0,0,,0
594,0,1,2023-08-29 00:00:00,2023-09-18 23:59:59,4:935,0,0,0,0,0,0,1,0,,0,0,0,0,0,0,,0
595,0,1,2023-08-29 00:00:00,2023-09-18 23:59:59,6:936,0,0,0,0,0,0,1,0,,0,0,0,0,0,0,,0
596,0,1,2023-08-29 00:00:00,2023-09-18 23:59:59,6:937,0,0,0,0,0,0,1,0,,0,0,0,0,0,0,,0
597,0,1,2023-08-29 00:00:00,2023-09-18 23:59:59,4:938,0,0,0,0,0,0,1,0,,0,0,0,0,0,0,,0
598,0,1,2023-08-29 00:00:00,2023-09-18 23:59:59,4:939,0,0,0,0,0,0,1,0,,0,0,0,0,0,0,,0
599,0,1,2023-08-29 00:00:00,2023-09-18 23:59:59,4:940,0,0,0,0,0,0,1,0,,0,0,0,0,0,0,,0
600,0,1,2023-08-29 00:00:00,2023-09-18 23:59:59,1000:924,0,0,0,0,0,0,1,0,,0,0,0,0,0,0,,0
601,0,1,2023-08-29 00:00:00,2023-09-18 23:59:59,1000:925,0,0,0,0,0,0,1,0,,0,0,0,0,0,0,,0
602,0,1,2023-08-29 00:00:00,2023-09-18 23:59:59,1000:926,0,0,0,0,0,0,1,0,,0,0,0,0,0,0,,0
603,0,1,2023-08-29 00:00:00,2023-09-18 23:59:59,1000:927,0,0,0,0,0,0,1,0,,0,0,0,0,0,0,,0
604,0,1,2023-08-29 00:00:00,2023-09-18 23:59:59,1000:928,0,0,0,0,0,0,1,0,,0,0,0,0,0,0,,0
605,0,1,2023-08-29 00:00:00,2023-09-18 23:59:59,1000:929,0,0,0,0,0,0,1,0,,0,0,0,0,0,0,,0
606,0,1,2023-08-29 00:00:00,2023-09-18 23:59:59,1000:941,0,0,0,0,0,0,1,0,,0,0,0,0,0,0,,0
607,0,1,2023-08-29 00:00:00,2023-09-18 23:59:59,1000:942,0,0,0,0,0,0,1,0,,0,0,0,0,0,0,,0
608,0,1,2023-08-29 00:00:00,2023-09-18 23:59:59,1000:943,0,0,0,0,0,0,1,0,,0,0,0,0,0,0,,0
609,0,1,2023-08-29 00:00:00,2023-09-18 23:59:59,1000:944,0,0,0,0,0,0,1,0,,0,0,0,0,0,0,,0
610,0,1,2023-08-01 00:00:00,2023-08-28 23:59:59,10:947,0,0,0,0,0,0,1,0,,0,0,0,0,0,0,,0
611,0,1,2023-08-01 00:00:00,2023-08-28 23:59:59,10:948,0,0,0,0,0,0,1,0,,0,0,0,0,0,0,,0
612,0,1,2023-08-01 00:00:00,2023-08-28 23:59:59,10:959,0,0,0,0,0,0,1,0,,0,0,0,0,0,0,,0
613,0,1,2023-08-01 00:00:00,2023-08-28 23:59:59,8:949,0,0,0,0,0,0,1,0,,0,0,0,0,0,0,,0
614,0,1,2023-08-01 00:00:00,2023-08-28 23:59:59,8:950,0,0,0,0,0,0,1,0,,0,0,0,0,0,0,,0
615,0,1,2023-08-01 00:00:00,2023-08-28 23:59:59,8:960,0,0,0,0,0,0,1,0,,0,0,0,0,0,0,,0
616,0,1,2023-08-01 00:00:00,2023-08-28 23:59:59,6:951,0,0,0,0,0,0,1,0,,0,0,0,0,0,0,,0
617,0,1,2023-08-01 00:00:00,2023-08-28 23:59:59,6:952,0,0,0,0,0,0,1,0,,0,0,0,0,0,0,,0
618,0,1,2023-08-01 00:00:00,2023-08-28 23:59:59,6:953,0,0,0,0,0,0,1,0,,0,0,0,0,0,0,,0
619,0,1,2023-08-01 00:00:00,2023-08-28 23:59:59,6:954,0,0,0,0,0,0,1,0,,0,0,0,0,0,0,,0
620,0,1,2023-08-01 00:00:00,2023-08-28 23:59:59,6:961,0,0,0,0,0,0,1,0,,0,0,0,0,0,0,,0
621,0,1,2023-08-01 00:00:00,2023-08-28 23:59:59,5:955,0,0,0,0,0,0,1,0,,0,0,0,0,0,0,,0
622,0,1,2023-08-01 00:00:00,2023-08-28 23:59:59,5:956,0,0,0,0,0,0,1,0,,0,0,0,0,0,0,,0
623,0,1,2023-08-01 00:00:00,2023-08-28 23:59:59,5:962,0,0,0,0,0,0,1,0,,0,0,0,0,0,0,,0
624,0,1,2023-08-01 00:00:00,2023-08-28 23:59:59,4:957,0,0,0,0,0,0,1,0,,0,0,0,0,0,0,,0
625,0,1,2023-08-01 00:00:00,2023-08-28 23:59:59,4:958,0,0,0,0,0,0,1,0,,0,0,0,0,0,0,,0
626,0,1,2023-08-01 00:00:00,2023-08-28 23:59:59,4:963,0,0,0,0,0,0,1,0,,0,0,0,0,0,0,,0
627,0,1,2023-08-01 00:00:00,2023-08-28 23:59:59,1000:964,0,0,0,0,0,0,1,0,,0,0,0,0,0,0,,0
628,0,1,2023-08-01 00:00:00,2023-08-28 23:59:59,1000:965,0,0,0,0,0,0,1,0,,0,0,0,0,0,0,,0
629,0,1,2023-08-01 00:00:00,2023-08-28 23:59:59,1000:966,0,0,0,0,0,0,1,0,,0,0,0,0,0,0,,0
630,0,1,2023-08-01 00:00:00,2023-08-28 23:59:59,1000:967,0,0,0,0,0,0,1,0,,0,0,0,0,0,0,,0
631,100152,1,2023-08-01 00:00:00,2023-09-11 23:59:59,249:968|250:969|499:968|500:970|749:968|750:971|776:968|777:972|999:968|1000:973|3000:968,421ad3e8520f5961_draw_230722171436.png,320.7|-185.2,0c8cbc4deafae8a0_draw_230722171436.jpg,0,0,1,0,0,,0,0,0,1,0,0,,0
639,0,1,2023-10-31 00:00:00,2023-11-13 23:59:59,6:1006|7:1012,0,0,0,0,0,0,1,0,,0,0,0,0,0,0,,0
640,0,1,2023-10-31 00:00:00,2023-11-13 23:59:59,6:1007|7:1013,0,0,0,0,0,0,1,0,,0,0,0,0,0,0,,0
641,0,1,2023-10-31 00:00:00,2023-11-13 23:59:59,6:1008|7:1016,0,0,0,0,0,0,1,0,,0,0,0,0,0,0,,0
642,0,1,2023-10-31 00:00:00,2023-11-13 23:59:59,4:1009|5:1013,0,0,0,0,0,0,1,0,,0,0,0,0,0,0,,0
643,0,1,2023-10-31 00:00:00,2023-11-13 23:59:59,4:1010|5:1015,0,0,0,0,0,0,1,0,,0,0,0,0,0,0,,0
644,0,1,2023-10-31 00:00:00,2023-11-13 23:59:59,4:1011|5:1016,0,0,0,0,0,0,1,0,,0,0,0,0,0,0,,0
645,0,1,2023-10-31 00:00:00,2023-11-13 23:59:59,1000:1012,0,0,0,0,0,0,1,0,,0,0,0,0,0,0,,0
646,0,1,2023-10-31 00:00:00,2023-11-13 23:59:59,1000:1013,0,0,0,0,0,0,1,0,,0,0,0,0,0,0,,0
647,0,1,2023-10-31 00:00:00,2023-11-13 23:59:59,1000:1014,0,0,0,0,0,0,1,0,,0,0,0,0,0,0,,0
648,0,1,2023-10-31 00:00:00,2023-11-13 23:59:59,1000:1015,0,0,0,0,0,0,1,0,,0,0,0,0,0,0,,0
649,0,1,2023-06-07 00:00:00,2023-07-03 23:59:59,6:1018,0,0,0,0,0,0,1,0,,0,0,0,0,0,0,,0
650,0,1,2023-06-07 00:00:00,2023-07-03 23:59:59,6:1019,0,0,0,0,0,0,1,0,,0,0,0,0,0,0,,0
651,0,1,2023-06-07 00:00:00,2023-07-03 23:59:59,6:1020,0,0,0,0,0,0,1,0,,0,0,0,0,0,0,,0
652,0,1,2023-06-07 00:00:00,2023-07-03 23:59:59,6:1021,0,0,0,0,0,0,1,0,,0,0,0,0,0,0,,0
653,0,1,2023-06-07 00:00:00,2023-07-03 23:59:59,6:1022,0,0,0,0,0,0,1,0,,0,0,0,0,0,0,,0
654,0,1,2023-06-07 00:00:00,2023-07-03 23:59:59,4:1023,0,0,0,0,0,0,1,0,,0,0,0,0,0,0,,0
655,0,1,2023-06-07 00:00:00,2023-07-03 23:59:59,4:1024,0,0,0,0,0,0,1,0,,0,0,0,0,0,0,,0
656,0,1,2023-06-07 00:00:00,2023-07-03 23:59:59,4:1025,0,0,0,0,0,0,1,0,,0,0,0,0,0,0,,0
657,0,1,2023-06-07 00:00:00,2023-07-03 23:59:59,4:1026,0,0,0,0,0,0,1,0,,0,0,0,0,0,0,,0
658,0,1,2023-06-07 00:00:00,2023-07-03 23:59:59,4:1027,0,0,0,0,0,0,1,0,,0,0,0,0,0,0,,0
659,0,1,2023-06-07 00:00:00,2023-07-03 23:59:59,1000:1028,0,0,0,0,0,0,1,0,,0,0,0,0,0,0,,0
660,0,1,2023-06-07 00:00:00,2023-07-03 23:59:59,1000:1029,0,0,0,0,0,0,1,0,,0,0,0,0,0,0,,0
661,0,1,2023-06-07 00:00:00,2023-07-03 23:59:59,1000:1030,0,0,0,0,0,0,1,0,,0,0,0,0,0,0,,0
662,0,1,2023-06-07 00:00:00,2023-07-03 23:59:59,1000:1031,0,0,0,0,0,0,1,0,,0,0,0,0,0,0,,0
683,0,1,2023-02-02 10:00:00,2036-02-09 10:00:00,,0,0,0,0,0,0,1,0,,0,0,0,0,0,0,,0
684,0,1,2023-02-02 10:00:00,2036-02-09 10:00:00,,0,0,0,0,0,0,1,0,,0,0,0,0,0,0,,0
685,0,1,2023-02-02 10:00:00,2036-02-09 10:00:00,,0,0,0,0,0,0,1,0,,0,0,0,0,0,0,,0
686,0,1,2023-02-02 10:00:00,2036-02-09 10:00:00,,0,0,0,0,0,0,1,0,,0,0,0,0,0,0,,0
687,0,1,2023-02-02 10:00:00,2036-02-09 10:00:00,,0,0,0,0,0,0,1,0,,0,0,0,0,0,0,,0
688,0,1,2023-02-02 10:00:00,2036-02-09 10:00:00,,0,0,0,0,0,0,1,0,,0,0,0,0,0,0,,0
689,0,1,2023-02-02 10:00:00,2036-02-09 10:00:00,,0,0,0,0,0,0,1,0,,0,0,0,0,0,0,,0
690,0,1,2023-02-02 10:00:00,2036-02-09 10:00:00,,0,0,0,0,0,0,1,0,,0,0,0,0,0,0,,0
691,0,1,2023-02-02 10:00:00,2036-02-09 10:00:00,,0,0,0,0,0,0,1,0,,0,0,0,0,0,0,,0
714,0,1,2023-02-02 10:00:00,2036-02-09 10:00:00,,0,0,0,0,0,0,1,0,,0,0,0,0,0,0,,0
715,0,1,2023-02-02 10:00:00,2036-02-09 10:00:00,,0,0,0,0,0,0,1,0,,0,0,0,0,0,0,,0
716,0,1,2023-02-02 10:00:00,2036-02-09 10:00:00,,0,0,0,0,0,0,1,0,,0,0,0,0,0,0,,0
717,0,1,2023-02-02 10:00:00,2036-02-09 10:00:00,,0,0,0,0,0,0,1,0,,0,0,0,0,0,0,,0
718,0,1,2023-02-02 10:00:00,2036-02-09 10:00:00,,0,0,0,0,0,0,1,0,,0,0,0,0,0,0,,0
719,0,1,2023-02-02 10:00:00,2036-02-09 10:00:00,,0,0,0,0,0,0,1,0,,0,0,0,0,0,0,,0
720,0,1,2023-02-02 10:00:00,2036-02-09 10:00:00,,0,0,0,0,0,0,1,0,,0,0,0,0,0,0,,0
721,0,1,2023-02-02 10:00:00,2036-02-09 10:00:00,,0,0,0,0,0,0,1,0,,0,0,0,0,0,0,,0
722,0,1,2023-02-02 10:00:00,2036-02-09 10:00:00,,0,0,0,0,0,0,1,0,,0,0,0,0,0,0,,0
723,0,1,2023-02-02 10:00:00,2036-02-09 10:00:00,,0,0,0,0,0,0,1,0,,0,0,0,0,0,0,,0
724,0,1,2023-02-02 10:00:00,2036-02-09 10:00:00,,0,0,0,0,0,0,1,0,,0,0,0,0,0,0,,0
725,0,1,2023-02-02 10:00:00,2036-02-09 10:00:00,,0,0,0,0,0,0,1,0,,0,0,0,0,0,0,,0
726,0,1,2023-02-02 10:00:00,2036-02-09 10:00:00,,0,0,0,0,0,0,1,0,,0,0,0,0,0,0,,0
727,0,1,2023-05-09 00:00:00,2023-05-29 23:59:59,10:1102,0,0,0,0,0,0,1,0,,0,0,0,0,0,0,,0
728,0,1,2023-05-09 00:00:00,2023-05-29 23:59:59,8:1103,0,0,0,0,0,0,1,0,,0,0,0,0,0,0,,0
729,0,1,2023-05-09 00:00:00,2023-05-29 23:59:59,6:1104,0,0,0,0,0,0,1,0,,0,0,0,0,0,0,,0
730,0,1,2023-05-09 00:00:00,2023-05-29 23:59:59,5:1105,0,0,0,0,0,0,1,0,,0,0,0,0,0,0,,0
731,0,1,2023-05-09 00:00:00,2023-05-29 23:59:59,5:1106,0,0,0,0,0,0,1,0,,0,0,0,0,0,0,,0
732,0,1,2023-05-09 00:00:00,2023-05-29 23:59:59,4:1107,0,0,0,0,0,0,1,0,,0,0,0,0,0,0,,0
733,0,1,2023-05-09 00:00:00,2023-05-29 23:59:59,4:1108,0,0,0,0,0,0,1,0,,0,0,0,0,0,0,,0
734,0,1,2023-05-09 00:00:00,2023-05-29 23:59:59,1000:1109,0,0,0,0,0,0,1,0,,0,0,0,0,0,0,,0
742,0,1,2023-02-02 10:00:00,2036-02-09 10:00:00,,0,0,0,0,0,0,1,0,,0,0,0,0,0,0,,0
743,0,1,2023-02-02 10:00:00,2036-02-09 10:00:00,,0,0,0,0,0,0,1,0,,0,0,0,0,0,0,,0
744,0,1,2023-02-02 10:00:00,2036-02-09 10:00:00,,0,0,0,0,0,0,1,0,,0,0,0,0,0,0,,0
745,0,1,2022-12-26 00:00:00,2024-01-22 23:59:59,,0,0,0,0,0,0,1,0,,0,0,0,0,0,0,,0
746,0,1,2022-12-26 00:00:00,2024-01-22 23:59:59,,0,0,0,0,0,0,1,0,,0,0,0,0,0,0,,0
747,0,1,2022-12-26 00:00:00,2024-01-22 23:59:59,,0,0,0,0,0,0,1,0,,0,0,0,0,0,0,,0
748,0,1,2022-12-26 00:00:00,2024-01-22 23:59:59,,0,0,0,0,0,0,1,0,,0,0,0,0,0,0,,0
749,0,1,2022-12-26 00:00:00,2024-01-22 23:59:59,,0,0,0,0,0,0,1,0,,0,0,0,0,0,0,,0
750,0,1,2022-12-26 00:00:00,2024-01-22 23:59:59,,0,0,0,0,0,0,1,0,,0,0,0,0,0,0,,0
751,0,1,2022-12-26 00:00:00,2024-01-22 23:59:59,,0,0,0,0,0,0,1,0,,0,0,0,0,0,0,,0
752,0,1,2022-12-26 00:00:00,2024-01-22 23:59:59,,0,0,0,0,0,0,1,0,,0,0,0,0,0,0,,0
753,0,1,2022-12-26 00:00:00,2024-01-22 23:59:59,,0,0,0,0,0,0,1,0,,0,0,0,0,0,0,,0
754,0,1,2022-12-26 00:00:00,2024-01-22 23:59:59,,0,0,0,0,0,0,1,0,,0,0,0,0,0,0,,0
755,0,1,2022-12-26 00:00:00,2024-01-22 23:59:59,,0,0,0,0,0,0,1,0,,0,0,0,0,0,0,,0
756,0,1,2022-12-26 00:00:00,2024-01-22 23:59:59,,0,0,0,0,0,0,1,0,,0,0,0,0,0,0,,0
757,0,1,2022-12-26 00:00:00,2024-01-22 23:59:59,,0,0,0,0,0,0,1,0,,0,0,0,0,0,0,,0
758,0,1,2022-12-26 00:00:00,2024-01-22 23:59:59,,0,0,0,0,0,0,1,0,,0,0,0,0,0,0,,0
759,0,1,2022-12-26 00:00:00,2024-01-22 23:59:59,,0,0,0,0,0,0,1,0,,0,0,0,0,0,0,,0
760,0,1,2022-12-26 00:00:00,2024-01-22 23:59:59,,0,0,0,0,0,0,1,0,,0,0,0,0,0,0,,0
761,0,1,2022-12-26 00:00:00,2024-01-22 23:59:59,,0,0,0,0,0,0,1,0,,0,0,0,0,0,0,,0
762,0,1,2022-12-26 00:00:00,2024-01-22 23:59:59,,0,0,0,0,0,0,1,0,,0,0,0,0,0,0,,0
763,0,1,2022-12-26 00:00:00,2024-01-22 23:59:59,,0,0,0,0,0,0,1,0,,0,0,0,0,0,0,,0
764,0,1,2022-12-26 00:00:00,2024-01-22 23:59:59,,0,0,0,0,0,0,1,0,,0,0,0,0,0,0,,0
765,0,1,2022-12-26 00:00:00,2024-01-22 23:59:59,,0,0,0,0,0,0,1,0,,0,0,0,0,0,0,,0
766,0,1,2023-02-02 10:00:00,2036-02-09 10:00:00,,0,0,0,0,0,0,1,0,,0,0,0,0,0,0,,0
767,0,1,2023-02-02 10:00:00,2036-02-09 10:00:00,,0,0,0,0,0,0,1,0,,0,0,0,0,0,0,,0
768,100180,1,2022-12-26 00:00:00,2024-01-29 23:59:59,249:1145|250:1146|499:1145|500:1147|749:1145|750:1148|776:1145|777:1150|999:1145|1000:1149|3000:1145,d8d986ee1d31ec27_draw_240117172302.png,320.7|-185.2,eb8b8a74ec654a3b_draw_240117172301.jpg,0,0,1,0,0,,0,0,0,1,0,0,,0
6001,0,1,2019-03-30 00:00:00,2019-04-07 13:00:00,100:121|150:122|200:123|1000:124|1001:121,draw_title_170407.png,-666|-126,draw_content_170407.jpg,0,0,2,0,0,90:1001,90,0,0,0,0,0,,0
6002,0,1,2019-03-30 00:00:00,2019-04-07 13:00:00,100:54|150:55|200:56|1000:57|1001:54,draw_title_170407.png,-666|-126,draw_content_170407.jpg,0,0,2,0,0,601:1001,601,0,0,0,0,0,,0
6003,0,1,2019-03-30 00:00:00,2019-04-07 13:00:00,100:315|150:316|200:317|1000:318|1001:315,draw_title_170407.png,-666|-126,draw_content_170407.jpg,0,0,2,0,0,40076:1001,40076,0,0,0,0,0,,0
6004,0,1,2019-03-30 00:00:00,2019-04-07 13:00:00,150:205|200:206|250:207|300:208|1000:209|1001:205,draw_title_170407.png,-666|-126,draw_content_170407.jpg,0,0,2,0,0,512:1001,512,0,0,0,0,0,,0
6005,0,1,2019-03-30 00:00:00,2019-04-07 13:00:00,150:138|200:139|250:140|300:141|1000:142|1001:138,draw_title_170407.png,-666|-126,draw_content_170407.jpg,0,0,2,0,0,94:1001,94,0,0,0,0,0,,0
6006,0,1,2019-03-30 00:00:00,2019-04-07 13:00:00,150:67|200:68|250:69|300:70|1000:71|1001:67,draw_title_170407.png,-666|-126,draw_content_170407.jpg,0,0,2,0,0,604:1001,604,0,0,0,0,0,,0
6007,0,1,2019-05-24 00:00:00,2019-06-03 23:59:59,100:20001|150:20002|200:20003|1000:20004|1001:20001,draw_title_170407.png,-666|-126,draw_content_170407.jpg,0,0,2,0,0,220045:1001,220045,0,0,0,0,0,,0
6008,0,1,2019-05-24 00:00:00,2019-06-03 23:59:59,100:125|150:126|200:127|1000:128|1001:125,draw_title_170407.png,-666|-126,draw_content_170407.jpg,0,0,2,0,0,91:1001,91,0,0,0,0,0,,0
6009,0,1,2019-05-24 00:00:00,2019-06-03 23:59:59,100:58|150:59|200:60|1000:61|1001:58,draw_title_170407.png,-666|-126,draw_content_170407.jpg,0,0,2,0,0,602:1001,602,0,0,0,0,0,,0
6010,0,1,2019-05-24 00:00:00,2019-06-03 23:59:59,150:20005|200:20006|250:20007|300:20008|1000:20009|1001:20005,draw_title_170407.png,-666|-126,draw_content_170407.jpg,0,0,2,0,0,220046:1001,220046,0,0,0,0,0,,0
6011,0,1,2019-05-24 00:00:00,2019-06-03 23:59:59,150:264|200:265|250:266|300:267|1000:268|1001:264,draw_title_170407.png,-666|-126,draw_content_170407.jpg,0,0,2,0,0,274:1001,274,0,0,0,0,0,,0
6012,0,1,2019-05-24 00:00:00,2019-06-03 23:59:59,150:200|200:201|250:202|300:203|1000:204|1001:200,draw_title_170407.png,-666|-126,draw_content_170407.jpg,0,0,2,0,0,511:1001,511,0,0,0,0,0,,0
6013,0,1,2019-10-11 00:00:00,2019-10-21 23:59:59,100:20012|150:20013|200:20014|1000:20015|1001:20012,draw_title_170407.png,-666|-126,draw_content_170407.jpg,0,0,2,0,0,220058:1001,220058,0,0,0,0,0,,0
6014,0,1,2019-10-11 00:00:00,2019-10-21 23:59:59,100:58|150:59|200:60|1000:61|1001:58,draw_title_170407.png,-666|-126,draw_content_170407.jpg,0,0,2,0,0,602:1001,602,0,0,0,0,0,,0
6015,0,1,2019-10-11 00:00:00,2019-10-21 23:59:59,150:324|200:325|250:326|300:327|1000:328|1001:324,draw_title_170407.png,-666|-126,draw_content_170407.jpg,0,0,2,0,0,40078:1001,40078,0,0,0,0,0,,0
6016,0,1,2019-10-11 00:00:00,2019-10-21 23:59:59,150:20016|200:20017|250:20018|300:20019|1000:20020|1001:20016,draw_title_170407.png,-666|-126,draw_content_170407.jpg,0,0,2,0,0,40043:1001,40043,0,0,0,0,0,,0
6017,0,1,2019-10-11 00:00:00,2019-10-21 23:59:59,150:239|200:240|250:241|300:242|1000:243|1001:239,draw_title_170407.png,-666|-126,draw_content_170407.jpg,0,0,2,0,0,269:1001,269,0,0,0,0,0,,0
6018,0,1,2019-10-11 00:00:00,2019-10-21 23:59:59,150:190|200:191|250:192|300:193|1000:194|1001:190,draw_title_170407.png,-666|-126,draw_content_170407.jpg,0,0,2,0,0,509:1001,509,0,0,0,0,0,,0
6019,0,1,2020-01-14 00:00:00,2020-01-20 23:59:59,100:58|150:59|200:60|1000:61|1001:58,draw_title_170407.png,-666|-126,draw_content_170407.jpg,0,0,2,0,0,602:1001,602,0,0,0,0,0,,0
6020,0,1,2020-01-14 00:00:00,2020-01-20 23:59:59,100:20021|150:20022|200:20023|1000:20024|1001:20021,draw_title_170407.png,-666|-126,draw_content_170407.jpg,0,0,2,0,0,220064:1001,220064,0,0,0,0,0,,0
6021,0,1,2020-01-14 00:00:00,2020-01-20 23:59:59,150:239|200:240|250:241|300:242|1000:243|1001:239,draw_title_170407.png,-666|-126,draw_content_170407.jpg,0,0,2,0,0,269:1001,269,0,0,0,0,0,,0
6022,0,1,2020-01-14 00:00:00,2020-01-20 23:59:59,150:324|200:325|250:326|300:327|1000:328|1001:324,draw_title_170407.png,-666|-126,draw_content_170407.jpg,0,0,2,0,0,40078:1001,40078,0,0,0,0,0,,0
6023,0,1,2020-01-14 00:00:00,2020-01-20 23:59:59,150:195|200:196|250:197|300:198|1000:199|1001:195,draw_title_170407.png,-666|-126,draw_content_170407.jpg,0,0,2,0,0,510:1001,510,0,0,0,0,0,,0
6024,0,1,2020-01-14 00:00:00,2020-01-20 23:59:59,150:20025|200:20026|250:20027|300:20028|1000:20029|1001:20025,draw_title_170407.png,-666|-126,draw_content_170407.jpg,0,0,2,0,0,220065:1001,220065,0,0,0,0,0,,0
6025,0,1,2020-04-15 00:00:00,2020-05-25 23:59:59,1000:20030,0,0,0,0,0,0,1,0,,0,0,0,0,0,0,,0
6026,0,1,2020-04-15 00:00:00,2020-05-25 23:59:59,1000:20031,0,0,0,0,0,0,1,0,,0,0,0,0,0,0,,0
6027,0,1,2020-04-15 00:00:00,2020-05-25 23:59:59,1000:20032,0,0,0,0,0,0,1,0,,0,0,0,0,0,0,,0
6028,0,1,2020-04-15 00:00:00,2020-05-25 23:59:59,1000:20033,0,0,0,0,0,0,1,0,,0,0,0,0,0,0,,0
6029,0,1,2020-04-15 00:00:00,2020-05-25 23:59:59,6:20034|7:20030,0,0,0,0,0,0,1,0,,0,0,0,0,0,0,,0
6030,0,1,2020-04-15 00:00:00,2020-05-25 23:59:59,6:20035|7:20032,0,0,0,0,0,0,1,0,,0,0,0,0,0,0,,0
6031,0,1,2020-04-15 00:00:00,2020-05-25 23:59:59,6:20036|7:20031,0,0,0,0,0,0,1,0,,0,0,0,0,0,0,,0
6032,0,1,2020-04-15 00:00:00,2020-05-25 23:59:59,6:20037|7:20033,0,0,0,0,0,0,1,0,,0,0,0,0,0,0,,0
6033,100037,1,2020-05-08 00:00:00,2020-05-21 23:59:59,69:20038|70:20039|71:20040,9668f1d71cf83a04_draw_200426171347.png,396|-203,d7a4c9c0d0057fd8_draw_200505144121.jpg,0,0,1,0,0,220083:71|220084:71|220085:71|220086:71|220087:71,0,0,0,1,0,0,,0
6034,0,1,2020-07-07 00:00:00,2020-08-03 23:59:59,10:20041|11:20053,0,0,0,0,0,0,1,0,,0,0,0,0,0,0,,0
6035,0,1,2020-07-07 00:00:00,2020-08-03 23:59:59,10:20042|11:20055,0,0,0,0,0,0,1,0,,0,0,0,0,0,0,,0
6036,0,1,2020-07-07 00:00:00,2020-08-03 23:59:59,8:20043|9:20053,0,0,0,0,0,0,1,0,,0,0,0,0,0,0,,0
6037,0,1,2020-07-07 00:00:00,2020-08-03 23:59:59,8:20044|9:20055,0,0,0,0,0,0,1,0,,0,0,0,0,0,0,,0
6038,0,1,2020-07-07 00:00:00,2020-08-03 23:59:59,6:20045|7:20053,0,0,0,0,0,0,1,0,,0,0,0,0,0,0,,0
6039,0,1,2020-07-07 00:00:00,2020-08-03 23:59:59,6:20047|7:20055,0,0,0,0,0,0,1,0,,0,0,0,0,0,0,,0
6040,0,1,2020-07-07 00:00:00,2020-08-03 23:59:59,6:20046|7:20054,0,0,0,0,0,0,1,0,,0,0,0,0,0,0,,0
6041,0,1,2020-07-07 00:00:00,2020-08-03 23:59:59,6:20048|7:20056,0,0,0,0,0,0,1,0,,0,0,0,0,0,0,,0
6042,0,1,2020-07-07 00:00:00,2020-08-03 23:59:59,5:20049|6:20054,0,0,0,0,0,0,1,0,,0,0,0,0,0,0,,0
6043,0,1,2020-07-07 00:00:00,2020-08-03 23:59:59,5:20050|6:20056,0,0,0,0,0,0,1,0,,0,0,0,0,0,0,,0
6044,0,1,2020-07-07 00:00:00,2020-08-03 23:59:59,4:20051|5:20054,0,0,0,0,0,0,1,0,,0,0,0,0,0,0,,0
6045,0,1,2020-07-07 00:00:00,2020-08-03 23:59:59,4:20052|5:20056,0,0,0,0,0,0,1,0,,0,0,0,0,0,0,,0
6046,0,1,2020-07-07 00:00:00,2020-08-03 23:59:59,1000:20053,0,0,0,0,0,0,1,0,,0,0,0,0,0,0,,0
6047,0,1,2020-07-07 00:00:00,2020-08-03 23:59:59,1000:20054,0,0,0,0,0,0,1,0,,0,0,0,0,0,0,,0
6048,0,1,2020-07-07 00:00:00,2020-08-03 23:59:59,1000:20055,0,0,0,0,0,0,1,0,,0,0,0,0,0,0,,0
6049,0,1,2020-07-07 00:00:00,2020-08-03 23:59:59,1000:20056,0,0,0,0,0,0,1,0,,0,0,0,0,0,0,,0
6050,0,1,2020-11-20 00:00:00,2020-12-21 23:59:59,10:20062|11:20074,0,0,0,0,0,0,1,0,,0,0,0,0,0,0,,0
6051,0,1,2020-11-20 00:00:00,2020-12-21 23:59:59,10:20063|11:20076,0,0,0,0,0,0,1,0,,0,0,0,0,0,0,,0
6052,0,1,2020-11-20 00:00:00,2020-12-21 23:59:59,8:20064|9:20074,0,0,0,0,0,0,1,0,,0,0,0,0,0,0,,0
6053,0,1,2020-11-20 00:00:00,2020-12-21 23:59:59,8:20065|9:20076,0,0,0,0,0,0,1,0,,0,0,0,0,0,0,,0
6054,0,1,2020-11-20 00:00:00,2020-12-21 23:59:59,6:20066|7:20074,0,0,0,0,0,0,1,0,,0,0,0,0,0,0,,0
6055,0,1,2020-11-20 00:00:00,2020-12-21 23:59:59,6:20068|7:20076,0,0,0,0,0,0,1,0,,0,0,0,0,0,0,,0
6056,0,1,2020-11-20 00:00:00,2020-12-21 23:59:59,6:20067|7:20075,0,0,0,0,0,0,1,0,,0,0,0,0,0,0,,0
6057,0,1,2020-11-20 00:00:00,2020-12-21 23:59:59,6:20069|7:20077,0,0,0,0,0,0,1,0,,0,0,0,0,0,0,,0
6058,0,1,2020-11-20 00:00:00,2020-12-21 23:59:59,5:20070|6:20075,0,0,0,0,0,0,1,0,,0,0,0,0,0,0,,0
6059,0,1,2020-11-20 00:00:00,2020-12-21 23:59:59,5:20071|6:20077,0,0,0,0,0,0,1,0,,0,0,0,0,0,0,,0
6060,0,1,2020-11-20 00:00:00,2020-12-21 23:59:59,4:20072|5:20075,0,0,0,0,0,0,1,0,,0,0,0,0,0,0,,0
6061,0,1,2020-11-20 00:00:00,2020-12-21 23:59:59,4:20073|5:20077,0,0,0,0,0,0,1,0,,0,0,0,0,0,0,,0
6062,0,1,2020-11-20 00:00:00,2020-12-21 23:59:59,1000:20074,0,0,0,0,0,0,1,0,,0,0,0,0,0,0,,0
6063,0,1,2020-11-20 00:00:00,2020-12-21 23:59:59,1000:20075,0,0,0,0,0,0,1,0,,0,0,0,0,0,0,,0
6064,0,1,2020-11-20 00:00:00,2020-12-21 23:59:59,1000:20076,0,0,0,0,0,0,1,0,,0,0,0,0,0,0,,0
6065,0,1,2020-11-20 00:00:00,2020-12-21 23:59:59,1000:20077,0,0,0,0,0,0,1,0,,0,0,0,0,0,0,,0
6066,0,1,2020-11-20 00:00:00,2020-12-21 23:59:59,10:20057|11:20078,0,0,0,0,0,0,1,0,,0,0,0,0,0,0,,0
6067,0,1,2020-11-20 00:00:00,2020-12-21 23:59:59,8:20058|9:20078,0,0,0,0,0,0,1,0,,0,0,0,0,0,0,,0
6068,0,1,2020-11-20 00:00:00,2020-12-21 23:59:59,6:20059|7:20078,0,0,0,0,0,0,1,0,,0,0,0,0,0,0,,0
6069,0,1,2020-11-20 00:00:00,2020-12-21 23:59:59,5:20060|6:20078,0,0,0,0,0,0,1,0,,0,0,0,0,0,0,,0
6070,0,1,2020-11-20 00:00:00,2020-12-21 23:59:59,4:20061|5:20078,0,0,0,0,0,0,1,0,,0,0,0,0,0,0,,0
6071,0,1,2021-08-03 00:00:00,2021-08-30 23:59:59,1000:20079,0,0,0,0,0,0,1,0,,0,0,0,0,0,0,,0
6072,0,1,2021-08-03 00:00:00,2021-08-30 23:59:59,1000:20080,0,0,0,0,0,0,1,0,,0,0,0,0,0,0,,0
6073,0,1,2021-08-03 00:00:00,2021-08-30 23:59:59,1000:20081,0,0,0,0,0,0,1,0,,0,0,0,0,0,0,,0
6074,0,1,2021-08-03 00:00:00,2021-08-30 23:59:59,1000:20082,0,0,0,0,0,0,1,0,,0,0,0,0,0,0,,0
6075,0,1,2021-08-03 00:00:00,2021-08-30 23:59:59,6:20083|7:20079,0,0,0,0,0,0,1,0,,0,0,0,0,0,0,,0
6076,0,1,2021-08-03 00:00:00,2021-08-30 23:59:59,6:20084|7:20081,0,0,0,0,0,0,1,0,,0,0,0,0,0,0,,0
6077,0,1,2021-08-03 00:00:00,2021-08-30 23:59:59,6:20085|7:20080,0,0,0,0,0,0,1,0,,0,0,0,0,0,0,,0
6078,0,1,2021-08-03 00:00:00,2021-08-30 23:59:59,6:20086|7:20082,0,0,0,0,0,0,1,0,,0,0,0,0,0,0,,0
6079,0,1,2021-08-03 00:00:00,2021-08-30 23:59:59,6:20087|7:20088,0,0,0,0,0,0,1,0,,0,0,0,0,0,0,,0
6080,0,1,2021-09-28 00:00:00,2021-10-11 23:59:59,6:20089|7:20090,0,0,0,0,0,0,1,0,,0,0,0,0,0,0,,0
6081,0,1,2021-09-28 00:00:00,2021-10-11 23:59:59,6:20091|7:20093,0,0,0,0,0,0,1,0,,0,0,0,0,0,0,,0
6082,0,1,2021-09-28 00:00:00,2021-10-11 23:59:59,6:20092|7:20094,0,0,0,0,0,0,1,0,,0,0,0,0,0,0,,0
6083,0,1,2021-09-28 00:00:00,2021-10-11 23:59:59,1000:20093,0,0,0,0,0,0,1,0,,0,0,0,0,0,0,,0
6084,0,1,2021-09-28 00:00:00,2021-10-11 23:59:59,1000:20094,0,0,0,0,0,0,1,0,,0,0,0,0,0,0,,0
6085,0,1,2021-12-29 00:00:00,2022-01-24 23:59:59,6:20095|7:815,0,0,0,0,0,0,1,0,,0,0,0,0,0,0,,0
6086,100044,2,2022-05-03 00:00:00,2022-05-30 23:59:59,100:20096,2b83a2acaab67239_draw_220427162256.png,-576|-129,244ad84bfdb311d1_draw_220503184350.jpg,0,0,1,0,0,,0,1,1,0,0,0,,0
6087,100045,1,2022-05-08 00:00:00,2022-05-21 23:59:59,69:461|70:462|71:463,b80bda93224d4f00_draw_220427162256.png,397|-195,a6022a2cb846a1fe_draw_220427162256.jpg,0,0,1,0,0,220253:71|220254:71|220255:71|220256:71|220252:71,0,0,0,1,0,0,,0
6088,0,1,2022-07-05 00:00:00,2022-07-25 23:59:59,6:20097|7:685,0,0,0,0,0,0,1,0,,0,0,0,0,0,0,,0
6089,900049,2,2023-05-02 00:00:00,2023-06-12 23:59:59,100:40,ed542815d4401a35_draw_200518165924.png,-642|-118,79c26418e645f8a2_draw_190505165848.jpg,0,0,1,0,0,,0,1,1,0,0,0,,0
6090,900050,2,2023-05-02 00:00:00,2023-06-12 23:59:59,100:187,e791106b6e4e5ebb_draw_200427155151.png,-570|-124,4e1e98305678b2c6_draw_200505201734.jpg,0,0,1,0,0,,0,1,1,0,0,0,,0
6091,900051,2,2023-05-02 00:00:00,2023-06-12 23:59:59,100:348,6b9fab512f4ca396_draw_210429145322.png,-568|-100,40a5b36f490e7fba_draw_210507150116.jpg,0,0,1,0,0,,0,1,1,0,0,0,,0
6092,900052,2,2023-05-02 00:00:00,2023-06-12 23:59:59,100:20096,2b83a2acaab67239_draw_220427162256.png,-576|-129,244ad84bfdb311d1_draw_220503184350.jpg,0,0,1,0,0,,0,1,1,0,0,0,,0
6093,900055,1,2023-05-08 00:00:00,2023-05-21 23:59:59,69:20098|70:20099|71:20100,d771d882244dc498_draw_230426180041.png,397|-195,fe80d6ca236eddcc_draw_230426180042.jpg,0,0,1,0,0,220264:71|220265:71|220266:71|220267:71|220268:71,0,0,0,1,0,0,,0
6094,900054,2,2023-05-02 00:00:00,2023-06-12 23:59:59,100:20101,b0409631eb33ba37_draw_230426180220.png,-568|-120,8f4e403528cefc00_draw_230426180221.jpg,0,0,1,0,0,,0,1,1,0,0,0,,0
6095,0,1,2023-07-18 00:00:00,2023-07-31 23:59:59,6:20102|7:908,0,0,0,0,0,0,1,0,,0,0,0,0,0,0,,0
6096,0,1,2023-10-10 00:00:00,2023-10-23 23:59:59,150:20103|200:20104|250:20105|300:20106|1000:20107|1001:20103,draw_title_170407.png,-666|-126,draw_content_170407.jpg,0,0,2,0,0,220296:1001,220296,0,0,0,0,0,,0
6097,0,1,2023-10-10 00:00:00,2023-10-23 23:59:59,150:20108|200:20109|250:20110|300:20111|1000:20112|1001:20108,draw_title_170407.png,-666|-126,draw_content_170407.jpg,0,0,2,0,0,220297:1001,220297,0,0,0,0,0,,0
6098,0,1,2023-10-10 00:00:00,2023-10-23 23:59:59,150:20113|200:20114|250:20115|300:20116|1000:20117|1001:20113,draw_title_170407.png,-666|-126,draw_content_170407.jpg,0,0,2,0,0,220298:1001,220298,0,0,0,0,0,,0
6099,0,1,2023-10-10 00:00:00,2023-10-23 23:59:59,150:20118|200:20119|250:20120|300:20121|1000:20122|1001:20118,draw_title_170407.png,-666|-126,draw_content_170407.jpg,0,0,2,0,0,220299:1001,220299,0,0,0,0,0,,0
6100,0,1,2023-10-10 00:00:00,2023-10-23 23:59:59,150:20123|200:20124|250:20125|300:20126|1000:20127|1001:20123,draw_title_170407.png,-666|-126,draw_content_170407.jpg,0,0,2,0,0,220300:1001,220300,0,0,0,0,0,,0
6101,0,1,2023-10-10 00:00:00,2023-10-23 23:59:59,150:20128|200:20129|250:20130|300:20131|1000:20132|1001:20128,draw_title_170407.png,-666|-126,draw_content_170407.jpg,0,0,2,0,0,220301:1001,220301,0,0,0,0,0,,0
