id,name,extra,fit_gun,ai,voice,is_hidden,substitute_voice,dialog,note,explore_tag,gift_position,illustrator_cv,order,class_id
1,skin-10000001,0,8,40001,18,0,,skin-20000001,skin-30000001,3001,"54.2,-115.6",skin-40000001,1,1
2,skin-10000002,0,20,0,18,0,,skin-20000002,skin-30000002,3001,,skin-40000002,1,1
3,skin-10000003,0,26,0,18,0,,skin-20000003,skin-30000003,3001,,skin-40000003,1,1
4,skin-10000004,0,33,0,18,0,,skin-20000004,skin-30000004,3001,"46,-142.3",skin-40000004,1,1
5,skin-10000005,0,36,0,18,0,,skin-20000005,skin-30000005,3001,,skin-40000005,1,1
6,skin-10000006,0,48,0,18,0,,skin-20000006,skin-30000006,3001,,skin-40000006,1,1
7,skin-10000007,0,80,0,18,0,,skin-20000007,skin-30000007,3001,,skin-40000007,1,1
8,skin-10000008,0,99,0,18,0,,skin-20000008,skin-30000008,3001,"112.9,-120.3",skin-40000008,1,1
9,skin-10000009,0,122,40009,18,0,,skin-20000009,skin-30000009,3001,,skin-40000009,1,1
10,skin-10000010,0,50,0,18,0,,skin-20000010,skin-30000010,,,skin-40000010,1,3
11,skin-10000011,0,94,0,18,0,,skin-20000011,skin-30000011,3001,,skin-40000011,1,1
101,skin-10000101,0,32,0,4,0,,skin-20000101,skin-30000101,,"-37.3,-152.4",skin-40000101,2,2
102,skin-10000102,0,75,0,4,0,,skin-20000102,skin-30000102,,,skin-40000102,2,2
103,skin-10000103,0,91,0,4,0,,skin-20000103,skin-30000103,,"-88.7,-122.2",skin-40000103,2,2
104,skin-10000104,0,94,0,4,0,,skin-20000104,skin-30000104,,,skin-40000104,2,3
105,skin-10000105,0,96,0,4,0,,skin-20000105,skin-30000105,,,skin-40000105,2,3
106,skin-10000106,0,80,0,4,0,,skin-20000106,skin-30000106,,,skin-40000106,2,3
201,skin-10000201,0,-1,5001,4,0,,skin-20000201,skin-30000201,,,skin-40000201,0,52
202,skin-10000202,0,-1,5001,4,0,,skin-20000202,skin-30000202,,,skin-40000202,0,52
203,skin-10000203,0,-1,5001,4,0,,skin-20000203,skin-30000203,,,skin-40000203,0,52
204,skin-10000204,0,-1,5001,4,0,,skin-20000204,skin-30000204,,,skin-40000204,0,52
205,skin-10000205,0,-1,5001,4,0,,skin-20000205,skin-30000205,,,skin-40000205,0,52
206,skin-10000206,0,-1,5001,4,0,,skin-20000206,skin-30000206,,,skin-40000206,0,52
207,skin-10000207,0,-1,5001,4,0,,skin-20000207,skin-30000207,,"-23.1,-139.2",skin-40000207,0,52
208,skin-10000208,0,-1,5001,4,0,,skin-20000208,skin-30000208,,,skin-40000208,0,52
209,skin-10000209,0,-1,5002,4,0,,skin-20000209,skin-30000209,,"-83.2,-48.4",skin-40000209,0,52
301,skin-10000301,0,1,0,19,0,,skin-20000301,skin-30000301,3002,,skin-40000301,3,4
302,skin-10000302,0,36,0,19,0,,skin-20000302,skin-30000302,3002,"-8.5,-157.1",skin-40000302,3,4
303,skin-10000303,0,37,0,19,0,,skin-20000303,skin-30000303,3002,"11.2,-142.1",skin-40000303,3,4
304,skin-10000304,0,38,0,19,0,,skin-20000304,skin-30000304,3002,,skin-40000304,3,4
305,skin-10000305,0,43,0,19,0,,skin-20000305,skin-30000305,3002,,skin-40000305,3,4
306,skin-10000306,0,48,40306,19,0,,skin-20000306,skin-30000306,3002,,skin-40000306,3,4
307,skin-10000307,0,53,0,19,0,,skin-20000307,skin-30000307,3002,,skin-40000307,3,4
308,skin-10000308,0,106,0,19,0,,skin-20000308,skin-30000308,3002,"5.2,-144.3",skin-40000308,3,4
309,skin-10000309,0,109,0,19,0,,skin-20000309,skin-30000309,3002,,skin-40000309,3,4
310,skin-10000310,0,115,0,19,0,,skin-20000310,skin-30000310,3002,,skin-40000310,3,4
401,skin-10000401,0,66,0,15,0,,skin-20000401,skin-30000401,,,skin-40000401,4,5
402,skin-10000402,0,91,40402,15,0,,skin-20000402,skin-30000402,,,skin-40000402,4,5
403,skin-10000403,0,126,0,15,0,,skin-20000403,skin-30000403,,,skin-40000403,4,5
404,skin-10000404,0,128,0,15,0,,skin-20000404,skin-30000404,,,skin-40000404,4,5
405,skin-10000405,0,129,0,15,0,,skin-20000405,skin-30000405,,,skin-40000405,4,5
406,skin-10000406,0,130,0,15,0,,skin-20000406,skin-30000406,,"47.1,-188.9",skin-40000406,4,5
407,skin-10000407,0,132,40407,15,0,,skin-20000407,skin-30000407,,,skin-40000407,4,5
408,skin-10000408,0,42,0,16,0,,skin-20000408,skin-30000408,,,skin-40000408,6,6
409,skin-10000409,0,101,0,16,0,,skin-20000409,skin-30000409,,,skin-40000409,6,6
410,skin-10000410,0,103,0,16,0,,skin-20000410,skin-30000410,,,skin-40000410,6,6
411,skin-10000411,0,114,0,16,0,,skin-20000411,skin-30000411,,,skin-40000411,6,6
501,skin-10000501,0,58,0,4,1,,skin-20000501,skin-30000501,,,skin-40000501,5,0
503,skin-10000503,0,1001,0,4,0,BB_Noel_503,skin-20000503,skin-30000503,,,skin-40000503,11,53
504,skin-10000504,0,1002,0,4,0,,skin-20000504,skin-30000504,,,skin-40000504,11,53
505,skin-10000505,0,1002,0,4,0,,skin-20000505,skin-30000505,,,skin-40000505,11,53
509,skin-10000509,0,1009,0,4,0,,skin-20000509,skin-30000509,,"-61.2,19.5",skin-40000509,23,53
510,skin-10000510,0,1010,0,4,0,,skin-20000510,skin-30000510,,"39.3,-57.1",skin-40000510,23,53
523,skin-10000523,0,221,0,4,0,GSH18,skin-20000523,skin-30000523,,,skin-40000523,37,0
524,skin-10000524,0,1020,0,4,0,,skin-20000524,skin-30000524,,,skin-40000524,40,68
525,skin-10000525,0,1019,0,4,0,,skin-20000525,skin-30000525,,"-139.8,52.7",skin-40000525,40,68
526,skin-10000526,0,1022,0,4,0,,skin-20000526,skin-30000526,,,skin-40000526,40,68
527,skin-10000527,0,1018,0,4,0,,skin-20000527,skin-30000527,,,skin-40000527,40,68
528,skin-10000528,0,1021,0,4,0,,skin-20000528,skin-30000528,,,skin-40000528,40,68
529,skin-10000529,0,1017,0,4,0,,skin-20000529,skin-30000529,,,skin-40000529,40,68
530,skin-10000530,0,55,0,4,0,,skin-20000530,skin-30000530,,,skin-40000530,52,59
531,skin-10000531,0,56,0,4,0,,skin-20000531,skin-30000531,,"-137.1,-115.5",skin-40000531,52,59
532,skin-10000532,0,57,0,4,0,,skin-20000532,skin-30000532,,"-117.4,-159.7",skin-40000532,52,59
533,skin-10000533,0,54,0,4,0,,skin-20000533,skin-30000533,,"-156.9,-65.1",skin-40000533,52,59
534,skin-10000534,0,143,0,4,0,,skin-20000534,skin-30000534,,"-103.86,-153.6",skin-40000534,52,59
535,skin-10000535,0,103,0,4,0,,skin-20000535,skin-30000535,,"-168.1,-125.5",skin-40000535,52,59
536,skin-10000536,0,101,0,4,0,,skin-20000536,skin-30000536,,"-37.9,-144.7",skin-40000536,52,59
537,skin-10000537,0,65,0,4,0,,skin-20000537,skin-30000537,,"-113.1,-146.1",skin-40000537,52,59
538,skin-10000538,0,122,0,4,0,,skin-20000538,skin-30000538,,"-121.8,-80.1",skin-40000538,52,59
539,skin-10000539,0,102,0,4,0,,skin-20000539,skin-30000539,,"-109.4,-181",skin-40000539,52,59
541,skin-10000541,0,1025,0,4,0,,skin-20000541,skin-30000541,,"-89.16,-148.4",skin-40000541,56,53
542,skin-10000542,0,1024,0,4,0,,skin-20000542,skin-30000542,,"-152.9,-104.5",skin-40000542,56,53
543,skin-10000543,0,1027,0,4,0,,skin-20000543,skin-30000543,,"-124.5,-133.1",skin-40000543,56,53
544,skin-10000544,0,1023,0,4,0,,skin-20000544,skin-30000544,,"-121.4,-158.3",skin-40000544,56,53
545,skin-10000545,0,1026,0,4,0,,skin-20000545,skin-30000545,,"-126.3,7.8",skin-40000545,56,53
546,skin-10000546,0,1029,0,4,0,,skin-20000546,skin-30000546,,"-169,-72.4",skin-40000546,60,53
547,skin-10000547,0,1028,0,4,0,,skin-20000547,skin-30000547,,"-61.4,-46.1",skin-40000547,60,53
548,skin-10000548,0,65,0,4,0,,skin-20000548,skin-30000548,,"-134,-74.2",skin-40000548,60,53
549,skin-10000549,0,20,0,4,0,,skin-20000549,skin-30000549,,"-180.1,-121.1",skin-40000549,60,53
550,skin-10000550,0,55,0,4,0,,skin-20000550,skin-30000550,,,skin-40000550,68,60
551,skin-10000551,0,56,0,4,0,,skin-20000551,skin-30000551,,,skin-40000551,68,60
552,skin-10000552,0,57,0,4,0,,skin-20000552,skin-30000552,,,skin-40000552,68,60
553,skin-10000553,0,54,0,4,0,,skin-20000553,skin-30000553,,,skin-40000553,68,60
554,skin-10000554,0,143,0,4,0,,skin-20000554,skin-30000554,,,skin-40000554,68,60
555,skin-10000555,0,103,0,4,0,,skin-20000555,skin-30000555,,,skin-40000555,73,64
556,skin-10000556,0,101,0,4,0,,skin-20000556,skin-30000556,,,skin-40000556,73,64
557,skin-10000557,0,65,0,4,0,,skin-20000557,skin-30000557,,,skin-40000557,73,64
558,skin-10000558,0,122,0,4,0,,skin-20000558,skin-30000558,,,skin-40000558,73,64
559,skin-10000559,0,102,0,4,0,,skin-20000559,skin-30000559,,,skin-40000559,73,64
560,skin-10000560,0,257,0,4,0,,skin-20000560,skin-30000560,,"-74.7,-105.2",skin-40000560,68,60
561,skin-10000561,0,315,0,4,0,,skin-20000561,skin-30000561,,,skin-40000561,68,60
562,skin-10000562,0,318,0,4,0,,skin-20000562,skin-30000562,,"-112.3,-15.4",skin-40000562,68,60
563,skin-10000563,0,316,0,4,0,,skin-20000563,skin-30000563,,,skin-40000563,68,60
564,skin-10000564,0,296,0,4,0,,skin-20000564,skin-30000564,,"-237.8,-104.6",skin-40000564,68,60
565,skin-10000565,0,64,0,4,0,,skin-20000565,skin-30000565,,"-40.4,-2.3",skin-40000565,68,60
567,skin-10000567,0,1030,0,4,0,,skin-20000567,skin-30000567,,"-87.1,36.7",skin-40000567,72,53
568,skin-10000568,0,1033,0,4,0,,skin-20000568,skin-30000568,,"-183.9,-138.2",skin-40000568,72,53
569,skin-10000569,0,1032,0,4,0,,skin-20000569,skin-30000569,,"-120,-106",skin-40000569,72,53
570,skin-10000570,0,1031,0,4,0,,skin-20000570,skin-30000570,,"-148.4,-141.2",skin-40000570,72,53
571,skin-10000571,0,1034,0,4,0,,skin-20000571,skin-30000571,,"-125,-25.8",skin-40000571,72,53
573,skin-10000573,0,116,0,4,0,,skin-20000573,skin-30000573,,,skin-40000573,81,0
574,skin-10000574,0,56,0,4,0,,skin-20000574,skin-30000574,,,skin-40000574,84,0
575,skin-10000575,0,361,0,4,0,,skin-20000575,skin-30000575,,,skin-40000575,93,80
576,skin-10000576,0,296,0,4,0,,skin-20000576,skin-30000576,,"-166.9,-104.2",skin-40000576,93,80
577,skin-10000577,0,318,0,4,0,,skin-20000577,skin-30000577,,"-190.5,-75.2",skin-40000577,93,80
578,skin-10000578,0,316,0,4,0,,skin-20000578,skin-30000578,,,skin-40000578,93,80
579,skin-10000579,0,315,0,4,0,,skin-20000579,skin-30000579,,"-172,2.1",skin-40000579,93,80
581,skin-10000581,0,65,0,4,0,,skin-20000581,skin-30000581,,,skin-40000581,93,80
582,skin-10000582,0,122,0,4,0,,skin-20000582,skin-30000582,,,skin-40000582,93,80
583,skin-10000583,0,101,0,4,0,,skin-20000583,skin-30000583,,,skin-40000583,93,80
584,skin-10000584,0,103,0,4,0,,skin-20000584,skin-30000584,,,skin-40000584,93,80
585,skin-10000585,0,102,0,4,0,,skin-20000585,skin-30000585,,,skin-40000585,93,80
586,skin-10000586,0,230,0,4,0,,skin-20000586,skin-30000586,,,skin-40000586,90,0
587,skin-10000587,0,1037,0,4,0,,skin-20000587,skin-30000587,,"-172,2.1",skin-40000587,79,0
588,skin-10000588,0,1041,0,4,0,,skin-20000588,skin-30000588,,"-173.8,134.9",skin-40000588,79,0
589,skin-10000589,0,1038,0,4,0,,skin-20000589,skin-30000589,,"-117.7,6.9",skin-40000589,79,0
590,skin-10000590,0,1039,0,4,0,,skin-20000590,skin-30000590,,"-115.1,1.4",skin-40000590,79,0
591,skin-10000591,0,1040,0,4,0,,skin-20000591,skin-30000591,,"23.6,58.5",skin-40000591,79,0
592,skin-10000592,0,1036,0,4,0,,skin-20000592,skin-30000592,,"-112.6,189",skin-40000592,79,0
593,skin-10000593,0,1035,0,4,0,,skin-20000593,skin-30000593,,"-352.1,67.5",skin-40000593,79,0
601,skin-10000601,0,6,40601,16,0,,skin-20000601,skin-30000601,,,skin-40000601,7,7
602,skin-10000602,0,21,40602,16,0,,skin-20000602,skin-30000602,,,skin-40000602,7,7
603,skin-10000603,0,29,40603,16,0,,skin-20000603,skin-30000603,,,skin-40000603,7,7
604,skin-10000604,0,50,40604,16,0,,skin-20000604,skin-30000604,,,skin-40000604,7,7
605,skin-10000605,0,85,40605,16,0,,skin-20000605,skin-30000605,,"18,-165",skin-40000605,7,7
606,skin-10000606,0,100,40606,16,0,,skin-20000606,skin-30000606,,,skin-40000606,7,7
607,skin-10000607,0,106,40607,16,0,,skin-20000607,skin-30000607,,,skin-40000607,7,7
701,skin-10000701,0,57,0,4,0,,skin-20000701,skin-30000701,,,skin-40000701,8,8
702,skin-10000702,0,97,0,4,0,,skin-20000702,skin-30000702,,,skin-40000702,8,8
703,skin-10000703,0,125,0,4,0,,skin-20000703,skin-30000703,,,skin-40000703,8,8
704,skin-10000704,0,138,0,4,0,,skin-20000704,skin-30000704,,,skin-40000704,8,8
801,skin-10000801,0,27,40801,4,0,,skin-20000801,skin-30000801,,"-4.5,-111.7",skin-40000801,9,9
802,skin-10000802,0,36,40802,4,0,,skin-20000802,skin-30000802,,,skin-40000802,9,9
803,skin-10000803,0,39,0,4,0,,skin-20000803,skin-30000803,,"-31.4,-190.9",skin-40000803,9,9
804,skin-10000804,0,48,40804,4,0,,skin-20000804,skin-30000804,,,skin-40000804,9,9
805,skin-10000805,0,65,40805,4,0,,skin-20000805,skin-30000805,,,skin-40000805,9,9
806,skin-10000806,0,75,0,4,0,,skin-20000806,skin-30000806,,,skin-40000806,9,9
807,skin-10000807,0,135,0,4,0,,skin-20000807,skin-30000807,,"35.8,-104.3",skin-40000807,9,9
808,skin-10000808,0,97,0,4,0,,skin-20000808,skin-30000808,,,skin-40000808,9,9
901,skin-10000901,0,50,40901,4,0,MLEMK1_0,skin-20000901,skin-30000901,,,skin-40000901,10,10
902,skin-10000902,0,25,40902,4,0,MP40_0,skin-20000902,skin-30000902,,,skin-40000902,10,10
903,skin-10000903,0,96,40903,4,0,Grizzly_0,skin-20000903,skin-30000903,,,skin-40000903,10,10
904,skin-10000904,0,112,40904,4,0,NEGEV_0,skin-20000904,skin-30000904,,,skin-40000904,10,10
905,skin-10000905,0,64,40905,4,0,G36_0,skin-20000905,skin-30000905,,,skin-40000905,10,10
1101,skin-10001101,0,53,41101,4,0,,skin-20001101,skin-30001101,,"-2.9,-122.4",skin-40001101,12,11
1102,skin-10001102,0,129,41102,4,0,,skin-20001102,skin-30001102,,"2.7,-147.4",skin-40001102,12,11
1103,skin-10001103,0,115,41103,4,0,,skin-20001103,skin-30001103,,,skin-40001103,12,11
1104,skin-10001104,0,146,41104,4,0,,skin-20001104,skin-30001104,,"-111.7,-53.5",skin-40001104,12,11
1105,skin-10001105,0,153,41105,4,0,,skin-20001105,skin-30001105,,,skin-40001105,12,11
1106,skin-10001106,0,34,41106,4,0,,skin-20001106,skin-30001106,,,skin-40001106,12,11
1107,skin-10001107,0,36,41107,4,0,,skin-20001107,skin-30001107,,,skin-40001107,12,11
1108,skin-10001108,0,48,41108,4,0,,skin-20001108,skin-30001108,,"-14,-100.7",skin-40001108,12,11
1109,skin-10001109,0,142,41109,4,0,,skin-20001109,skin-30001109,,,skin-40001109,12,11
1201,skin-10001201,0,173,41201,4,0,,skin-20001201,skin-30001201,,,skin-40001201,13,12
1202,skin-10001202,0,104,41202,4,0,,skin-20001202,skin-30001202,,,skin-40001202,13,12
1203,skin-10001203,0,119,41203,4,0,,skin-20001203,skin-30001203,,,skin-40001203,13,12
1204,skin-10001204,0,177,41204,4,0,,skin-20001204,skin-30001204,,"-65.8,-78",skin-40001204,13,12
1205,skin-10001205,0,26,41205,4,0,,skin-20001205,skin-30001205,,,skin-40001205,13,12
1301,skin-10001301,0,79,0,4,0,,skin-20001301,skin-30001301,,,skin-40001301,14,13
1302,skin-10001302,0,118,0,4,0,,skin-20001302,skin-30001302,,,skin-40001302,14,13
1303,skin-10001303,0,63,0,4,0,,skin-20001303,skin-30001303,,,skin-40001303,14,13
1304,skin-10001304,0,88,0,4,0,,skin-20001304,skin-30001304,,,skin-40001304,14,13
1305,skin-10001305,0,72,0,4,0,,skin-20001305,skin-30001305,,,skin-40001305,14,13
1401,skin-10001401,0,114,0,18,0,,skin-20001401,skin-30001401,3001,,skin-40001401,15,14
1402,skin-10001402,0,127,0,18,0,,skin-20001402,skin-30001402,3001,,skin-40001402,15,14
1403,skin-10001403,0,148,0,18,0,,skin-20001403,skin-30001403,3001,"-66,77",skin-40001403,15,14
1404,skin-10001404,0,100,0,18,0,,skin-20001404,skin-30001404,3001,,skin-40001404,15,14
1405,skin-10001405,0,168,0,18,0,,skin-20001405,skin-30001405,3001,,skin-40001405,15,14
1406,skin-10001406,0,70,0,18,0,,skin-20001406,skin-30001406,3001,,skin-40001406,15,14
1407,skin-10001407,0,124,0,18,0,,skin-20001407,skin-30001407,3001,,skin-40001407,15,14
1501,skin-10001501,0,16,0,4,0,,skin-20001501,skin-30001501,,,skin-40001501,17,15
1502,skin-10001502,0,183,41502,4,0,,skin-20001502,skin-30001502,,"-57.1,-208.7",skin-40001502,17,15
1503,skin-10001503,0,173,0,4,0,,skin-20001503,skin-30001503,,,skin-40001503,17,15
1504,skin-10001504,0,109,0,4,0,,skin-20001504,skin-30001504,,,skin-40001504,17,15
1505,skin-10001505,0,149,0,4,0,,skin-20001505,skin-30001505,,"-93,-61.6",skin-40001505,17,15
1506,skin-10001506,0,180,41506,4,0,,skin-20001506,skin-30001506,,"-145.2,-107",skin-40001506,17,15
1507,skin-10001507,0,64,0,4,0,,skin-20001507,skin-30001507,,,skin-40001507,17,15
1601,skin-10001601,0,172,0,19,0,,skin-20001601,skin-30001601,3002,,skin-40001601,18,16
1602,skin-10001602,0,122,0,19,0,,skin-20001602,skin-30001602,3002,,skin-40001602,18,16
1603,skin-10001603,0,196,0,19,0,,skin-20001603,skin-30001603,3002,"-40.5,-75.5",skin-40001603,18,16
1604,skin-10001604,0,166,0,19,0,,skin-20001604,skin-30001604,3002,,skin-40001604,18,16
1605,skin-10001605,0,185,0,19,0,,skin-20001605,skin-30001605,3002,,skin-40001605,18,16
1606,skin-10001606,0,75,0,19,0,,skin-20001606,skin-30001606,3002,,skin-40001606,18,16
1608,skin-10001608,0,145,0,19,0,,skin-20001608,skin-30001608,3002,"-129.3,-132.2",skin-40001608,18,16
1701,skin-10001701,0,128,0,4,0,,skin-20001701,skin-30001701,,,skin-40001701,19,17
1702,skin-10001702,0,126,0,4,0,,skin-20001702,skin-30001702,,,skin-40001702,19,17
1703,skin-10001703,0,98,0,4,0,,skin-20001703,skin-30001703,,,skin-40001703,19,17
1704,skin-10001704,0,156,0,4,0,,skin-20001704,skin-30001704,,,skin-40001704,19,17
1705,skin-10001705,0,159,0,4,0,,skin-20001705,skin-30001705,,,skin-40001705,19,17
1801,skin-10001801,0,179,0,15,0,,skin-20001801,skin-30001801,,,skin-40001801,20,18
1802,skin-10001802,0,188,0,15,0,,skin-20001802,skin-30001802,,"-88.8,-197.6",skin-40001802,20,18
1803,skin-10001803,0,175,0,15,0,,skin-20001803,skin-30001803,,"-37.7,-104.3",skin-40001803,20,18
1804,skin-10001804,0,192,0,15,0,,skin-20001804,skin-30001804,,,skin-40001804,20,18
1805,skin-10001805,0,99,0,15,0,,skin-20001805,skin-30001805,,"-43.5,-219.8",skin-40001805,20,18
1806,skin-10001806,0,155,0,15,0,,skin-20001806,skin-30001806,,,skin-40001806,20,18
1807,skin-10001807,0,174,0,15,0,,skin-20001807,skin-30001807,,,skin-40001807,20,18
1808,skin-10001808,0,81,0,15,0,,skin-20001808,skin-30001808,,,skin-40001808,20,18
1809,skin-10001809,0,95,0,15,0,,skin-20001809,skin-30001809,,,skin-40001809,20,18
1901,skin-10001901,0,20,41901,16,0,,skin-20001901,skin-30001901,,,skin-40001901,21,19
1902,skin-10001902,0,142,41902,16,0,,skin-20001902,skin-30001902,,,skin-40001902,21,19
1903,skin-10001903,0,26,41903,16,0,,skin-20001903,skin-30001903,,,skin-40001903,21,19
1904,skin-10001904,0,64,41904,16,0,,skin-20001904,skin-30001904,,"-70.8,-175.8",skin-40001904,21,19
1905,skin-10001905,0,66,41905,16,0,,skin-20001905,skin-30001905,,,skin-40001905,21,19
1906,skin-10001906,0,44,41906,16,0,,skin-20001906,skin-30001906,,,skin-40001906,21,19
2001,skin-10002001,0,194,0,4,0,,skin-20002001,skin-30002001,,,skin-40002001,22,20
2002,skin-10002002,0,212,0,4,0,,skin-20002002,skin-30002002,,,skin-40002002,22,20
2003,skin-10002003,0,177,0,4,0,,skin-20002003,skin-30002003,,,skin-40002003,22,20
2004,skin-10002004,0,133,0,4,0,,skin-20002004,skin-30002004,,,skin-40002004,22,20
2101,skin-10002101,0,179,0,4,0,,skin-20002101,skin-30002101,,,skin-40002101,24,21
2102,skin-10002102,0,96,0,4,0,,skin-20002102,skin-30002102,,,skin-40002102,24,21
2103,skin-10002103,0,114,0,4,0,,skin-20002103,skin-30002103,,"-120.8,-188.4",skin-40002103,24,21
2104,skin-10002104,0,196,0,4,0,,skin-20002104,skin-30002104,,"-91.8,-98",skin-40002104,24,21
2105,skin-10002105,0,1,0,4,0,,skin-20002105,skin-30002105,,"-43.6,-152.8",skin-40002105,24,21
2106,skin-10002106,0,101,0,4,0,,skin-20002106,skin-30002106,,,skin-40002106,24,21
2107,skin-10002107,0,103,0,4,0,,skin-20002107,skin-30002107,,,skin-40002107,24,21
2108,skin-10002108,0,93,0,4,0,,skin-20002108,skin-30002108,,,skin-40002108,24,21
2109,skin-10002109,0,131,0,4,0,,skin-20002109,skin-30002109,,,skin-40002109,24,21
2201,skin-10002201,0,197,42201,4,0,Carcano1891_0,skin-20002201,skin-30002201,,"-4.5,-122.1",skin-40002201,25,22
2202,skin-10002202,0,198,42202,4,0,Carcano1938_0,skin-20002202,skin-30002202,,,skin-40002202,25,22
2203,skin-10002203,0,142,42203,4,0,FN57_0,skin-20002203,skin-30002203,,,skin-40002203,25,22
2204,skin-10002204,0,136,42204,4,0,PP19_0,skin-20002204,skin-30002204,,,skin-40002204,25,22
2205,skin-10002205,0,213,42205,4,0,CBJMS_0,skin-20002205,skin-30002205,,,skin-40002205,25,22
2206,skin-10002206,0,202,42206,4,0,Thunder50_0,skin-20002206,skin-30002206,,,skin-40002206,25,22
2301,skin-10002301,0,53,0,4,0,,skin-20002301,skin-30002301,,,skin-40002301,26,23
2302,skin-10002302,0,183,0,4,0,,skin-20002302,skin-30002302,,,skin-40002302,26,23
2303,skin-10002303,0,97,0,4,0,,skin-20002303,skin-30002303,,,skin-40002303,26,23
2304,skin-10002304,0,146,0,4,0,,skin-20002304,skin-30002304,,,skin-40002304,26,23
2305,skin-10002305,0,201,0,4,0,,skin-20002305,skin-30002305,,,skin-40002305,26,23
2401,skin-10002401,0,62,42401,4,0,,skin-20002401,skin-30002401,,,skin-40002401,27,24
2402,skin-10002402,0,206,42402,4,0,,skin-20002402,skin-30002402,,"-35.8,-11.5",skin-40002402,27,24
2403,skin-10002403,0,163,42403,4,0,,skin-20002403,skin-30002403,,,skin-40002403,27,24
2404,skin-10002404,0,205,42404,4,0,,skin-20002404,skin-30002404,,"-162.6,-146.89",skin-40002404,27,24
2405,skin-10002405,0,28,42405,4,0,,skin-20002405,skin-30002405,,"-72.6,-40.3",skin-40002405,27,24
2406,skin-10002406,0,106,42406,4,0,,skin-20002406,skin-30002406,,"-64,-17",skin-40002406,27,24
2407,skin-10002407,0,64,42407,4,0,,skin-20002407,skin-30002407,,"-120.3,-162",skin-40002407,27,24
2408,skin-10002408,0,162,42408,4,0,,skin-20002408,skin-30002408,,,skin-40002408,27,24
2409,skin-10002409,0,185,42409,4,0,,skin-20002409,skin-30002409,,,skin-40002409,27,24
2410,skin-10002410,0,9,42410,4,0,,skin-20002410,skin-30002410,,,skin-40002410,27,24
2501,skin-10002501,0,109,42501,4,0,,skin-20002501,skin-30002501,,,skin-40002501,28,25
2502,skin-10002502,0,122,42502,4,0,,skin-20002502,skin-30002502,,,skin-40002502,28,25
2503,skin-10002503,0,151,42503,4,0,,skin-20002503,skin-30002503,,,skin-40002503,28,25
2504,skin-10002504,0,199,42504,4,0,,skin-20002504,skin-30002504,,,skin-40002504,28,25
2505,skin-10002505,0,152,42505,4,0,,skin-20002505,skin-30002505,,,skin-40002505,28,25
2601,skin-10002601,0,188,0,18,0,,skin-20002601,skin-30002601,3001,,skin-40002601,29,26
2602,skin-10002602,0,222,0,18,0,,skin-20002602,skin-30002602,3001,,skin-40002602,29,26
2603,skin-10002603,0,215,0,18,0,,skin-20002603,skin-30002603,3001,,skin-40002603,29,26
2604,skin-10002604,0,69,0,18,0,,skin-20002604,skin-30002604,3001,"-48.8,-156.4",skin-40002604,29,26
2605,skin-10002605,0,89,0,18,0,,skin-20002605,skin-30002605,3001,,skin-40002605,29,26
2606,skin-10002606,0,178,0,18,0,,skin-20002606,skin-30002606,3001,,skin-40002606,29,26
2701,skin-10002701,0,208,42701,4,0,,skin-20002701,skin-30002701,,,skin-40002701,30,27
2702,skin-10002702,0,192,42702,4,0,,skin-20002702,skin-30002702,,,skin-40002702,30,27
2703,skin-10002703,0,224,42703,4,0,,skin-20002703,skin-30002703,,"28.3,-88.7",skin-40002703,30,27
2704,skin-10002704,0,189,42704,4,0,,skin-20002704,skin-30002704,,,skin-40002704,30,27
2705,skin-10002705,0,167,42705,4,0,,skin-20002705,skin-30002705,,,skin-40002705,30,27
2706,skin-10002706,0,5,42706,4,0,,skin-20002706,skin-30002706,,"-106,26",skin-40002706,30,27
2801,skin-10002801,0,233,0,19,0,,skin-20002801,skin-30002801,3002,,skin-40002801,31,28
2802,skin-10002802,0,245,0,19,0,,skin-20002802,skin-30002802,3002,"-32.9,-157.8",skin-40002802,31,28
2803,skin-10002803,0,175,0,19,0,,skin-20002803,skin-30002803,3002,,skin-40002803,31,28
2804,skin-10002804,0,164,0,19,0,,skin-20002804,skin-30002804,3002,,skin-40002804,31,28
2805,skin-10002805,0,142,0,19,0,,skin-20002805,skin-30002805,3002,,skin-40002805,31,28
2806,skin-10002806,0,64,41904,19,0,G36_0,skin-20002806,skin-30002806,3002,,skin-40002806,31,28
2807,skin-10002807,0,176,0,19,0,,skin-20002807,skin-30002807,3002,,skin-40002807,31,28
2901,skin-10002901,0,243,0,15,0,,skin-20002901,skin-30002901,,,skin-40002901,32,29
2902,skin-10002902,0,172,0,15,0,,skin-20002902,skin-30002902,,,skin-40002902,32,29
2903,skin-10002903,0,228,0,15,0,,skin-20002903,skin-30002903,,"-73.1,-203.4",skin-40002903,32,29
2904,skin-10002904,0,198,0,15,0,,skin-20002904,skin-30002904,,,skin-40002904,32,29
2905,skin-10002905,0,197,0,15,0,,skin-20002905,skin-30002905,,"-122.63,-92",skin-40002905,32,29
2906,skin-10002906,0,165,0,15,0,,skin-20002906,skin-30002906,,"-89.6,-129.5",skin-40002906,32,29
2907,skin-10002907,0,60,0,15,0,,skin-20002907,skin-30002907,,,skin-40002907,32,29
2908,skin-10002908,0,249,0,15,0,,skin-20002908,skin-30002908,,,skin-40002908,32,29
3001,skin-10003001,0,119,0,15,0,,skin-20003001,skin-30003001,,,skin-40003001,34,30
3002,skin-10003002,0,59,0,15,0,,skin-20003002,skin-30003002,,,skin-40003002,34,30
3003,skin-10003003,0,238,0,15,0,,skin-20003003,skin-30003003,,,skin-40003003,34,30
3004,skin-10003004,0,148,0,15,0,,skin-20003004,skin-30003004,,"-1.8,-88",skin-40003004,34,30
3005,skin-10003005,0,166,0,15,0,,skin-20003005,skin-30003005,,,skin-40003005,34,30
3006,skin-10003006,0,26,0,15,0,,skin-20003006,skin-30003006,,,skin-40003006,34,30
3007,skin-10003007,0,210,0,15,0,,skin-20003007,skin-30003007,,,skin-40003007,34,30
3101,skin-10003101,0,115,43101,16,0,,skin-20003101,skin-30003101,,,skin-40003101,35,31
3102,skin-10003102,0,173,43102,16,0,,skin-20003102,skin-30003102,,,skin-40003102,35,31
3103,skin-10003103,0,104,43103,16,0,,skin-20003103,skin-30003103,,"-20.4,-142.1",skin-40003103,35,31
3105,skin-10003105,0,99,43105,16,0,,skin-20003105,skin-30003105,,,skin-40003105,35,31
3106,skin-10003106,0,184,43106,16,0,,skin-20003106,skin-30003106,,,skin-40003106,35,31
3107,skin-10003107,0,201,43107,16,0,,skin-20003107,skin-30003107,,,skin-40003107,35,31
3201,skin-10003201,0,183,43201,4,0,,skin-20003201,skin-30003201,,,skin-40003201,38,32
3202,skin-10003202,0,112,43202,4,0,,skin-20003202,skin-30003202,,"16.6,-128.4",skin-40003202,38,32
3203,skin-10003203,0,162,43203,4,0,,skin-20003203,skin-30003203,,,skin-40003203,38,32
3204,skin-10003204,0,6,43204,4,0,,skin-20003204,skin-30003204,,,skin-40003204,38,32
3205,skin-10003205,0,93,43205,4,0,,skin-20003205,skin-30003205,,,skin-40003205,38,32
3301,skin-10003301,0,194,43301,4,0,,skin-20003301,skin-30003301,,,skin-40003301,39,33
3302,skin-10003302,0,206,43302,4,0,,skin-20003302,skin-30003302,,"-27.1,-67.8",skin-40003302,39,33
3303,skin-10003303,0,205,43303,4,0,,skin-20003303,skin-30003303,,,skin-40003303,39,33
3304,skin-10003304,0,128,43304,4,0,,skin-20003304,skin-30003304,,,skin-40003304,39,33
3305,skin-10003305,0,215,43305,4,0,,skin-20003305,skin-30003305,,,skin-40003305,39,33
3306,skin-10003306,0,127,43306,4,0,,skin-20003306,skin-30003306,,"-85.7,-175.1",skin-40003306,39,33
3307,skin-10003307,0,146,43307,4,0,,skin-20003307,skin-30003307,,"-48.6,-180",skin-40003307,39,33
3308,skin-10003308,0,212,43308,4,0,,skin-20003308,skin-30003308,,,skin-40003308,39,33
3309,skin-10003309,0,202,43309,4,0,,skin-20003309,skin-30003309,,"-19,-202.9",skin-40003309,39,33
3401,skin-10003401,0,65,43401,4,0,HK416_0,skin-20003401,skin-30003401,,,skin-40003401,41,34
3402,skin-10003402,0,236,43402,4,0,K11_0,skin-20003402,skin-30003402,,"53.7,17.6",skin-40003402,41,34
3403,skin-10003403,0,103,43403,4,0,UMP45_0,skin-20003403,skin-30003403,,,skin-40003403,41,34
3404,skin-10003404,0,101,43404,4,0,UMP9_0,skin-20003404,skin-30003404,,,skin-40003404,41,34
3405,skin-10003405,0,252,43405,4,0,KSVK_0,skin-20003405,skin-30003405,,,skin-40003405,41,34
3406,skin-10003406,0,145,43406,4,0,OC44_0,skin-20003406,skin-30003406,,,skin-40003406,41,34
3501,skin-10003501,0,266,43501,4,0,,skin-20003501,skin-30003501,,,skin-40003501,42,35
3502,skin-10003502,0,253,43502,4,0,,skin-20003502,skin-30003502,,"-124.7,-31.2",skin-40003502,42,35
3503,skin-10003503,0,213,43503,4,0,,skin-20003503,skin-30003503,,,skin-40003503,42,35
3504,skin-10003504,0,238,43504,4,0,,skin-20003504,skin-30003504,,,skin-40003504,42,35
3505,skin-10003505,0,270,43505,4,0,,skin-20003505,skin-30003505,,,skin-40003505,42,35
3506,skin-10003506,0,113,43506,4,0,,skin-20003506,skin-30003506,,"41.5,-83.5",skin-40003506,42,35
3507,skin-10003507,0,116,43507,4,0,,skin-20003507,skin-30003507,,,skin-40003507,42,35
3601,skin-10003601,0,214,43601,4,0,,skin-20003601,skin-30003601,,,skin-40003601,43,36
3602,skin-10003602,0,188,43602,4,0,,skin-20003602,skin-30003602,,,skin-40003602,43,36
3603,skin-10003603,0,64,43603,4,0,,skin-20003603,skin-30003603,,,skin-40003603,43,36
3604,skin-10003604,0,79,43604,4,0,,skin-20003604,skin-30003604,,,skin-40003604,43,36
3605,skin-10003605,0,105,43605,4,0,,skin-20003605,skin-30003605,,,skin-40003605,43,36
3701,skin-10003701,0,260,0,4,0,,skin-20003701,skin-30003701,,,skin-40003701,44,37
3702,skin-10003702,0,129,0,4,0,,skin-20003702,skin-30003702,,"30,-174",skin-40003702,44,37
3703,skin-10003703,0,130,0,4,0,,skin-20003703,skin-30003703,,,skin-40003703,44,37
3704,skin-10003704,0,135,0,4,0,,skin-20003704,skin-30003704,,,skin-40003704,44,37
3705,skin-10003705,0,99,0,4,0,,skin-20003705,skin-30003705,,"17,-180",skin-40003705,44,37
3706,skin-10003706,0,155,0,4,0,,skin-20003706,skin-30003706,,,skin-40003706,44,37
3707,skin-10003707,0,154,0,4,0,,skin-20003707,skin-30003707,,,skin-40003707,44,37
3708,skin-10003708,0,176,0,4,0,,skin-20003708,skin-30003708,,"44,-136",skin-40003708,44,37
3801,skin-10003801,0,261,43801,18,0,,skin-20003801,skin-30003801,3001,,skin-40003801,45,38
3802,skin-10003802,0,104,43802,18,0,,skin-20003802,skin-30003802,3001,,skin-40003802,45,38
3803,skin-10003803,0,229,43803,18,0,,skin-20003803,skin-30003803,3001,,skin-40003803,45,38
3805,skin-10003805,0,252,43805,18,0,,skin-20003805,skin-30003805,3001,"19.7,-121.6",skin-40003805,45,38
3806,skin-10003806,0,88,43806,18,0,,skin-20003806,skin-30003806,3001,,skin-40003806,45,38
3807,skin-10003807,0,161,43807,18,0,,skin-20003807,skin-30003807,3001,"11.3,-55.7",skin-40003807,45,38
3808,skin-10003808,0,117,43808,18,0,,skin-20003808,skin-30003808,3001,,skin-40003808,45,38
3809,skin-10003809,0,223,43809,18,0,,skin-20003809,skin-30003809,3001,,skin-40003809,45,38
3901,skin-10003901,0,160,0,4,0,,skin-20003901,skin-30003901,,,skin-40003901,46,39
3902,skin-10003902,0,242,0,4,0,,skin-20003902,skin-30003902,,,skin-40003902,46,39
3903,skin-10003903,0,254,0,4,0,,skin-20003903,skin-30003903,,,skin-40003903,46,39
3904,skin-10003904,0,77,0,4,0,,skin-20003904,skin-30003904,,,skin-40003904,46,39
3905,skin-10003905,0,10,0,4,0,,skin-20003905,skin-30003905,,,skin-40003905,46,39
4001,skin-10004001,0,253,0,19,0,,skin-20004001,skin-30004001,3002,,skin-40004001,47,40
4002,skin-10004002,0,208,0,19,0,,skin-20004002,skin-30004002,3002,"-42.2,-131.5",skin-40004002,47,40
4003,skin-10004003,0,281,0,19,0,,skin-20004003,skin-30004003,3002,,skin-40004003,47,40
4004,skin-10004004,0,228,0,19,0,,skin-20004004,skin-30004004,3002,,skin-40004004,47,40
4005,skin-10004005,0,203,0,19,0,,skin-20004005,skin-30004005,3002,"-50.4,-116.1",skin-40004005,47,40
4006,skin-10004006,0,201,0,19,0,,skin-20004006,skin-30004006,3002,,skin-40004006,47,40
4007,skin-10004007,0,81,0,19,0,,skin-20004007,skin-30004007,3002,,skin-40004007,47,40
4101,skin-10004101,0,135,0,15,0,,skin-20004101,skin-30004101,,,skin-40004101,48,41
4102,skin-10004102,0,122,0,15,0,,skin-20004102,skin-30004102,,"-102.5,-139.5",skin-40004102,48,41
4103,skin-10004103,0,270,0,15,0,,skin-20004103,skin-30004103,,"-102.7,-188.7",skin-40004103,48,41
4104,skin-10004104,0,118,0,15,0,,skin-20004104,skin-30004104,,,skin-40004104,48,41
4105,skin-10004105,0,88,0,15,0,,skin-20004105,skin-30004105,,,skin-40004105,48,41
4106,skin-10004106,0,35,0,15,0,,skin-20004106,skin-30004106,,,skin-40004106,48,41
4107,skin-10004107,0,256,0,15,0,,skin-20004107,skin-30004107,,,skin-40004107,48,41
4201,skin-10004201,0,282,0,15,0,,skin-20004201,skin-30004201,,,skin-40004201,49,42
4202,skin-10004202,0,260,0,15,0,,skin-20004202,skin-30004202,,,skin-40004202,49,42
4203,skin-10004203,0,173,0,15,0,,skin-20004203,skin-30004203,,,skin-40004203,49,42
4204,skin-10004204,0,234,0,15,0,,skin-20004204,skin-30004204,,"-91.9,-164.9",skin-40004204,49,42
4205,skin-10004205,0,263,0,15,0,,skin-20004205,skin-30004205,,"-144.9,-113.2",skin-40004205,49,42
4206,skin-10004206,0,181,0,15,0,,skin-20004206,skin-30004206,,,skin-40004206,49,42
4207,skin-10004207,0,98,0,15,0,,skin-20004207,skin-30004207,,,skin-40004207,49,42
4209,skin-10004209,0,262,0,15,0,,skin-20004209,skin-30004209,,,skin-40004209,49,42
4210,skin-10004210,0,87,0,15,0,,skin-20004210,skin-30004210,,,skin-40004210,49,42
4301,skin-10004301,0,46,44301,16,0,,skin-20004301,skin-30004301,,,skin-40004301,50,43
4302,skin-10004302,0,97,44302,16,0,,skin-20004302,skin-30004302,,,skin-40004302,50,43
4303,skin-10004303,0,96,44303,16,0,,skin-20004303,skin-30004303,,"-133,-195.2",skin-40004303,50,43
4304,skin-10004304,0,196,44304,16,0,,skin-20004304,skin-30004304,,,skin-40004304,50,43
4305,skin-10004305,0,165,44305,16,0,,skin-20004305,skin-30004305,,,skin-40004305,50,43
4306,skin-10004306,0,7,44306,16,0,,skin-20004306,skin-30004306,,"-177.5,-178.2",skin-40004306,50,43
4308,skin-10004308,0,70,44308,16,0,,skin-20004308,skin-30004308,,"-171.5,-204.6",skin-40004308,50,43
4309,skin-10004309,0,159,44309,16,0,,skin-20004309,skin-30004309,,,skin-40004309,50,43
4310,skin-10004310,0,8,44310,16,0,,skin-20004310,skin-30004310,,,skin-40004310,50,43
4401,skin-10004401,0,163,0,4,0,,skin-20004401,skin-30004401,,"-193,-102.7",skin-40004401,51,44
4402,skin-10004402,0,260,0,4,0,,skin-20004402,skin-30004402,,,skin-40004402,51,44
4403,skin-10004403,0,227,0,4,0,,skin-20004403,skin-30004403,,,skin-40004403,51,44
4404,skin-10004404,0,269,0,4,0,,skin-20004404,skin-30004404,,,skin-40004404,51,44
4405,skin-10004405,0,137,0,4,0,,skin-20004405,skin-30004405,,,skin-40004405,51,44
4406,skin-10004406,0,190,0,4,0,,skin-20004406,skin-30004406,,,skin-40004406,51,44
4501,skin-10004501,0,119,0,4,0,,skin-20004501,skin-30004501,,,skin-40004501,53,45
4502,skin-10004502,0,257,0,4,0,,skin-20004502,skin-30004502,,"-49.4,-58.3",skin-40004502,53,45
4503,skin-10004503,0,261,0,4,0,,skin-20004503,skin-30004503,,,skin-40004503,53,45
4504,skin-10004504,0,143,0,4,0,,skin-20004504,skin-30004504,,"-100.5,-110.5",skin-40004504,53,45
4505,skin-10004505,0,55,0,4,0,,skin-20004505,skin-30004505,,"-144.6,-96.2",skin-40004505,53,45
4506,skin-10004506,0,54,0,4,0,,skin-20004506,skin-30004506,,"-381.6,-8.7",skin-40004506,53,45
4507,skin-10004507,0,56,0,4,0,,skin-20004507,skin-30004507,,"-108.6,32.9",skin-40004507,53,45
4508,skin-10004508,0,57,0,4,0,,skin-20004508,skin-30004508,,"-107.9,95.7",skin-40004508,53,45
4509,skin-10004509,0,252,0,4,0,,skin-20004509,skin-30004509,,,skin-40004509,53,45
4510,skin-10004510,0,160,0,4,0,,skin-20004510,skin-30004510,,,skin-40004510,53,45
4511,skin-10004511,0,284,0,4,0,,skin-20004511,skin-30004511,,,skin-40004511,53,45
4514,skin-10004514,0,2,0,4,0,,skin-20004514,skin-30004514,,,skin-40004514,53,45
4601,skin-10004601,0,306,44601,4,0,AKAlfa_0,skin-20004601,skin-30004601,,,skin-40004601,53,46
4602,skin-10004602,0,303,44602,4,0,BrowningHP_0,skin-20004602,skin-30004602,,,skin-40004602,53,46
4603,skin-10004603,0,251,44603,4,0,X95_0,skin-20004603,skin-30004603,,"-109.55,-189.1",skin-40004603,53,46
4604,skin-10004604,0,69,44604,4,0,FAMAS_0,skin-20004604,skin-30004604,,"-365.2,150.2",skin-40004604,53,46
4605,skin-10004605,0,184,44605,4,0,T5000_0,skin-20004605,skin-30004605,,,skin-40004605,53,46
4606,skin-10004606,0,176,44606,4,0,TMP_0,skin-20004606,skin-30004606,,,skin-40004606,53,46
4607,skin-10004607,0,131,44607,4,0,EVO3_0,skin-20004607,skin-30004607,,,skin-40004607,53,46
4702,skin-10004702,0,234,44702,4,0,,skin-20004702,skin-30004702,,,skin-40004702,55,47
4703,skin-10004703,0,307,44703,4,0,,skin-20004703,skin-30004703,,,skin-40004703,55,47
4704,skin-10004704,0,296,44704,4,0,,skin-20004704,skin-30004704,,"-272.8,-122.3",skin-40004704,55,47
4705,skin-10004705,0,136,44705,4,0,,skin-20004705,skin-30004705,,,skin-40004705,55,47
4706,skin-10004706,0,286,44706,4,0,,skin-20004706,skin-30004706,,"-99.7,25.2",skin-40004706,55,47
4707,skin-10004707,0,187,44707,4,0,,skin-20004707,skin-30004707,,,skin-40004707,55,47
4708,skin-10004708,0,14,44708,4,0,,skin-20004708,skin-30004708,,"-116.9,-42",skin-40004708,55,47
4709,skin-10004709,0,51,44709,4,0,,skin-20004709,skin-30004709,,,skin-40004709,55,47
4801,skin-10004801,0,53,0,4,0,,skin-20004801,skin-30004801,,,skin-40004801,57,48
4802,skin-10004802,0,73,0,4,0,,skin-20004802,skin-30004802,,,skin-40004802,57,48
4803,skin-10004803,0,39,0,4,0,,skin-20004803,skin-30004803,,,skin-40004803,57,48
4804,skin-10004804,0,121,0,4,0,,skin-20004804,skin-30004804,,,skin-40004804,57,48
4805,skin-10004805,0,152,0,4,0,,skin-20004805,skin-30004805,,,skin-40004805,57,48
4901,skin-10004901,0,282,0,4,0,,skin-20004901,skin-30004901,,,skin-40004901,58,49
4902,skin-10004902,0,109,0,4,0,,skin-20004902,skin-30004902,,,skin-40004902,58,49
4903,skin-10004903,0,263,0,4,0,,skin-20004903,skin-30004903,,"-96.1,196.61",skin-40004903,58,49
4904,skin-10004904,0,266,0,4,0,,skin-20004904,skin-30004904,,,skin-40004904,58,49
4905,skin-10004905,0,228,0,4,0,,skin-20004905,skin-30004905,,,skin-40004905,58,49
4906,skin-10004906,0,305,0,4,0,,skin-20004906,skin-30004906,,"-176.3,-59",skin-40004906,58,49
4907,skin-10004907,0,182,0,4,0,,skin-20004907,skin-30004907,,,skin-40004907,58,49
4908,skin-10004908,0,93,0,4,0,,skin-20004908,skin-30004908,,,skin-40004908,58,49
5000,skin-10005000,0,20002,0,4,2,,skin-20005000,skin-30005000,,,skin-40005000,0,0
5001,skin-10005001,0,20051,0,4,2,,skin-20005001,skin-30005001,,,skin-40005001,0,0
5002,skin-10005002,0,20094,0,4,2,,skin-20005002,skin-30005002,,,skin-40005002,0,0
5003,skin-10005003,0,20057,0,4,2,,skin-20005003,skin-30005003,,,skin-40005003,0,0
5004,skin-10005004,0,20093,0,4,2,,skin-20005004,skin-30005004,,,skin-40005004,0,0
5005,skin-10005005,0,20055,0,4,2,,skin-20005005,skin-30005005,,,skin-40005005,0,0
5006,skin-10005006,0,20005,0,4,2,,skin-20005006,skin-30005006,,,skin-40005006,0,0
5007,skin-10005007,0,20039,0,4,2,,skin-20005007,skin-30005007,,,skin-40005007,0,0
5008,skin-10005008,0,20075,0,4,2,,skin-20005008,skin-30005008,,,skin-40005008,0,0
5009,skin-10005009,0,20091,0,4,2,,skin-20005009,skin-30005009,,,skin-40005009,0,0
5010,skin-10005010,0,20001,0,4,2,,skin-20005010,skin-30005010,,,skin-40005010,0,0
5011,skin-10005011,0,20044,0,4,2,,skin-20005011,skin-30005011,,,skin-40005011,0,0
5012,skin-10005012,0,20063,0,4,2,,skin-20005012,skin-30005012,,,skin-40005012,0,0
5013,skin-10005013,0,20089,0,4,2,,skin-20005013,skin-30005013,,,skin-40005013,0,0
5014,skin-10005014,0,20056,0,4,2,,skin-20005014,skin-30005014,,,skin-40005014,0,0
5015,skin-10005015,0,20103,0,4,2,,skin-20005015,skin-30005015,,,skin-40005015,0,0
5016,skin-10005016,0,20029,0,4,2,,skin-20005016,skin-30005016,,,skin-40005016,0,0
5017,skin-10005017,0,20037,0,4,2,,skin-20005017,skin-30005017,,,skin-40005017,0,0
5018,skin-10005018,0,20064,0,4,2,,skin-20005018,skin-30005018,,,skin-40005018,0,0
5019,skin-10005019,0,20081,0,4,2,,skin-20005019,skin-30005019,,,skin-40005019,0,0
5020,skin-10005020,0,20032,0,4,2,,skin-20005020,skin-30005020,,,skin-40005020,0,0
5021,skin-10005021,0,20060,0,4,2,,skin-20005021,skin-30005021,,,skin-40005021,0,0
5022,skin-10005022,0,20061,0,4,2,,skin-20005022,skin-30005022,,,skin-40005022,0,0
5023,skin-10005023,0,20026,0,4,2,,skin-20005023,skin-30005023,,,skin-40005023,0,0
5024,skin-10005024,0,20065,0,4,2,,skin-20005024,skin-30005024,,,skin-40005024,0,0
5025,skin-10005025,0,20095,0,4,2,,skin-20005025,skin-30005025,,,skin-40005025,0,0
5026,skin-10005026,0,20101,0,4,2,,skin-20005026,skin-30005026,,,skin-40005026,0,0
5027,skin-10005027,0,20007,0,4,2,,skin-20005027,skin-30005027,,,skin-40005027,0,0
5028,skin-10005028,0,20012,0,4,2,,skin-20005028,skin-30005028,,,skin-40005028,0,0
5029,skin-10005029,0,20031,0,4,2,,skin-20005029,skin-30005029,,,skin-40005029,0,0
5030,skin-10005030,0,20053,0,4,2,,skin-20005030,skin-30005030,,,skin-40005030,0,0
5031,skin-10005031,0,20097,0,4,2,,skin-20005031,skin-30005031,,,skin-40005031,0,0
5032,skin-10005032,0,20154,0,4,2,,skin-20005032,skin-30005032,,,skin-40005032,0,0
5033,skin-10005033,0,20221,0,4,2,,skin-20005033,skin-30005033,,,skin-40005033,0,0
5034,skin-10005034,0,20252,0,4,2,,skin-20005034,skin-30005034,,,skin-40005034,0,0
5035,skin-10005035,0,20122,0,4,2,,skin-20005035,skin-30005035,,,skin-40005035,0,0
5036,skin-10005036,0,20124,0,4,2,,skin-20005036,skin-30005036,,,skin-40005036,0,0
5037,skin-10005037,0,20143,0,4,2,,skin-20005037,skin-30005037,,,skin-40005037,0,0
5038,skin-10005038,0,20161,0,4,2,,skin-20005038,skin-30005038,,,skin-40005038,0,0
5039,skin-10005039,0,20071,0,4,2,,skin-20005039,skin-30005039,,,skin-40005039,0,0
5040,skin-10005040,0,20136,0,4,2,,skin-20005040,skin-30005040,,,skin-40005040,0,0
5041,skin-10005041,0,20152,0,4,2,,skin-20005041,skin-30005041,,,skin-40005041,0,0
5042,skin-10005042,0,20049,0,4,2,,skin-20005042,skin-30005042,,,skin-40005042,0,0
5043,skin-10005043,0,20114,0,4,2,,skin-20005043,skin-30005043,,,skin-40005043,0,0
5044,skin-10005044,0,20178,0,4,2,,skin-20005044,skin-30005044,,,skin-40005044,0,0
5045,skin-10005045,0,20199,0,4,2,,skin-20005045,skin-30005045,,,skin-40005045,0,0
5046,skin-10005046,0,20008,0,4,2,,skin-20005046,skin-30005046,,,skin-40005046,0,0
5047,skin-10005047,0,20125,0,4,2,,skin-20005047,skin-30005047,,,skin-40005047,0,0
5048,skin-10005048,0,20159,0,4,2,,skin-20005048,skin-30005048,,,skin-40005048,0,0
5049,skin-10005049,0,20200,0,4,2,,skin-20005049,skin-30005049,,,skin-40005049,0,0
5050,skin-10005050,0,20104,0,4,2,,skin-20005050,skin-30005050,,,skin-40005050,0,0
5051,skin-10005051,0,20171,0,4,2,,skin-20005051,skin-30005051,,,skin-40005051,0,0
5052,skin-10005052,0,20201,0,4,2,,skin-20005052,skin-30005052,,,skin-40005052,0,0
5053,skin-10005053,0,20220,0,4,2,,skin-20005053,skin-30005053,,,skin-40005053,0,0
5054,skin-10005054,0,20021,0,4,2,,skin-20005054,skin-30005054,,,skin-40005054,0,0
5055,skin-10005055,0,20205,0,4,2,,skin-20005055,skin-30005055,,,skin-40005055,0,0
5056,skin-10005056,0,20216,0,4,2,,skin-20005056,skin-30005056,,,skin-40005056,0,0
5057,skin-10005057,0,20293,0,4,2,,skin-20005057,skin-30005057,,,skin-40005057,0,0
5058,skin-10005058,0,20010,0,4,2,,skin-20005058,skin-30005058,,,skin-40005058,0,0
5059,skin-10005059,0,20088,0,4,2,,skin-20005059,skin-30005059,,,skin-40005059,0,0
5060,skin-10005060,0,20115,0,4,2,,skin-20005060,skin-30005060,,,skin-40005060,0,0
5061,skin-10005061,0,20230,0,4,2,,skin-20005061,skin-30005061,,,skin-40005061,0,0
5062,skin-10005062,0,20013,0,4,2,,skin-20005062,skin-30005062,,,skin-40005062,0,0
5063,skin-10005063,0,20046,0,4,2,,skin-20005063,skin-30005063,,,skin-40005063,0,0
5064,skin-10005064,0,20050,0,4,2,,skin-20005064,skin-30005064,,,skin-40005064,0,0
5065,skin-10005065,0,20066,0,4,2,,skin-20005065,skin-30005065,,,skin-40005065,0,0
5101,skin-10005101,0,316,0,18,0,,skin-20005101,skin-30005101,,,skin-40005101,59,50
5102,skin-10005102,0,276,0,18,0,,skin-20005102,skin-30005102,,,skin-40005102,59,50
5103,skin-10005103,0,130,0,18,0,,skin-20005103,skin-30005103,,"-228.13,102.3",skin-40005103,59,50
5104,skin-10005104,0,295,0,18,0,,skin-20005104,skin-30005104,,,skin-40005104,59,50
5105,skin-10005105,0,297,0,18,0,,skin-20005105,skin-30005105,,,skin-40005105,59,50
5106,skin-10005106,0,6,0,18,0,,skin-20005106,skin-30005106,,"-154.45,-47.3",skin-40005106,59,50
5107,skin-10005107,0,38,0,18,0,,skin-20005107,skin-30005107,,,skin-40005107,59,50
5201,skin-10005201,0,104,0,4,0,,skin-20005201,skin-30005201,,,skin-40005201,61,51
5202,skin-10005202,0,296,0,4,0,,skin-20005202,skin-30005202,,,skin-40005202,61,51
5203,skin-10005203,0,318,0,4,0,,skin-20005203,skin-30005203,,"-138.5,-87.5",skin-40005203,61,51
5204,skin-10005204,0,156,0,4,0,,skin-20005204,skin-30005204,,,skin-40005204,61,51
5205,skin-10005205,0,304,0,4,0,,skin-20005205,skin-30005205,,,skin-40005205,61,51
5206,skin-10005206,0,244,0,4,0,,skin-20005206,skin-30005206,,,skin-40005206,61,51
5301,skin-10005301,0,312,0,19,0,,skin-20005301,skin-30005301,,,skin-40005301,62,54
5302,skin-10005302,0,289,0,19,0,,skin-20005302,skin-30005302,,,skin-40005302,62,54
5303,skin-10005303,0,313,0,19,0,,skin-20005303,skin-30005303,,,skin-40005303,62,54
5304,skin-10005304,0,250,0,19,0,,skin-20005304,skin-30005304,,"-67.7,68.8",skin-40005304,62,54
5305,skin-10005305,0,270,0,19,0,,skin-20005305,skin-30005305,,,skin-40005305,62,54
5306,skin-10005306,0,212,0,19,0,,skin-20005306,skin-30005306,,"-84.61,-120.2",skin-40005306,62,54
5307,skin-10005307,0,319,0,19,0,,skin-20005307,skin-30005307,,"22.3,51",skin-40005307,62,54
5308,skin-10005308,0,95,0,19,0,,skin-20005308,skin-30005308,,,skin-40005308,62,54
5309,skin-10005309,0,5,0,19,0,,skin-20005309,skin-30005309,,,skin-40005309,62,54
5401,skin-10005401,0,274,0,15,0,,skin-20005401,skin-30005401,,"-123.0,124.5",skin-40005401,63,55
5402,skin-10005402,0,160,0,15,0,,skin-20005402,skin-30005402,,,skin-40005402,63,55
5403,skin-10005403,0,97,0,15,0,,skin-20005403,skin-30005403,,,skin-40005403,63,55
5404,skin-10005404,0,150,0,15,0,,skin-20005404,skin-30005404,,"-99,-106",skin-40005404,63,55
5405,skin-10005405,0,103,0,15,0,,skin-20005405,skin-30005405,,,skin-40005405,63,55
5406,skin-10005406,0,254,0,15,0,,skin-20005406,skin-30005406,,"-108,-116",skin-40005406,63,55
5407,skin-10005407,0,230,0,15,0,,skin-20005407,skin-30005407,,,skin-40005407,63,55
5408,skin-10005408,0,131,0,15,0,,skin-20005408,skin-30005408,,,skin-40005408,63,55
5501,skin-10005501,0,253,0,15,0,,skin-20005501,skin-30005501,,,skin-40005501,64,56
5502,skin-10005502,0,261,0,15,0,,skin-20005502,skin-30005502,,,skin-40005502,64,56
5503,skin-10005503,0,315,0,15,0,,skin-20005503,skin-30005503,,"-1.6,-144.7",skin-40005503,64,56
5504,skin-10005504,0,252,0,15,0,,skin-20005504,skin-30005504,,,skin-40005504,64,56
5505,skin-10005505,0,302,0,15,0,,skin-20005505,skin-30005505,,,skin-40005505,64,56
5506,skin-10005506,0,43,0,15,0,,skin-20005506,skin-30005506,,"-97,14.86",skin-40005506,64,56
5507,skin-10005507,0,13,0,15,0,,skin-20005507,skin-30005507,,,skin-40005507,64,56
5508,skin-10005508,0,49,0,15,0,,skin-20005508,skin-30005508,,,skin-40005508,64,56
5601,skin-10005601,0,294,45601,16,0,,skin-20005601,skin-30005601,,"-237.8,61.9",skin-40005601,65,57
5602,skin-10005602,0,119,45602,16,0,,skin-20005602,skin-30005602,,,skin-40005602,65,57
5603,skin-10005603,0,307,45603,16,0,,skin-20005603,skin-30005603,,,skin-40005603,65,57
5604,skin-10005604,0,129,45604,16,0,,skin-20005604,skin-30005604,,"-46.7,-140.8",skin-40005604,65,57
5605,skin-10005605,0,153,45605,16,0,,skin-20005605,skin-30005605,,,skin-40005605,65,57
5606,skin-10005606,0,216,45606,16,0,,skin-20005606,skin-30005606,,,skin-40005606,65,57
5607,skin-10005607,0,174,45607,16,0,,skin-20005607,skin-30005607,,,skin-40005607,65,57
5608,skin-10005608,0,94,45608,16,0,,skin-20005608,skin-30005608,,,skin-40005608,65,57
5701,skin-10005701,0,245,0,4,0,,skin-20005701,skin-30005701,,,skin-40005701,67,58
5702,skin-10005702,0,243,0,4,0,,skin-20005702,skin-30005702,,,skin-40005702,67,58
5703,skin-10005703,0,16,0,4,0,,skin-20005703,skin-30005703,,,skin-40005703,67,58
5704,skin-10005704,0,317,0,4,0,,skin-20005704,skin-30005704,,"-22.11,-167.2",skin-40005704,67,58
5706,skin-10005706,0,262,0,4,0,,skin-20005706,skin-30005706,,,skin-40005706,67,58
5707,skin-10005707,0,258,0,4,0,,skin-20005707,skin-30005707,,,skin-40005707,67,58
5801,skin-10005801,0,285,0,4,0,,skin-20005801,skin-30005801,,,skin-40005801,69,61
5802,skin-10005802,0,260,0,4,0,,skin-20005802,skin-30005802,,,skin-40005802,69,61
5803,skin-10005803,0,231,0,4,0,,skin-20005803,skin-30005803,,"-183,101.6",skin-40005803,69,61
5804,skin-10005804,0,312,0,4,0,,skin-20005804,skin-30005804,,"-100.7,-115.2",skin-40005804,69,61
5805,skin-10005805,0,161,0,4,0,,skin-20005805,skin-30005805,,,skin-40005805,69,61
5806,skin-10005806,0,330,0,4,0,,skin-20005806,skin-30005806,,,skin-40005806,69,61
5807,skin-10005807,0,108,0,4,0,,skin-20005807,skin-30005807,,,skin-40005807,69,61
5808,skin-10005808,0,21,0,4,0,,skin-20005808,skin-30005808,,,skin-40005808,69,61
5901,skin-10005901,0,339,45901,4,0,RPK203_0,skin-20005901,skin-30005901,,,skin-40005901,70,62
5902,skin-10005902,0,311,45902,4,0,Lusa_0,skin-20005902,skin-30005902,,"-122.55,-129.8",skin-40005902,70,62
5903,skin-10005903,0,313,45903,4,0,SACR_0,skin-20005903,skin-30005903,,,skin-40005903,70,62
5904,skin-10005904,0,173,45904,4,0,PKP_0,skin-20005904,skin-30005904,,,skin-40005904,70,62
5905,skin-10005905,0,295,45905,4,0,06TypeSMG_0,skin-20005905,skin-30005905,,,skin-40005905,70,62
5906,skin-10005906,0,187,45906,4,0,Ak5_0,skin-20005906,skin-30005906,,"-73.69,-61.4",skin-40005906,70,62
5907,skin-10005907,0,297,45907,4,0,M82_0,skin-20005907,skin-30005907,,,skin-40005907,70,62
5908,skin-10005908,0,182,45908,4,0,wz29_0,skin-20005908,skin-30005908,,"-5.1,-57.61",skin-40005908,70,62
6101,skin-10006101,0,323,46101,4,0,,skin-20006101,skin-30006101,,,skin-40006101,71,63
6102,skin-10006102,0,282,46102,4,0,,skin-20006102,skin-30006102,,,skin-40006102,71,63
6103,skin-10006103,0,233,46103,4,0,,skin-20006103,skin-30006103,,,skin-40006103,71,63
6105,skin-10006105,0,336,46105,4,0,,skin-20006105,skin-30006105,,"-67.9,-88.74",skin-40006105,71,63
6106,skin-10006106,0,254,46106,4,0,,skin-20006106,skin-30006106,,,skin-40006106,71,63
6107,skin-10006107,0,325,46107,4,0,,skin-20006107,skin-30006107,,"-17.5,38.8",skin-40006107,71,63
6108,skin-10006108,0,322,46108,4,0,,skin-20006108,skin-30006108,,"-298.8,-79",skin-40006108,71,63
6109,skin-10006109,0,10,46109,4,0,,skin-20006109,skin-30006109,,,skin-40006109,71,63
6201,skin-10006201,0,259,0,4,0,,skin-20006201,skin-30006201,,,skin-40006201,74,65
6202,skin-10006202,0,337,0,4,0,,skin-20006202,skin-30006202,,,skin-40006202,74,65
6203,skin-10006203,0,226,0,4,0,,skin-20006203,skin-30006203,,,skin-40006203,74,65
6204,skin-10006204,0,118,0,4,0,,skin-20006204,skin-30006204,,,skin-40006204,74,65
6205,skin-10006205,0,6,0,4,0,,skin-20006205,skin-30006205,,,skin-40006205,74,65
6206,skin-10006206,0,305,0,4,0,,skin-20006206,skin-30006206,,"-93.5,-33.3",skin-40006206,74,65
6207,skin-10006207,0,145,0,4,0,,skin-20006207,skin-30006207,,,skin-40006207,74,65
6301,skin-10006301,0,315,0,4,0,,skin-20006301,skin-30006301,,,skin-40006301,75,66
6302,skin-10006302,0,296,0,4,0,,skin-20006302,skin-30006302,,,skin-40006302,75,66
6303,skin-10006303,0,341,0,4,0,,skin-20006303,skin-30006303,,,skin-40006303,75,66
6304,skin-10006304,0,317,0,4,0,,skin-20006304,skin-30006304,,"-118.4,-133.4",skin-40006304,75,66
6305,skin-10006305,0,310,0,4,0,,skin-20006305,skin-30006305,,,skin-40006305,75,66
6306,skin-10006306,0,223,0,4,0,,skin-20006306,skin-30006306,,,skin-40006306,75,66
6401,skin-10006401,0,129,0,18,0,,skin-20006401,skin-30006401,,,skin-40006401,76,67
6402,skin-10006402,0,329,0,18,0,,skin-20006402,skin-30006402,,"41.5,-158.6",skin-40006402,76,67
6403,skin-10006403,0,213,0,18,0,,skin-20006403,skin-30006403,,,skin-40006403,76,67
6404,skin-10006404,0,286,0,18,0,,skin-20006404,skin-30006404,,,skin-40006404,76,67
6405,skin-10006405,0,220,0,18,0,,skin-20006405,skin-30006405,,,skin-40006405,76,67
6406,skin-10006406,0,81,0,18,0,,skin-20006406,skin-30006406,,,skin-40006406,76,67
6501,skin-10006501,0,272,0,4,0,,skin-20006501,skin-30006501,,"0.5,-38.9",skin-40006501,77,69
6502,skin-10006502,0,338,0,4,0,,skin-20006502,skin-30006502,,,skin-40006502,77,69
6503,skin-10006503,0,95,0,4,0,,skin-20006503,skin-30006503,,,skin-40006503,77,69
6504,skin-10006504,0,263,0,4,0,,skin-20006504,skin-30006504,,,skin-40006504,77,69
6505,skin-10006505,0,65,0,4,0,,skin-20006505,skin-30006505,,,skin-40006505,77,69
6507,skin-10006507,0,178,0,4,0,,skin-20006507,skin-30006507,,,skin-40006507,77,69
6601,skin-10006601,0,290,0,19,0,,skin-20006601,skin-30006601,,,skin-40006601,79,70
6603,skin-10006603,0,4,0,19,0,,skin-20006603,skin-30006603,,,skin-40006603,79,70
6604,skin-10006604,0,333,0,19,0,,skin-20006604,skin-30006604,,"-298.7,89.7",skin-40006604,79,70
6605,skin-10006605,0,288,0,19,0,,skin-20006605,skin-30006605,,,skin-40006605,79,70
6606,skin-10006606,0,225,0,19,0,,skin-20006606,skin-30006606,,,skin-40006606,79,70
6607,skin-10006607,0,304,0,19,0,,skin-20006607,skin-30006607,,,skin-40006607,79,70
6608,skin-10006608,0,70,0,19,0,,skin-20006608,skin-30006608,,"-215.8,-3.3",skin-40006608,79,70
6701,skin-10006701,0,20,0,15,0,,skin-20006701,skin-30006701,,,skin-40006701,80,71
6702,skin-10006702,0,323,0,15,0,,skin-20006702,skin-30006702,,,skin-40006702,80,71
6703,skin-10006703,0,311,0,15,0,,skin-20006703,skin-30006703,,,skin-40006703,80,71
6704,skin-10006704,0,101,0,15,0,,skin-20006704,skin-30006704,,"-11,79",skin-40006704,80,71
6705,skin-10006705,0,328,0,15,0,,skin-20006705,skin-30006705,,,skin-40006705,80,71
6706,skin-10006706,0,325,0,15,0,,skin-20006706,skin-30006706,,,skin-40006706,80,71
6707,skin-10006707,0,37,0,15,0,,skin-20006707,skin-30006707,,,skin-40006707,80,71
6801,skin-10006801,0,341,0,4,0,,skin-20006801,skin-30006801,,,skin-40006801,82,72
6802,skin-10006802,0,331,0,4,0,,skin-20006802,skin-30006802,,,skin-40006802,82,72
6803,skin-10006803,0,356,0,4,0,,skin-20006803,skin-30006803,,,skin-40006803,82,72
6804,skin-10006804,0,340,0,4,0,,skin-20006804,skin-30006804,,"-139.9,-71.1",skin-40006804,82,72
6805,skin-10006805,0,348,0,4,0,,skin-20006805,skin-30006805,,,skin-40006805,82,72
6806,skin-10006806,0,28,0,4,0,,skin-20006806,skin-30006806,,"-234.3,-83.2",skin-40006806,82,72
6807,skin-10006807,0,64,0,4,0,,skin-20006807,skin-30006807,,,skin-40006807,82,72
6808,skin-10006808,0,7,0,4,0,,skin-20006808,skin-30006808,,"-65.8,53.95",skin-40006808,82,72
6809,skin-10006809,0,51,0,4,0,,skin-20006809,skin-30006809,,,skin-40006809,82,72
6901,skin-10006901,0,253,46901,16,0,,skin-20006901,skin-30006901,,,skin-40006901,83,73
6902,skin-10006902,0,130,46902,16,0,,skin-20006902,skin-30006902,,"-272.7,21.5",skin-40006902,83,73
6903,skin-10006903,0,242,46903,16,0,,skin-20006903,skin-30006903,,,skin-40006903,83,73
6904,skin-10006904,0,127,46904,16,0,,skin-20006904,skin-30006904,,,skin-40006904,83,73
6905,skin-10006905,0,212,46905,16,0,,skin-20006905,skin-30006905,,"-116.9,-87.9",skin-40006905,83,73
6906,skin-10006906,0,218,46906,16,0,,skin-20006906,skin-30006906,,,skin-40006906,83,73
6907,skin-10006907,0,34,46907,16,0,,skin-20006907,skin-30006907,,,skin-40006907,83,73
6908,skin-10006908,0,256,46908,16,0,,skin-20006908,skin-30006908,,"-160.2,56.9",skin-40006908,83,73
6909,skin-10006909,0,81,46909,16,0,,skin-20006909,skin-30006909,,"-131.9,-87",skin-40006909,83,73
7001,skin-10007001,0,166,0,4,0,,skin-20007001,skin-30007001,,,skin-40007001,85,74
7002,skin-10007002,0,330,0,4,0,,skin-20007002,skin-30007002,,,skin-40007002,85,74
7003,skin-10007003,0,310,0,4,0,,skin-20007003,skin-30007003,,,skin-40007003,85,74
7004,skin-10007004,0,308,0,4,0,,skin-20007004,skin-30007004,,,skin-40007004,85,74
7101,skin-10007101,0,307,0,4,0,,skin-20007101,skin-30007101,,,skin-40007101,86,75
7102,skin-10007102,0,228,0,4,0,,skin-20007102,skin-30007102,,,skin-40007102,86,75
7103,skin-10007103,0,357,0,4,0,,skin-20007103,skin-30007103,,"-110.9,-2",skin-40007103,86,75
7104,skin-10007104,0,302,0,4,0,,skin-20007104,skin-30007104,,,skin-40007104,86,75
7105,skin-10007105,0,220,0,4,0,,skin-20007105,skin-30007105,,,skin-40007105,86,75
7106,skin-10007106,0,95,0,4,0,,skin-20007106,skin-30007106,,,skin-40007106,86,75
7107,skin-10007107,0,5,0,4,0,,skin-20007107,skin-30007107,,,skin-40007107,86,75
7108,skin-10007108,0,94,0,4,0,,skin-20007108,skin-30007108,,,skin-40007108,86,75
7201,skin-10007201,0,312,0,4,0,VSK_0,skin-20007201,skin-30007201,,"-144.2,-5.6",skin-40007201,87,76
7202,skin-10007202,0,129,0,4,0,95type_0,skin-20007202,skin-30007202,,,skin-40007202,87,76
7203,skin-10007203,0,233,0,4,0,Px4Storm_0,skin-20007203,skin-30007203,,,skin-40007203,87,76
7204,skin-10007204,0,305,0,4,0,Tabuk_0,skin-20007204,skin-30007204,,,skin-40007204,87,76
7205,skin-10007205,0,88,0,4,0,MG3_0,skin-20007205,skin-30007205,,,skin-40007205,87,76
7206,skin-10007206,0,49,0,4,0,56typeR_0,skin-20007206,skin-30007206,,,skin-40007206,87,76
7301,skin-10007301,0,324,0,4,0,,skin-20007301,skin-30007301,,,skin-40007301,88,77
7302,skin-10007302,0,334,0,4,0,,skin-20007302,skin-30007302,,,skin-40007302,88,77
7303,skin-10007303,0,359,0,4,0,,skin-20007303,skin-30007303,,,skin-40007303,88,77
7304,skin-10007304,0,348,0,4,0,,skin-20007304,skin-30007304,,"-113,-10.3",skin-40007304,88,77
7305,skin-10007305,0,349,0,4,0,,skin-20007305,skin-30007305,,,skin-40007305,88,77
7306,skin-10007306,0,295,0,4,0,,skin-20007306,skin-30007306,,"-92.8,-0.2",skin-40007306,88,77
7307,skin-10007307,0,131,0,4,0,,skin-20007307,skin-30007307,,,skin-40007307,88,77
7308,skin-10007308,0,148,0,4,0,,skin-20007308,skin-30007308,,"-130.9,155.3",skin-40007308,88,77
7401,skin-10007401,0,274,0,0,0,,skin-20007401,skin-30007401,,,skin-40007401,89,78
7402,skin-10007402,0,365,0,0,0,,skin-20007402,skin-30007402,,,skin-40007402,89,78
7403,skin-10007403,0,261,0,0,0,,skin-20007403,skin-30007403,,,skin-40007403,89,78
7404,skin-10007404,0,338,0,0,0,,skin-20007404,skin-30007404,,,skin-40007404,89,78
7406,skin-10007406,0,62,0,0,0,,skin-20007406,skin-30007406,,,skin-40007406,89,78
7407,skin-10007407,0,95,0,0,0,,skin-20007407,skin-30007407,,,skin-40007407,89,78
7408,skin-10007408,0,321,0,0,0,,skin-20007408,skin-30007408,,,skin-40007408,89,78
7501,skin-10007501,0,260,0,4,0,,skin-20007501,skin-30007501,,,skin-40007501,92,79
7502,skin-10007502,0,347,0,4,0,,skin-20007502,skin-30007502,,"-132,-67",skin-40007502,92,79
7503,skin-10007503,0,281,0,4,0,,skin-20007503,skin-30007503,,,skin-40007503,92,79
7504,skin-10007504,0,304,0,4,0,,skin-20007504,skin-30007504,,,skin-40007504,92,79
7505,skin-10007505,0,352,0,4,0,,skin-20007505,skin-30007505,,,skin-40007505,92,79
7506,skin-10007506,0,308,0,4,0,,skin-20007506,skin-30007506,,,skin-40007506,92,79
7601,skin-10007601,0,369,0,18,0,,skin-20007601,skin-30007601,,,skin-40007601,94,81
7602,skin-10007602,0,342,0,18,0,,skin-20007602,skin-30007602,,"-98,2.5",skin-40007602,94,81
7603,skin-10007603,0,234,0,18,0,,skin-20007603,skin-30007603,,,skin-40007603,94,81
7604,skin-10007604,0,358,0,18,0,,skin-20007604,skin-30007604,,,skin-40007604,94,81
7605,skin-10007605,0,29,0,18,0,,skin-20007605,skin-30007605,,,skin-40007605,94,81
7606,skin-10007606,0,86,0,18,0,,skin-20007606,skin-30007606,,,skin-40007606,94,81
7607,skin-10007607,0,47,0,18,0,,skin-20007607,skin-30007607,,,skin-40007607,94,81
8201,skin-10008201,0,276,0,4,0,,skin-20008201,skin-30008201,,,skin-40008201,107,87
8202,skin-10008202,0,342,0,4,0,,skin-20008202,skin-30008202,,"-187,125.2",skin-40008202,107,87
8203,skin-10008203,0,338,0,4,0,,skin-20008203,skin-30008203,,,skin-40008203,107,87
8204,skin-10008204,0,42,0,4,0,,skin-20008204,skin-30008204,,,skin-40008204,107,87
8205,skin-10008205,0,321,0,4,0,,skin-20008205,skin-30008205,,,skin-40008205,107,87
8206,skin-10008206,0,267,0,4,0,,skin-20008206,skin-30008206,,,skin-40008206,107,87
8601,skin-10008601,0,282,0,4,0,,skin-20008601,skin-30008601,,,skin-40008601,114,91
8602,skin-10008602,0,323,0,4,0,,skin-20008602,skin-30008602,,"-131.5,93.7",skin-40008602,114,91
8603,skin-10008603,0,96,0,4,0,,skin-20008603,skin-30008603,,"-123.5,-25.6",skin-40008603,114,91
8604,skin-10008604,0,334,0,4,0,,skin-20008604,skin-30008604,,,skin-40008604,114,91
8605,skin-10008605,0,206,0,4,0,,skin-20008605,skin-30008605,,"-125.62,-161.2",skin-40008605,114,91
8606,skin-10008606,0,205,0,4,0,,skin-20008606,skin-30008606,,"-113.7,-150",skin-40008606,114,91
8607,skin-10008607,0,293,0,4,0,,skin-20008607,skin-30008607,,"-13,-150",skin-40008607,114,91
8608,skin-10008608,0,292,0,4,0,,skin-20008608,skin-30008608,,"-29.8,-150",skin-40008608,114,91
8609,skin-10008609,0,64,0,4,0,,skin-20008609,skin-30008609,,,skin-40008609,114,91
8610,skin-10008610,0,138,0,4,0,,skin-20008610,skin-30008610,,,skin-40008610,114,91
8612,skin-10008612,0,61,0,4,0,,skin-20008612,skin-30008612,,,skin-40008612,114,91
30001,skin-10030001,0,57,0,4,0,,skin-20030001,skin-30030001,,,skin-40030001,91,0
30002,skin-10030002,0,179,0,4,0,,skin-20030002,skin-30030002,,,skin-40030002,95,0
30003,skin-10030003,0,253,0,4,0,,skin-20030003,skin-30030003,,,skin-40030003,97,0
30004,skin-10030004,0,375,0,4,0,,skin-20030004,skin-30030004,,,skin-40030004,99,0
30005,skin-10030005,0,378,0,4,0,,skin-20030005,skin-30030005,,,skin-40030005,102,0
30006,skin-10030006,0,285,0,4,0,,skin-20030006,skin-30030006,,,skin-40030006,105,0
30007,skin-10030007,0,367,0,4,0,,skin-20030007,skin-30030007,,,skin-40030007,105,0
30008,skin-10030008,0,361,0,4,0,,skin-20030008,skin-30030008,,,skin-40030008,109,0
30009,skin-10030009,0,160,0,4,0,,skin-20030009,skin-30030009,,,skin-40030009,111,0
