id,name,pt_item_id,gift_free,gift_paytounlock,gift_plus,gift_extra,start_time,end_time,skin_id,paid_productid,paid_productid_discount,exp_mallid,discount_itemid,exhibit_bonus,unlock_itemid
1,BattlePass_1_1.png;BattlePass_1_2.png,10606,1:110001|3:110002|5:110003|6:110004|8:110005|10:110006|12:110007|14:110008|15:110009|17:110010|19:110011|21:110012|23:110013|25:110014|26:110015|28:110016|30:110017|31:110018|33:110019|34:110020|35:110021|36:110022|38:110023|40:110024|42:110025|44:110026|45:110027,1:120001|2:120002|3:120003|4:120004|5:120005|6:120006|7:120007|8:120008|9:120009|10:120010|11:120011|12:120012|13:120013|14:120014|15:120015|16:120016|17:120017|18:120018|19:120019|20:120020|21:120021|22:120022|23:120023|24:120024|25:120025|26:120026|27:120027|28:120028|29:120029|30:120030|31:120031|32:120032|33:120033|34:120034|35:120035|36:120036|37:120037|38:120038|39:120039|40:120040|41:120041|42:120042|43:120043|44:120044|45:120045,130003,130001,2022-09-05,2022-10-17 23:59:59,5730001,kr_tianxia:30070|30071|30072,kr_tianxia:30070|30071|30072,35,160001,130002|130003,140001;140002
2,BattlePass_2_1.png;BattlePass_2_2.png,10606,1:110001|3:110002|5:110003|6:110004|8:110005|10:110006|12:110007|14:110008|15:110009|17:110010|19:110011|21:110012|23:110013|25:110014|26:110015|28:110016|30:110017|31:110018|33:110019|34:110020|35:110021|36:110022|38:110023|40:110024|42:110025|44:110026|45:110027,1:120001|2:120002|3:120003|4:120004|5:120005|6:120006|7:120007|8:120008|9:120009|10:120010|11:120011|12:120012|13:120013|14:120014|15:120046|16:120016|17:120017|18:120018|19:120019|20:120020|21:120021|22:120022|23:120023|24:120024|25:120047|26:120026|27:120027|28:120028|29:120029|30:120030|31:120031|32:120032|33:120033|34:120034|35:120048|36:120036|37:120037|38:120038|39:120039|40:120040|41:120041|42:120042|43:120043|44:120044|45:120049,130006,130004,2022-10-18,2022-11-20 23:59:59,316578,kr_tianxia:30073|30074|30075,kr_tianxia:30073|30074|30075,36,160001,130005|130006,140003;140004
3,BattlePass_3_1.png;BattlePass_3_2.png,10606,1:110001|3:110002|5:110003|6:110004|8:110005|10:110006|12:110007|14:110008|15:110009|17:110010|19:110011|21:110012|23:110013|25:110014|26:110015|28:110016|30:110017|31:110018|33:110019|34:110020|35:110021|36:110022|38:110023|40:110024|42:110025|44:110026|45:110027,1:120001|2:120002|3:120003|4:120004|5:120005|6:120006|7:120007|8:120008|9:120009|10:120010|11:120011|12:120012|13:120013|14:120014|15:120050|16:120016|17:120017|18:120018|19:120019|20:120020|21:120021|22:120022|23:120023|24:120024|25:120051|26:120026|27:120027|28:120028|29:120029|30:120030|31:120031|32:120032|33:120033|34:120034|35:120052|36:120036|37:120037|38:120038|39:120039|40:120040|41:120041|42:120042|43:120043|44:120044|45:120053,130009,130007,2022-11-21,2022-12-25 23:59:59,17930002,kr_tianxia:30079|30080|30081,kr_tianxia:30079|30080|30081,35,160001,130008|130009,140005;140006
4,BattlePass_4_1.png;BattlePass_4_2.png,10606,1:110001|3:110002|5:110003|6:110004|8:110005|10:110006|12:110007|14:110008|15:110009|17:110010|19:110011|21:110012|23:110013|25:110014|26:110015|28:110016|30:110017|31:110018|33:110019|34:110020|35:110021|36:110022|38:110023|40:110024|42:110025|44:110026|45:110027,1:120001|2:120002|3:120003|4:120004|5:120005|6:120006|7:120007|8:120008|9:120009|10:120010|11:120011|12:120012|13:120013|14:120014|15:120054|16:120016|17:120017|18:120018|19:120019|20:120020|21:120021|22:120022|23:120023|24:120024|25:120055|26:120026|27:120027|28:120028|29:120029|30:120030|31:120031|32:120032|33:120033|34:120034|35:120056|36:120036|37:120037|38:120038|39:120039|40:120040|41:120041|42:120042|43:120043|44:120044|45:120057,130012,130010,2022-12-26,2023-01-29 23:59:59,25330003,kr_tianxia:30087|30088|30089,kr_tianxia:30087|30088|30089,36,160001,130011|130012,140007;140008
5,BattlePass_5_1.png;BattlePass_5_2.png,10606,1:110001|3:110002|5:110003|6:110004|8:110005|10:110006|12:110007|14:110008|15:110009|17:110010|19:110011|21:110012|23:110013|25:110014|26:110015|28:110016|30:110017|31:110018|33:110019|34:110020|35:110021|36:110022|38:110023|40:110024|42:110025|44:110026|45:110027,1:120001|2:120002|3:120003|4:120004|5:120005|6:120006|7:120007|8:120008|9:120009|10:120010|11:120011|12:120012|13:120013|14:120014|15:120058|16:120016|17:120017|18:120018|19:120019|20:120020|21:120021|22:120022|23:120023|24:120024|25:120059|26:120026|27:120027|28:120028|29:120029|30:120030|31:120031|32:120032|33:120033|34:120034|35:120060|36:120036|37:120037|38:120038|39:120039|40:120040|41:120041|42:120042|43:120043|44:120044|45:120061,130015,130013,2023-01-30,2023-03-05 23:59:59,37530004,kr_tianxia:30090|30091|30092,kr_tianxia:30090|30091|30092,35,160001,130014|130015,140009;140010
6,BattlePass_6_1.png;BattlePass_6_2.png,10606,1:110001|3:110002|5:110003|6:110004|8:110005|10:110006|12:110007|14:110008|15:110009|17:110010|19:110011|21:110012|23:110013|25:110014|26:110015|28:110016|30:110017|31:110018|33:110019|34:110020|35:110021|36:110022|38:110023|40:110024|42:110025|44:110026|45:110027,1:120001|2:120002|3:120003|4:120004|5:120005|6:120006|7:120007|8:120008|9:120009|10:120010|11:120011|12:120012|13:120013|14:120014|15:120062|16:120016|17:120017|18:120018|19:120019|20:120020|21:120021|22:120022|23:120023|24:120024|25:120063|26:120026|27:120027|28:120028|29:120029|30:120030|31:120031|32:120032|33:120033|34:120034|35:120064|36:120036|37:120037|38:120038|39:120039|40:120040|41:120041|42:120042|43:120043|44:120044|45:120065,130018,130016,2023-03-06,2023-04-09 23:59:59,37830005,kr_tianxia:30103|30104|30105,kr_tianxia:30103|30104|30105,36,160001,130017|130018,140011;140012
7,BattlePass_7_1.png;BattlePass_7_2.png,10606,1:110001|3:110002|5:110003|6:110004|8:110005|10:110006|12:110007|14:110008|15:110009|17:110010|19:110011|21:110012|23:110013|25:110014|26:110015|28:110016|30:110017|31:110018|33:110019|34:110020|35:110021|36:110022|38:110023|40:110024|42:110025|44:110026|45:110027,1:120001|2:120002|3:120003|4:120004|5:120005|6:120006|7:120007|8:120008|9:120009|10:120010|11:120011|12:120012|13:120013|14:120014|15:120066|16:120016|17:120017|18:120018|19:120019|20:120020|21:120021|22:120022|23:120023|24:120024|25:120067|26:120026|27:120027|28:120028|29:120029|30:120030|31:120031|32:120032|33:120033|34:120034|35:120068|36:120036|37:120037|38:120038|39:120039|40:120040|41:120041|42:120042|43:120043|44:120044|45:120069,130021,130019,2023-04-10,2023-05-14 23:59:59,28530006,kr_tianxia:30107|30108|30109,kr_tianxia:30107|30108|30109,35,160001,130020|130021,140013;140014
8,BattlePass_8_1.png;BattlePass_8_2.png,10606,1:110001|3:110002|5:110003|6:110004|8:110005|10:110006|12:110007|14:110008|15:110009|17:110010|19:110011|21:110012|23:110013|25:110014|26:110015|28:110016|30:110017|31:110018|33:110019|34:110020|35:110021|36:110022|38:110023|40:110024|42:110025|44:110026|45:110027,1:120001|2:120002|3:120003|4:120004|5:120005|6:120006|7:120007|8:120008|9:120009|10:120010|11:120011|12:120012|13:120013|14:120014|15:120070|16:120016|17:120017|18:120018|19:120019|20:120020|21:120021|22:120022|23:120023|24:120024|25:120071|26:120026|27:120027|28:120028|29:120029|30:120030|31:120031|32:120032|33:120033|34:120034|35:120072|36:120036|37:120037|38:120038|39:120039|40:120040|41:120041|42:120042|43:120043|44:120044|45:120073,130024,130022,2023-05-15,2023-06-18 23:59:59,36730007,kr_tianxia:30118|30119|30120,kr_tianxia:30118|30119|30120,36,160001,130023|130024,140015;140016
9,BattlePass_9_1.png;BattlePass_9_2.png,10606,1:110001|3:110002|5:110003|6:110004|8:110005|10:110006|12:110007|14:110008|15:110009|17:110010|19:110011|21:110012|23:110013|25:110014|26:110015|28:110016|30:110017|31:110018|33:110019|34:110020|35:110021|36:110022|38:110023|40:110024|42:110025|44:110026|45:110027,1:120001|2:120002|3:120003|4:120004|5:120005|6:120006|7:120007|8:120008|9:120009|10:120010|11:120011|12:120012|13:120013|14:120014|15:120074|16:120016|17:120017|18:120018|19:120019|20:120020|21:120021|22:120022|23:120023|24:120024|25:120075|26:120026|27:120027|28:120028|29:120029|30:120030|31:120031|32:120032|33:120033|34:120034|35:120076|36:120036|37:120037|38:120038|39:120039|40:120040|41:120041|42:120042|43:120043|44:120044|45:120077,130027,130025,2023-06-19,2023-07-23 23:59:59,36130008,kr_tianxia:30136|30137|30138,kr_tianxia:30136|30137|30138,35,160001,130026|130027,140017;140018
10,BattlePass_10_1.png;BattlePass_10_2.png,10606,1:110001|3:110002|5:110003|6:110004|8:110005|10:110006|12:110007|14:110008|15:110009|17:110010|19:110011|21:110012|23:110013|25:110014|26:110015|28:110016|30:110017|31:110018|33:110019|34:110020|35:110021|36:110022|38:110023|40:110024|42:110025|44:110026|45:110027,1:120001|2:120002|3:120003|4:120004|5:120005|6:120006|7:120007|8:120008|9:120009|10:120010|11:120011|12:120012|13:120013|14:120014|15:120078|16:120016|17:120017|18:120018|19:120019|20:120020|21:120021|22:120022|23:120023|24:120024|25:120079|26:120026|27:120027|28:120028|29:120029|30:120030|31:120031|32:120032|33:120033|34:120034|35:120080|36:120036|37:120037|38:120038|39:120039|40:120040|41:120041|42:120042|43:120043|44:120044|45:120081,130030,130028,2023-07-24,2023-08-27 23:59:59,16030009,kr_tianxia:30140|30141|30142,kr_tianxia:30140|30141|30142,36,160001,130029|130030,140019;140020
11,BattlePass_11_1.png;BattlePass_11_2.png,10606,1:110001|3:110002|5:110003|6:110004|8:110005|10:110006|12:110007|14:110008|15:110009|17:110010|19:110011|21:110012|23:110013|25:110014|26:110015|28:110016|30:110017|31:110018|33:110019|34:110020|35:110021|36:110022|38:110023|40:110024|42:110025|44:110026|45:110027,1:120001|2:120002|3:120003|4:120004|5:120005|6:120006|7:120007|8:120008|9:120009|10:120010|11:120011|12:120012|13:120013|14:120014|15:120082|16:120016|17:120017|18:120018|19:120019|20:120020|21:120021|22:120022|23:120023|24:120024|25:120083|26:120026|27:120027|28:120028|29:120029|30:120030|31:120031|32:120032|33:120033|34:120034|35:120084|36:120036|37:120037|38:120038|39:120039|40:120040|41:120041|42:120042|43:120043|44:120044|45:120085,130033,130031,2023-08-28,2023-10-01 23:59:59,530010,kr_tianxia:30144|30145|30146,kr_tianxia:30144|30145|30146,35,160001,130032|130033,140021;140022
12,BattlePass_12_1.png;BattlePass_12_2.png,10606,1:110001|3:110002|5:110003|6:110004|8:110005|10:110006|12:110007|14:110008|15:110009|17:110010|19:110011|21:110012|23:110013|25:110014|26:110015|28:110016|30:110017|31:110018|33:110019|34:110020|35:110021|36:110022|38:110023|40:110024|42:110025|44:110026|45:110027,1:120001|2:120002|3:120003|4:120004|5:120005|6:120006|7:120007|8:120008|9:120009|10:120010|11:120011|12:120012|13:120013|14:120014|15:120086|16:120016|17:120017|18:120018|19:120019|20:120020|21:120021|22:120022|23:120023|24:120024|25:120087|26:120026|27:120027|28:120028|29:120029|30:120030|31:120031|32:120032|33:120033|34:120034|35:120088|36:120036|37:120037|38:120038|39:120039|40:120040|41:120041|42:120042|43:120043|44:120044|45:120089,130036,130034,2023-10-02,2023-11-05 23:59:59,36630011,kr_tianxia:30147|30148|30149,kr_tianxia:30147|30148|30149,36,160001,130035|130036,140023;140024
13,BattlePass_13_1.png;BattlePass_13_2.png,10606,1:110001|3:110002|5:110003|6:110004|8:110005|10:110006|12:110007|14:110008|15:110009|17:110010|19:110011|21:110012|23:110013|25:110014|26:110015|28:110016|30:110017|31:110018|33:110019|34:110020|35:110021|36:110022|38:110023|40:110024|42:110025|44:110026|45:110027,1:120001|2:120002|3:120003|4:120004|5:120005|6:120006|7:120007|8:120008|9:120009|10:120010|11:120011|12:120012|13:120013|14:120014|15:120090|16:120016|17:120017|18:120018|19:120019|20:120020|21:120021|22:120022|23:120023|24:120024|25:120091|26:120026|27:120027|28:120028|29:120029|30:120030|31:120031|32:120032|33:120033|34:120034|35:120092|36:120036|37:120037|38:120038|39:120039|40:120040|41:120041|42:120042|43:120043|44:120044|45:120093,130039,130037,2023-11-06,2023-12-10 23:59:59,36930012,kr_tianxia:30152|30153|30154,kr_tianxia:30152|30153|30154,35,160001,130038|130039,140025;140026
14,BattlePass_14_1.png;BattlePass_14_2.png,10606,1:110001|3:110002|5:110003|6:110004|8:110005|10:110006|12:110007|14:110008|15:110009|17:110010|19:110011|21:110012|23:110013|25:110014|26:110015|28:110016|30:110017|31:110018|33:110019|34:110020|35:110021|36:110022|38:110023|40:110024|42:110025|44:110026|45:110027,1:120001|2:120002|3:120003|4:120004|5:120005|6:120006|7:120007|8:120008|9:120009|10:120010|11:120011|12:120012|13:120013|14:120014|15:120094|16:120016|17:120017|18:120018|19:120019|20:120020|21:120021|22:120022|23:120023|24:120024|25:120095|26:120026|27:120027|28:120028|29:120029|30:120030|31:120031|32:120032|33:120033|34:120034|35:120096|36:120036|37:120037|38:120038|39:120039|40:120040|41:120041|42:120042|43:120043|44:120044|45:120097,130042,130040,2023-12-11,2024-01-14 23:59:59,39030013,kr_tianxia:30159|30160|30161,kr_tianxia:30159|30160|30161,36,160001,130041|130042,140027;140028
15,BattlePass_15_1.png;BattlePass_15_2.png,10606,1:110001|3:110002|5:110003|6:110004|8:110005|10:110006|12:110007|14:110008|15:110009|17:110010|19:110011|21:110012|23:110013|25:110014|26:110015|28:110016|30:110017|31:110018|33:110019|34:110020|35:110021|36:110022|38:110023|40:110024|42:110025|44:110026|45:110027,1:120001|2:120002|3:120003|4:120004|5:120005|6:120006|7:120007|8:120008|9:120009|10:120010|11:120011|12:120012|13:120013|14:120014|15:120098|16:120016|17:120017|18:120018|19:120019|20:120020|21:120021|22:120022|23:120023|24:120024|25:120099|26:120026|27:120027|28:120028|29:120029|30:120030|31:120031|32:120032|33:120033|34:120034|35:120100|36:120036|37:120037|38:120038|39:120039|40:120040|41:120041|42:120042|43:120043|44:120044|45:120101,130045,130043,2024-01-15,2024-02-18 23:59:59,9730014,kr_tianxia:30169|30170|30171,kr_tianxia:30169|30170|30171,35,160001,130044|130045,140029;140030
16,BattlePass_16_1.png;BattlePass_16_2.png,10606,1:110001|3:110002|5:110003|6:110004|8:110005|10:110006|12:110007|14:110008|15:110009|17:110010|19:110011|21:110012|23:110013|25:110014|26:110015|28:110016|30:110017|31:110018|33:110019|34:110020|35:110021|36:110022|38:110023|40:110024|42:110025|44:110026|45:110027,1:120001|2:120002|3:120003|4:120004|5:120005|6:120006|7:120007|8:120008|9:120009|10:120010|11:120011|12:120012|13:120013|14:120014|15:120102|16:120016|17:120017|18:120018|19:120019|20:120020|21:120021|22:120022|23:120023|24:120024|25:120103|26:120026|27:120027|28:120028|29:120029|30:120030|31:120031|32:120032|33:120033|34:120034|35:120104|36:120036|37:120037|38:120038|39:120039|40:120040|41:120041|42:120042|43:120043|44:120044|45:120105,130048,130046,2024-02-19,2024-03-24 23:59:59,12930015,kr_tianxia:30173|30174|30175,kr_tianxia:30173|30174|30175,36,160001,130047|130048,140031;140032
17,BattlePass_17_1.png;BattlePass_17_2.png,10606,1:110001|3:110002|5:110003|6:110004|8:110005|10:110006|12:110007|14:110008|15:110009|17:110010|19:110011|21:110012|23:110013|25:110014|26:110015|28:110016|30:110017|31:110018|33:110019|34:110020|35:110021|36:110022|38:110023|40:110024|42:110025|44:110026|45:110027,1:120001|2:120002|3:120003|4:120004|5:120005|6:120006|7:120007|8:120008|9:120009|10:120010|11:120011|12:120012|13:120013|14:120014|15:120106|16:120016|17:120017|18:120018|19:120019|20:120020|21:120021|22:120022|23:120023|24:120024|25:120107|26:120026|27:120027|28:120028|29:120029|30:120030|31:120031|32:120032|33:120033|34:120034|35:120108|36:120036|37:120037|38:120038|39:120039|40:120040|41:120041|42:120042|43:120043|44:120044|45:120109,130051,130049,2024-03-25,2024-04-28 23:59:59,5430017,kr_tianxia:30184|30185|30186,kr_tianxia:30184|30185|30186,35,160001,130050|130051,140033;140034
18,BattlePass_18_1.png;BattlePass_18_2.png,10606,1:110001|3:110002|5:110003|6:110004|8:110005|10:110006|12:110007|14:110008|15:110009|17:110010|19:110011|21:110012|23:110013|25:110014|26:110015|28:110016|30:110017|31:110018|33:110019|34:110020|35:110021|36:110022|38:110023|40:110024|42:110025|44:110026|45:110027,1:120001|2:120002|3:120003|4:120004|5:120005|6:120006|7:120007|8:120008|9:120009|10:120010|11:120011|12:120012|13:120013|14:120014|15:120110|16:120016|17:120017|18:120018|19:120019|20:120020|21:120021|22:120022|23:120023|24:120024|25:120111|26:120026|27:120027|28:120028|29:120029|30:120030|31:120031|32:120032|33:120033|34:120034|35:120112|36:120036|37:120037|38:120038|39:120039|40:120040|41:120041|42:120042|43:120043|44:120044|45:120113,130054,130052,2024-04-29,2024-06-02 23:59:59,34830018,kr_tianxia:30188|30189|30190,kr_tianxia:30188|30189|30190,36,160001,130053|130054,140035;140036
19,BattlePass_19_1.png;BattlePass_19_2.png,10606,1:110001|3:110002|5:110003|6:110004|8:110005|10:110006|12:110007|14:110008|15:110009|17:110010|19:110011|21:110012|23:110013|25:110014|26:110015|28:110016|30:110017|31:110018|33:110019|34:110020|35:110021|36:110022|38:110023|40:110024|42:110025|44:110026|45:110027,1:120001|2:120002|3:120003|4:120004|5:120005|6:120006|7:120007|8:120008|9:120009|10:120010|11:120011|12:120012|13:120013|14:120014|15:120114|16:120016|17:120017|18:120018|19:120019|20:120020|21:120021|22:120022|23:120023|24:120024|25:120115|26:120026|27:120027|28:120028|29:120029|30:120030|31:120031|32:120032|33:120033|34:120034|35:120116|36:120036|37:120037|38:120038|39:120039|40:120040|41:120041|42:120042|43:120043|44:120044|45:120117,130057,130055,2024-06-03,2024-07-07 23:59:59,12830019,kr_tianxia:30195|30196|30197,kr_tianxia:30195|30196|30197,35,160001,130056|130057,140037;140038
20,BattlePass_20_1.png;BattlePass_20_2.png,10606,1:110001|3:110002|5:110003|6:110004|8:110005|10:110006|12:110007|14:110008|15:110009|17:110010|19:110011|21:110012|23:110013|25:110014|26:110015|28:110016|30:110017|31:110018|33:110019|34:110020|35:110021|36:110022|38:110023|40:110024|42:110025|44:110026|45:110027,1:120001|2:120002|3:120003|4:120004|5:120005|6:120006|7:120007|8:120008|9:120009|10:120010|11:120011|12:120012|13:120013|14:120014|15:120118|16:120016|17:120017|18:120018|19:120019|20:120020|21:120021|22:120022|23:120023|24:120024|25:120119|26:120026|27:120027|28:120028|29:120029|30:120030|31:120031|32:120032|33:120033|34:120034|35:120120|36:120036|37:120037|38:120038|39:120039|40:120040|41:120041|42:120042|43:120043|44:120044|45:120121,130060,130058,2024-07-08,2024-08-11 23:59:59,15230020,kr_tianxia:30204|30205|30206,kr_tianxia:30204|30205|30206,36,160001,130059|130060,140039;140040
21,BattlePass_21_1.png;BattlePass_21_2.png,10606,1:110001|3:110002|5:110003|6:110004|8:110005|10:110006|12:110007|14:110008|15:110009|17:110010|19:110011|21:110012|23:110013|25:110014|26:110015|28:110016|30:110017|31:110018|33:110019|34:110020|35:110021|36:110022|38:110023|40:110024|42:110025|44:110026|45:110027,1:120001|2:120002|3:120003|4:120004|5:120005|6:120006|7:120007|8:120008|9:120009|10:120010|11:120011|12:120012|13:120013|14:120014|15:120122|16:120016|17:120017|18:120018|19:120019|20:120020|21:120021|22:120022|23:120023|24:120024|25:120123|26:120026|27:120027|28:120028|29:120029|30:120030|31:120031|32:120032|33:120033|34:120034|35:120124|36:120036|37:120037|38:120038|39:120039|40:120040|41:120041|42:120042|43:120043|44:120044|45:120125,130063,130061,2024-08-12,2024-09-15 23:59:59,40030021,kr_tianxia:30211|30212|30213,kr_tianxia:30211|30212|30213,35,160001,130062|130063,140041;140042
22,BattlePass_22_1.png;BattlePass_22_2.png,10606,1:110001|3:110002|5:110003|6:110004|8:110005|10:110006|12:110007|14:110008|15:110009|17:110010|19:110011|21:110012|23:110013|25:110014|26:110015|28:110016|30:110017|31:110018|33:110019|34:110020|35:110021|36:110022|38:110023|40:110024|42:110025|44:110026|45:110027,1:120001|2:120002|3:120003|4:120004|5:120005|6:120006|7:120007|8:120008|9:120009|10:120010|11:120011|12:120012|13:120013|14:120014|15:120126|16:120016|17:120017|18:120018|19:120019|20:120020|21:120021|22:120022|23:120023|24:120024|25:120127|26:120026|27:120027|28:120028|29:120029|30:120030|31:120031|32:120032|33:120033|34:120034|35:120128|36:120036|37:120037|38:120038|39:120039|40:120040|41:120041|42:120042|43:120043|44:120044|45:120129,130066,130064,2024-09-16,2024-10-20 23:59:59,8130022,kr_tianxia:30218|30219|30220,kr_tianxia:30218|30219|30220,36,160001,130065|130066,140043;140044
23,BattlePass_23_1.png;BattlePass_23_2.png,10606,1:110001|3:110002|5:110003|6:110004|8:110005|10:110006|12:110007|14:110008|15:110009|17:110010|19:110011|21:110012|23:110013|25:110014|26:110015|28:110016|30:110017|31:110018|33:110019|34:110020|35:110021|36:110022|38:110023|40:110024|42:110025|44:110026|45:110027,1:120001|2:120002|3:120003|4:120004|5:120005|6:120006|7:120007|8:120008|9:120009|10:120010|11:120011|12:120012|13:120013|14:120014|15:120130|16:120016|17:120017|18:120018|19:120019|20:120020|21:120021|22:120022|23:120023|24:120024|25:120131|26:120026|27:120027|28:120028|29:120029|30:120030|31:120031|32:120032|33:120033|34:120034|35:120132|36:120036|37:120037|38:120038|39:120039|40:120040|41:120041|42:120042|43:120043|44:120044|45:120133,130069,130067,2024-10-21,2024-11-24 23:59:59,40230023,kr_tianxia:30222|30223|30224,kr_tianxia:30222|30223|30224,35,160001,130068|130069,140045;140046
24,BattlePass_24_1.png;BattlePass_24_2.png,10606,1:110001|3:110002|5:110003|6:110004|8:110005|10:110006|12:110007|14:110008|15:110009|17:110010|19:110011|21:110012|23:110013|25:110014|26:110015|28:110016|30:110017|31:110018|33:110019|34:110020|35:110021|36:110022|38:110023|40:110024|42:110025|44:110026|45:110027,1:120001|2:120002|3:120003|4:120004|5:120005|6:120006|7:120007|8:120008|9:120009|10:120010|11:120011|12:120012|13:120013|14:120014|15:120134|16:120016|17:120017|18:120018|19:120019|20:120020|21:120021|22:120022|23:120023|24:120024|25:120135|26:120026|27:120027|28:120028|29:120029|30:120030|31:120031|32:120032|33:120033|34:120034|35:120136|36:120036|37:120037|38:120038|39:120039|40:120040|41:120041|42:120042|43:120043|44:120044|45:120137,130072,130070,2024-11-25,2024-12-29 23:59:59,18830024,kr_tianxia:30235|30236|30237,kr_tianxia:30235|30236|30237,36,160001,130071|130072,140047;140048
25,BattlePass_25_1.png;BattlePass_25_2.png,10606,1:110001|3:110002|5:110003|6:110004|8:110005|10:110006|12:110007|14:110008|15:110009|17:110010|19:110011|21:110012|23:110013|25:110014|26:110015|28:110016|30:110017|31:110018|33:110019|34:110020|35:110021|36:110022|38:110023|40:110024|42:110025|44:110026|45:110027,1:120001|2:120002|3:120003|4:120004|5:120005|6:120006|7:120007|8:120008|9:120009|10:120010|11:120011|12:120012|13:120013|14:120014|15:120138|16:120016|17:120017|18:120018|19:120019|20:120020|21:120021|22:120022|23:120023|24:120024|25:120139|26:120026|27:120027|28:120028|29:120029|30:120030|31:120031|32:120032|33:120033|34:120034|35:120140|36:120036|37:120037|38:120038|39:120039|40:120040|41:120041|42:120042|43:120043|44:120044|45:120141,130075,130073,2024-12-30,2025-02-02 23:59:59,8530025,kr_tianxia:30240|30241|30242,kr_tianxia:30240|30241|30242,35,160001,130074|130075,140049;140050
26,BattlePass_26_1.png;BattlePass_26_2.png,10606,1:110001|3:110002|5:110003|6:110004|8:110005|10:110006|12:110007|14:110008|15:110009|17:110010|19:110011|21:110012|23:110013|25:110014|26:110015|28:110016|30:110017|31:110018|33:110019|34:110020|35:110021|36:110022|38:110023|40:110024|42:110025|44:110026|45:110027,1:120001|2:120002|3:120003|4:120004|5:120005|6:120006|7:120007|8:120008|9:120009|10:120010|11:120011|12:120012|13:120013|14:120014|15:120142|16:120016|17:120017|18:120018|19:120019|20:120020|21:120021|22:120022|23:120023|24:120024|25:120143|26:120026|27:120027|28:120028|29:120029|30:120030|31:120031|32:120032|33:120033|34:120034|35:120144|36:120036|37:120037|38:120038|39:120039|40:120040|41:120041|42:120042|43:120043|44:120044|45:120145,130078,130076,2025-02-03,2025-03-09 23:59:59,29530026,kr_tianxia:30255|30256|30257,kr_tianxia:30255|30256|30257,36,160001,130077|130078,140051;140052
27,BattlePass_27_1.png;BattlePass_27_2.png,10606,1:110001|3:110002|5:110003|6:110004|8:110005|10:110006|12:110007|14:110008|15:110009|17:110010|19:110011|21:110012|23:110013|25:110014|26:110015|28:110016|30:110017|31:110018|33:110019|34:110020|35:110021|36:110022|38:110023|40:110024|42:110025|44:110026|45:110027,1:120001|2:120002|3:120003|4:120004|5:120005|6:120006|7:120007|8:120008|9:120009|10:120010|11:120011|12:120012|13:120013|14:120014|15:120142|16:120016|17:120017|18:120018|19:120019|20:120020|21:120021|22:120022|23:120023|24:120024|25:120147|26:120026|27:120027|28:120028|29:120029|30:120030|31:120031|32:120032|33:120033|34:120034|35:120148|36:120036|37:120037|38:120038|39:120039|40:120040|41:120041|42:120042|43:120043|44:120044|45:120149,130081,130079,2025-03-10,2025-04-13 23:59:59,3730027,kr_tianxia:30263|30264|30265,kr_tianxia:30263|30264|30265,35,160001,130080|130081,140053;140054
28,BattlePass_28_1.png;BattlePass_28_2.png,10606,1:110001|3:110002|5:110003|6:110004|8:110005|10:110006|12:110007|14:110008|15:110009|17:110010|19:110011|21:110012|23:110013|25:110014|26:110015|28:110016|30:110017|31:110018|33:110019|34:110020|35:110021|36:110022|38:110023|40:110024|42:110025|44:110026|45:110027,1:120001|2:120002|3:120003|4:120004|5:120005|6:120006|7:120007|8:120008|9:120009|10:120010|11:120011|12:120012|13:120013|14:120014|15:120150|16:120016|17:120017|18:120018|19:120019|20:120020|21:120021|22:120022|23:120023|24:120024|25:120151|26:120026|27:120027|28:120028|29:120029|30:120030|31:120031|32:120032|33:120033|34:120034|35:120152|36:120036|37:120037|38:120038|39:120039|40:120040|41:120041|42:120042|43:120043|44:120044|45:120153,130084,130082,2025-04-14,2025-05-18 23:59:59,39330028,kr_tianxia:30279|30280|30281,kr_tianxia:30279|30280|30281,36,160001,130083|130084,140055;140056
29,BattlePass_29_1.png;BattlePass_29_2.png,10606,1:110001|3:110002|5:110003|6:110004|8:110005|10:110006|12:110007|14:110008|15:110009|17:110010|19:110011|21:110012|23:110013|25:110014|26:110015|28:110016|30:110017|31:110018|33:110019|34:110020|35:110021|36:110022|38:110023|40:110024|42:110025|44:110026|45:110027,1:120001|2:120002|3:120003|4:120004|5:120005|6:120006|7:120007|8:120008|9:120009|10:120010|11:120011|12:120012|13:120013|14:120014|15:120154|16:120016|17:120017|18:120018|19:120019|20:120020|21:120021|22:120022|23:120023|24:120024|25:120155|26:120026|27:120027|28:120028|29:120029|30:120030|31:120031|32:120032|33:120033|34:120034|35:120156|36:120036|37:120037|38:120038|39:120039|40:120040|41:120041|42:120042|43:120043|44:120044|45:120157,130087,130085,2025-05-19,2025-06-22 23:59:59,32330029,kr_tianxia:30287|30288|30289,kr_tianxia:30287|30288|30289,35,160001,130086|130087,140057;140058
30,BattlePass_30_1.png;BattlePass_30_2.png,10606,1:110001|3:110002|5:110003|6:110004|8:110005|10:110006|12:110007|14:110008|15:110009|17:110010|19:110011|21:110012|23:110013|25:110014|26:110015|28:110016|30:110017|31:110018|33:110019|34:110020|35:110021|36:110022|38:110023|40:110024|42:110025|44:110026|45:110027,1:120001|2:120002|3:120003|4:120004|5:120005|6:120006|7:120007|8:120008|9:120009|10:120010|11:120011|12:120012|13:120013|14:120014|15:120158|16:120016|17:120017|18:120018|19:120019|20:120020|21:120021|22:120022|23:120023|24:120024|25:120159|26:120026|27:120027|28:120028|29:120029|30:120030|31:120031|32:120032|33:120033|34:120034|35:120160|36:120036|37:120037|38:120038|39:120039|40:120040|41:120041|42:120042|43:120043|44:120044|45:120161,130090,130088,2025-06-23,2025-07-27 23:59:59,35030030,kr_tianxia:30304|30305|30306,kr_tianxia:30304|30305|30306,35,160001,130089|130090,140059;140060
31,BattlePass_31_1.png;BattlePass_31_2.png,10606,1:110001|3:110002|5:110003|6:110004|8:110005|10:110006|12:110007|14:110008|15:110009|17:110010|19:110011|21:110012|23:110013|25:110014|26:110015|28:110016|30:110017|31:110018|33:110019|34:110020|35:110021|36:110022|38:110023|40:110024|42:110025|44:110026|45:110027,1:120001|2:120002|3:120003|4:120004|5:120005|6:120006|7:120007|8:120008|9:120009|10:120010|11:120011|12:120012|13:120013|14:120014|15:120162|16:120016|17:120017|18:120018|19:120019|20:120020|21:120021|22:120022|23:120023|24:120024|25:120163|26:120026|27:120027|28:120028|29:120029|30:120030|31:120031|32:120032|33:120033|34:120034|35:120164|36:120036|37:120037|38:120038|39:120039|40:120040|41:120041|42:120042|43:120043|44:120044|45:120165,130093,130091,2025-07-28,2025-08-31 23:59:59,6130031,kr_tianxia:30312|30313|30314,kr_tianxia:30312|30313|30314,35,160001,130092|130093,140061;140062
