id,name,description,rank,category,type,pow,hit,dodge,speed,rate,critical_harm_rate,critical_percent,armor_piercing,armor,shield,damage_amplify,damage_reduction,night_view_percent,bullet_number_up,skill_effect_per,skill_effect,slow_down_percent,slow_down_rate,slow_down_time,dot_percent,dot_damage,dot_time,retire_mp,retire_ammo,retire_mre,retire_part,code,develop_duration,company,skill_level_up,fit_guns,equip_introduction,powerup_mp,powerup_ammo,powerup_mre,powerup_part,exclusive_rate,bonus_type,skill,passive_skill,max_level,auto_select_id,group_id,is_addition,is_show,obtain_ids,sp_description
1,equip-10000001,equip-20000001,2,1,1,,,,,,,"5,8",,,,,,,,0,0,0,0,0,0,0,0,1,0,1,0,配件_光学瞄准镜_N,300,BM,0,,equip-30000001,0.0,0.0,0.0,0.0,1,,0,0,0,1001,0,0,1,"3,3001",equip-40000001
2,equip-10000002,equip-20000002,3,1,1,,,,,,,"9,12",,,,,,,,0,0,0,0,0,0,0,0,2,0,1,0,配件_光学瞄准镜_N,1200,BM,0,,equip-30000002,0.45,0.15,0.30000000000000004,0.15,1,critical_percent:1000,0,0,10,1001,0,0,1,"3,3001,3028",equip-40000002
3,equip-10000003,equip-20000003,4,1,1,,,,,,,"13,16",,,,,,,,0,0,0,0,0,0,0,0,3,0,2,1,配件_光学瞄准镜_N,2100,BM,0,,equip-30000003,0.45,0.15,0.30000000000000004,0.15,1,critical_percent:1000,0,0,10,1001,0,0,1,"3,3001,3028",equip-40000003
4,equip-10000004,equip-20000004,5,1,1,,,,,,,"17,24",,,,,,,,0,0,0,0,0,0,0,0,4,0,3,2,配件_光学瞄准镜_N,2700,BM,0,,equip-30000004,0.45,0.15,0.30000000000000004,0.15,1,critical_percent:1000,0,0,10,1001,0,0,1,"3001,3028",equip-40000004
5,equip-10000005,equip-20000005,2,1,2,"1,1","1,1",,,"-1,-1",,,,,,,,,,0,0,0,0,0,0,0,0,1,0,1,0,配件_全息瞄准镜_N,480,EOT,0,,equip-30000005,0.0,0.0,0.0,0.0,1,,0,0,0,2001,0,0,1,"3,3001",equip-40000005
6,equip-10000006,equip-20000006,3,1,2,"1,2","2,2",,,"-2,-2",,,,,,,,,,0,0,0,0,0,0,0,0,2,0,1,0,配件_全息瞄准镜_N,1380,EOT,0,,equip-30000006,0.45,0.15,0.30000000000000004,0.15,1,"pow:500,hit:500",0,0,10,2001,0,0,1,"3,3001,3028",equip-40000006
7,equip-10000007,equip-20000007,4,1,2,"2,3","3,5",,,"-4,-3",,,,,,,,,,0,0,0,0,0,0,0,0,3,0,2,1,配件_全息瞄准镜_N,2280,EOT,0,,equip-30000007,0.45,0.15,0.30000000000000004,0.15,1,"pow:400,hit:400",0,0,10,2001,0,0,1,"3,3001,3028",equip-40000007
8,equip-10000008,equip-20000008,5,1,2,"4,6","6,10",,,"-6,-4",,,,,,,,,,0,0,0,0,0,0,0,0,4,0,3,2,配件_全息瞄准镜_N,2880,EOT,0,,equip-30000008,0.45,0.15,0.30000000000000004,0.15,1,"pow:400,hit:400",0,0,10,2001,0,0,1,"3001,3028",equip-40000008
9,equip-10000009,equip-20000009,2,1,3,,"2,3",,,"-1,-1",,,,,,,,,,0,0,0,0,0,0,0,0,1,0,1,0,配件_ACOG瞄准镜_N,600,AMP,0,,equip-30000009,0.0,0.0,0.0,0.0,1,,0,0,0,3001,0,0,1,"3,3001",equip-40000009
10,equip-10000010,equip-20000010,3,1,3,,"4,6",,,"-2,-1",,,,,,,,,,0,0,0,0,0,0,0,0,2,0,1,0,配件_ACOG瞄准镜_N,1500,AMP,0,,equip-30000010,0.45,0.15,0.30000000000000004,0.15,1,hit:1000,0,0,10,3001,0,0,1,"3,3001,3028",equip-40000010
11,equip-10000011,equip-20000011,4,1,3,,"7,10",,,"-3,-1",,,,,,,,,,0,0,0,0,0,0,0,0,3,0,2,1,配件_ACOG瞄准镜_N,2400,AMP,0,,equip-30000011,0.45,0.15,0.30000000000000004,0.15,1,hit:1000,0,0,10,3001,0,0,1,"3,3001,3028",equip-40000011
12,equip-10000012,equip-20000012,5,1,3,,"11,15",,,"-4,-1",,,,,,,,,,0,0,0,0,0,0,0,0,4,0,3,2,配件_ACOG瞄准镜_N,3000,AMP,0,,equip-30000012,0.45,0.15,0.30000000000000004,0.15,1,hit:1000,0,0,10,3001,0,0,1,"3001,3028",equip-40000012
13,equip-10000013,equip-20000013,2,1,4,,,,,,,,,,,,,"51,55",,0,0,0,0,0,0,0,0,1,0,1,0,配件_红外夜视仪_N,540,IOP,0,,equip-30000013,0.0,0.0,0.0,0.0,1,,0,0,0,4001,0,0,1,"3,3001",equip-40000013
14,equip-10000014,equip-20000014,3,1,4,,,,,,,,,,,,,"61,70",,0,0,0,0,0,0,0,0,1,0,2,0,配件_红外夜视仪_N,1440,IOP,0,,equip-30000014,0.0,0.0,0.0,0.0,1,,0,0,0,4001,0,0,1,"3,3001,3028",equip-40000014
15,equip-10000015,equip-20000015,4,1,4,,,,,,,,,,,,,"76,85",,0,0,0,0,0,0,0,0,2,0,3,1,配件_红外夜视仪_N,2340,IOP,0,,equip-30000015,0.0,0.0,0.0,0.0,1,,0,0,0,4001,0,0,1,"3,3001,3028",equip-40000015
16,equip-10000016,equip-20000016,5,1,4,,,,,,,,,,,,,"91,100",,0,0,0,0,0,0,0,0,3,0,4,2,配件_红外夜视仪_N,2940,IOP,0,,equip-30000016,0.0,0.0,0.0,0.0,1,,0,0,0,4001,0,0,1,"3001,3028",equip-40000016
17,equip-10000017,equip-20000017,2,2,5,,,,,,,,"45,55",,,,,,,0,0,0,0,0,0,0,0,0,2,0,0,弹匣_穿甲弹_N,900,IOP,0,,equip-30000017,0.0,0.0,0.0,0.0,1,,0,0,0,5001,0,0,1,"3,3001",equip-40000017
18,equip-10000018,equip-20000018,3,2,5,,,,,,,,"65,75",,,,,,,0,0,0,0,0,0,0,0,0,2,0,1,弹匣_穿甲弹_N,1800,IOP,0,,equip-30000018,0.08,0.5,0.30000000000000004,0.30000000000000004,1,armor_piercing:500,0,0,10,5001,0,0,1,"3,3001,3028",equip-40000018
19,equip-10000019,equip-20000019,4,2,5,,,,,,,,"90,100",,,,,,,0,0,0,0,0,0,0,0,0,3,1,2,弹匣_穿甲弹_N,2700,IOP,0,,equip-30000019,0.08,0.5,0.30000000000000004,0.30000000000000004,1,armor_piercing:500,0,0,10,5001,0,0,1,"3,3001,3028",equip-40000019
20,equip-10000020,equip-20000020,5,2,5,,,,,,,,"110,120",,,,,,,0,0,0,0,0,0,0,0,0,4,2,3,弹匣_穿甲弹_N,3300,IOP,0,,equip-30000020,0.08,0.5,0.30000000000000004,0.30000000000000004,1,armor_piercing:500,0,0,10,5001,0,0,1,"3001,3028",equip-40000020
21,equip-10000021,equip-20000021,2,2,6,,,,,,,,,,,,,,,0,0,0,0,0,0,0,0,0,2,0,0,21,840,,0,,equip-30000021,0.0,0.0,0.0,0.0,1,,0,0,0,6001,0,0,0,3000,equip-40000021
22,equip-10000022,equip-20000022,3,2,6,,,,,,,,,,,,,,,0,0,0,0,0,0,0,0,0,2,0,1,22,1740,,0,,equip-30000022,0.0,0.0,0.0,0.0,1,,0,0,0,6001,0,0,0,3000,equip-40000022
23,equip-10000023,equip-20000023,4,2,6,,,,,,,,,,,,,,,0,0,0,0,0,0,0,0,0,3,1,2,23,2640,,0,,equip-30000023,0.0,0.0,0.0,0.0,1,,0,0,0,6001,0,0,0,3000,equip-40000023
24,equip-10000024,equip-20000024,5,2,6,,,,,,,,,,,,,,,0,0,0,0,0,0,0,0,0,4,2,3,24,3240,,0,,equip-30000024,0.0,0.0,0.0,0.0,1,,0,0,0,6001,0,0,0,3000,equip-40000024
25,equip-10000025,equip-20000025,2,2,6,,,,,,,,,,,,,,,0,0,0,0,0,0,0,0,0,2,0,0,25,1020,,0,,equip-30000025,0.0,0.0,0.0,0.0,1,,0,0,0,6002,0,0,0,3000,equip-40000025
26,equip-10000026,equip-20000026,3,2,6,,,,,,,,,,,,,,,0,0,0,0,0,0,0,0,0,2,0,1,26,1920,,0,,equip-30000026,0.0,0.0,0.0,0.0,1,,0,0,0,6002,0,0,0,3000,equip-40000026
27,equip-10000027,equip-20000027,4,2,6,,,,,,,,,,,,,,,0,0,0,0,0,0,0,0,0,3,1,2,27,2820,,0,,equip-30000027,0.0,0.0,0.0,0.0,1,,0,0,0,6002,0,0,0,3000,equip-40000027
28,equip-10000028,equip-20000028,5,2,6,,,,,,,,,,,,,,,0,0,0,0,0,0,0,0,0,4,2,3,28,3420,,0,,equip-30000028,0.0,0.0,0.0,0.0,1,,0,0,0,6002,0,0,0,3000,equip-40000028
29,equip-10000029,equip-20000029,2,2,8,"2,2",,,,,,,,,,,,,,0,0,0,0,0,0,0,0,0,3,0,0,弹匣_高速弹_N,1080,PMC,0,,equip-30000029,0.0,0.0,0.0,0.0,1,,0,0,0,8001,0,0,1,"3,3001",equip-40000029
30,equip-10000030,equip-20000030,3,2,8,"3,4",,,,,,,,,,,,,,0,0,0,0,0,0,0,0,0,3,1,0,弹匣_高速弹_N,1980,PMC,0,,equip-30000030,0.15,0.6000000000000001,0.38,0.23,1,pow:1000,0,0,10,8001,0,0,1,"3,3001,3028",equip-40000030
31,equip-10000031,equip-20000031,4,2,8,"5,7",,,,,,,,,,,,,,0,0,0,0,0,0,0,0,0,4,2,1,弹匣_高速弹_N,2880,PMC,0,,equip-30000031,0.15,0.6000000000000001,0.38,0.23,1,pow:800,0,0,10,8001,0,0,1,"3001,3028",equip-40000031
32,equip-10000032,equip-20000032,5,2,8,"8,12",,,,,,,,,,,,,,0,0,0,0,0,0,0,0,0,5,3,2,弹匣_高速弹_N,3480,PMC,0,,equip-30000032,0.15,0.6000000000000001,0.38,0.23,1,pow:700,0,0,10,8001,0,0,1,"3001,3028",equip-40000032
33,equip-10000033,equip-20000033,2,3,9,,,,,,,,,,,,,,,0,0,0,0,0,0,0,0,1,1,0,0,33,660,,0,,equip-30000033,0.0,0.0,0.0,0.0,1,,0,0,0,9001,0,0,0,3000,equip-40000033
34,equip-10000034,equip-20000034,3,3,9,,,,,,,,,,,,,,,0,0,0,0,0,0,0,0,2,1,0,0,34,1560,,0,,equip-30000034,0.0,0.0,0.0,0.0,1,,0,0,0,9001,0,0,0,3000,equip-40000034
35,equip-10000035,equip-20000035,4,3,9,,,,,,,,,,,,,,,0,0,0,0,0,0,0,0,3,2,0,1,35,2460,,0,,equip-30000035,0.0,0.0,0.0,0.0,1,,0,0,0,9001,0,0,0,3000,equip-40000035
36,equip-10000036,equip-20000036,5,3,9,,,,,,,,,,,,,,,0,0,0,0,0,0,0,0,4,3,0,2,36,3060,,0,,equip-30000036,0.0,0.0,0.0,0.0,1,,0,0,0,9001,0,0,0,3000,equip-40000036
37,equip-10000037,equip-20000037,2,3,10,"-2,-1",,"6,8",,,,,,,,,,,,0,0,0,0,0,0,0,0,1,0,0,1,人形装备_外骨骼_N,720,IOP,0,,equip-30000037,0.0,0.0,0.0,0.0,1,,0,0,0,10001,0,0,1,"3,3001",equip-40000037
38,equip-10000038,equip-20000038,3,3,10,"-4,-3",,"10,12",,,,,,,,,,,,0,0,0,0,0,0,0,0,2,1,0,2,人形装备_外骨骼_N,1620,IOP,0,,equip-30000038,0.30000000000000004,0.23,0.15,0.38,1,dodge:400,0,0,10,10001,0,0,1,"3,3001,3028",equip-40000038
39,equip-10000039,equip-20000039,4,3,10,"-6,-5",,"14,16",,,,,,,,,,,,0,0,0,0,0,0,0,0,3,1,0,3,人形装备_外骨骼_N,2520,IOP,0,,equip-30000039,0.30000000000000004,0.23,0.15,0.38,1,dodge:400,0,0,10,10001,0,0,1,"3001,3028",equip-40000039
40,equip-10000040,equip-20000040,5,3,10,"-8,-6",,"20,25",,,,,,,,,,,,0,0,0,0,0,0,0,0,4,2,0,4,人形装备_外骨骼_N,3120,IOP,0,,equip-30000040,0.30000000000000004,0.23,0.15,0.38,1,dodge:400,0,0,10,10001,0,0,1,"3001,3028",equip-40000040
42,equip-10000042,equip-20000042,3,3,11,,,"-1,-1",,,,,,"3,3",,,,,,0,0,0,0,0,0,0,0,0,0,2,2,人形装备_防弹插板_N,1560,IOP,0,,equip-30000042,0.23,0.23,0.33,0.33,1,armor:400,0,0,10,11001,0,0,1,"3,3001,3028",equip-40000042
43,equip-10000043,equip-20000043,4,3,11,,,"-1,-1",,,,,,"4,5",,,,,,0,0,0,0,0,0,0,0,1,1,2,2,人形装备_防弹插板_N,2460,IOP,0,,equip-30000043,0.23,0.23,0.33,0.33,1,armor:400,0,0,10,11001,0,0,1,"3,3001,3028",equip-40000043
44,equip-10000044,equip-20000044,5,3,11,,,"-3,-2",,,,,,"6,8",,,,,,0,0,0,0,0,0,0,0,2,2,3,3,人形装备_防弹插板_N,3060,IOP,0,,equip-30000044,0.23,0.23,0.33,0.33,1,armor:400,0,0,10,11001,0,0,1,"3001,3028",equip-40000044
45,equip-10000045,equip-20000045,2,3,12,,,,,,,,,,,,,,,0,0,0,0,0,0,0,0,2,0,0,1,45,1200,,0,,equip-30000045,0.0,0.0,0.0,0.0,1,,0,0,0,12001,0,0,0,3000,equip-40000045
46,equip-10000046,equip-20000046,3,3,12,,,,,,,,,,,,,,,0,0,0,0,0,0,0,0,3,0,0,1,46,2100,,0,,equip-30000046,0.0,0.0,0.0,0.0,1,,0,0,0,12001,0,0,0,3000,equip-40000046
47,equip-10000047,equip-20000047,4,3,12,,,,,,,,,,,,,,,0,0,0,0,0,0,0,0,4,1,1,2,47,3000,,0,,equip-30000047,0.0,0.0,0.0,0.0,1,,0,0,0,12001,0,0,0,3000,equip-40000047
48,equip-10000048,equip-20000048,5,3,12,,,,,,,,,,,,,,,0,0,0,0,0,0,0,0,5,1,1,3,48,3600,,0,,equip-30000048,0.0,0.0,0.0,0.0,1,,0,0,0,12001,0,0,0,3000,equip-40000048
49,equip-10000049,equip-20000049,5,1,4,,,,,,,,,,,,,"100,100",,0,0,0,0,0,0,0,0,3,0,4,2,配件_红外夜视仪_S,3120,16Lab,0,,equip-30000049,0.0,0.0,0.0,0.0,1,,0,0,0,4001,0,0,1,3021,equip-40000049
50,equip-10000050,equip-20000050,5,2,5,,,,,,,,"120,120",,,,,,,0,0,0,0,0,0,0,0,0,4,2,3,弹匣_穿甲弹_S,3420,16Lab,0,,equip-30000050,0.08,0.55,0.30000000000000004,0.30000000000000004,1,armor_piercing:500,0,0,10,5001,0,0,1,3022,equip-40000050
51,equip-10000051,equip-20000051,2,2,5,"-10,-5",,,,,,,"15,25",,,,,,,0,0,0,0,0,0,0,0,0,2,0,0,51,960,IOP,0,,equip-30000051,0.0,0.0,0.0,0.0,1,,0,0,0,5002,0,0,0,3000,equip-40000051
52,equip-10000052,equip-20000052,3,2,5,"-20,-10",,,,,,,"35,50",,,,,,,0,0,0,0,0,0,0,0,0,2,0,1,52,1860,IOP,0,,equip-30000052,0.0,0.0,0.0,0.0,1,,0,0,0,5002,0,0,0,3000,equip-40000052
53,equip-10000053,equip-20000053,4,2,5,"-30,-15",,,,,,,"60,75",,,,,,,0,0,0,0,0,0,0,0,0,3,1,2,53,2760,IOP,0,,equip-30000053,0.0,0.0,0.0,0.0,1,,0,0,0,5002,0,0,0,3000,equip-40000053
54,equip-10000054,equip-20000054,5,2,5,"-40,-25",,,,,,,"85,100",,,,,,,0,0,0,0,0,0,0,0,0,4,2,3,54,3360,IOP,0,,equip-30000054,0.0,0.0,0.0,0.0,1,,0,0,0,5002,0,0,0,3000,equip-40000054
55,equip-10000055,equip-20000055,2,3,10,,,"2,3",,,,,,,,,,,,0,0,0,0,0,0,0,0,1,0,0,1,人形装备_外骨骼_X_N,720,IOP,0,,equip-30000055,0.0,0.0,0.0,0.0,1,,0,0,0,10002,0,0,1,"3,3001",equip-40000055
56,equip-10000056,equip-20000056,3,3,10,,,"4,5",,,,,,,,,,,,0,0,0,0,0,0,0,0,2,1,0,2,人形装备_外骨骼_X_N,1620,IOP,0,,equip-30000056,0.30000000000000004,0.25,0.12,0.38,1,dodge:800,0,0,10,10002,0,0,1,"3,3001,3028",equip-40000056
57,equip-10000057,equip-20000057,4,3,10,,,"6,7",,,,,,,,,,,,0,0,0,0,0,0,0,0,3,1,0,3,人形装备_外骨骼_X_N,2520,IOP,0,,equip-30000057,0.30000000000000004,0.25,0.12,0.38,1,dodge:900,0,0,10,10002,0,0,1,"3,3001,3028",equip-40000057
58,equip-10000058,equip-20000058,5,3,10,,,"8,12",,,,,,,,,,,,0,0,0,0,0,0,0,0,4,2,0,4,人形装备_外骨骼_X_N,3120,IOP,0,,equip-30000058,0.30000000000000004,0.25,0.12,0.38,1,dodge:700,0,0,10,10002,0,0,1,"3001,3028",equip-40000058
59,equip-10000059,equip-20000059,5,2,19,,,,,"1,8",,,"120,130",,,,,,,0,0,0,0,0,0,0,0,0,4,2,3,弹匣_穿甲弹_Springfield,3420,NMS,0,36,equip-30000059,0.08,0.55,0.30000000000000004,0.30000000000000004,3,"rate:300,armor_piercing:500",0,0,10,19001,0,0,1,3,equip-40000059
60,equip-10000060,equip-20000060,5,2,19,"20,25",,,,"-10,-10",,,,,,,,,,0,0,0,0,0,0,0,0,0,5,3,2,弹匣_高速弹_AR15,3420,16Lab,0,"57,20057",equip-30000060,0.15,0.6000000000000001,0.38,0.23,3,pow:400,0,759090,10,19002,4,0,1,3,equip-40000060
61,equip-10000061,equip-20000061,5,3,20,"-4,-2",,,,"-8,-1",,,,,,,,,"3,4",0,0,0,0,0,0,0,0,0,5,3,2,人形装备_战术核芯片_M1918,3420,16Lab,0,"75,20075",equip-30000061,0.1,0.1,0.1,0.55,3,bullet_number_up:500,0,0,10,20001,0,0,1,3,equip-40000061
62,equip-10000062,equip-20000062,5,3,20,"-10,-6",,"30,45",,,,,,,,,,,,0,0,0,0,0,0,0,0,4,2,0,4,人形装备_外骨骼_MP5,3120,16Lab,0,"20026,26",equip-30000062,0.30000000000000004,0.25,0.12,0.38,3,dodge:300,0,759184,10,20002,7,0,1,3,equip-40000062
63,equip-10000063,equip-20000063,2,1,13,,,"2,2",,,,"4,5",,,,,,,,0,0,0,0,0,0,0,0,2,0,0,0,配件_消音器_N,420,AC,0,,equip-30000063,0.0,0.0,0.0,0.0,1,,0,0,0,13001,0,0,1,"3,3001",equip-40000063
64,equip-10000064,equip-20000064,3,1,13,,,"3,3",,,,"6,8",,,,,,,,0,0,0,0,0,0,0,0,3,0,0,0,配件_消音器_N,1320,AC,0,,equip-30000064,0.55,0.23,0.23,0.23,1,"dodge:400,critical_percent:300",0,0,10,13001,0,0,1,"3,3001,3028",equip-40000064
65,equip-10000065,equip-20000065,4,1,13,,,"4,5",,,,"9,11",,,,,,,,0,0,0,0,0,0,0,0,3,1,1,1,配件_消音器_N,2220,AC,0,,equip-30000065,0.55,0.23,0.23,0.23,1,"dodge:400,critical_percent:300",0,0,10,13001,0,0,1,"3,3001,3028",equip-40000065
66,equip-10000066,equip-20000066,5,1,13,,,"6,8",,,,"12,15",,,,,,,,0,0,0,0,0,0,0,0,4,2,2,2,配件_消音器_N,2820,AC,0,,equip-30000066,0.55,0.23,0.23,0.23,1,"dodge:300,critical_percent:350",0,0,10,13001,0,0,1,"3001,3028",equip-40000066
67,equip-10000067,equip-20000067,4,3,14,,,"-1,-1",,,,,,,,,,,"1,1",0,0,0,0,0,0,0,0,0,0,0,4,人形装备_弹链箱_N,2820,IOP,0,,equip-30000067,0.1,0.1,0.1,0.55,1,bullet_number_up:2000,0,0,10,14001,0,0,1,"3,3001,3028",equip-40000067
68,equip-10000068,equip-20000068,5,3,14,,,"-3,-2",,,,,,,,,,,"2,3",0,0,0,0,0,0,0,0,1,1,1,5,人形装备_弹链箱_N,3420,IOP,0,,equip-30000068,0.1,0.1,0.1,0.55,1,bullet_number_up:700,0,0,10,14001,0,0,1,"3001,3028",equip-40000068
69,equip-10000069,equip-20000069,2,2,6,"1,1",,,,,,,"-1,-1",,,,,,,0,0,0,0,0,0,0,0,1,1,0,0,弹匣_状态弹_空尖弹_N,780,ILM,0,,equip-30000069,0.0,0.0,0.0,0.0,1,,0,0,0,6003,0,0,1,"3,3001",equip-40000069
70,equip-10000070,equip-20000070,3,2,6,"2,3",,,,,,,"-3,-2",,,,,,,0,0,0,0,0,0,0,0,2,2,0,1,弹匣_状态弹_空尖弹_N,1680,ILM,0,,equip-30000070,0.48,0.48,0.08,0.25,1,pow:700,0,0,10,6003,0,0,1,"3,3001,3028",equip-40000070
71,equip-10000071,equip-20000071,4,2,6,"4,6",,,,,,,"-6,-4",,,,,,,0,0,0,0,0,0,0,0,3,3,0,1,弹匣_状态弹_空尖弹_N,2580,ILM,0,,equip-30000071,0.48,0.48,0.08,0.25,1,pow:500,0,0,10,6003,0,0,1,"3,3001,3028",equip-40000071
72,equip-10000072,equip-20000072,5,2,6,"7,10",,,,,,,"-10,-7",,,,,,,0,0,0,0,0,0,0,0,4,4,0,2,弹匣_状态弹_空尖弹_N,3180,ILM,0,,equip-30000072,0.48,0.48,0.08,0.25,1,pow:500,0,0,10,6003,0,0,1,"3001,3028",equip-40000072
73,equip-10000073,equip-20000073,2,2,7,"1,1",,,,,"3,4",,,,,,,,,0,0,0,0,0,0,0,0,0,1,0,1,弹匣_霰弹_鹿弹_N,840,IOP,0,,equip-30000073,0.0,0.0,0.0,0.0,1,,0,0,0,7001,0,0,1,"3,3001",equip-40000073
74,equip-10000074,equip-20000074,3,2,7,"2,3",,,,,"5,6",,,,,,,,,0,0,0,0,0,0,0,0,0,2,0,2,弹匣_霰弹_鹿弹_N,1740,IOP,0,,equip-30000074,0.08,0.53,0.08,0.45,1,"pow:500,critical_harm_rate:500",0,0,10,7001,0,0,1,"3,3001,3028",equip-40000074
75,equip-10000075,equip-20000075,4,2,7,"4,6",,,,,"7,9",,,,,,,,,0,0,0,0,0,0,0,0,1,3,1,2,弹匣_霰弹_鹿弹_N,2640,IOP,0,,equip-30000075,0.08,0.53,0.08,0.45,1,"pow:500,critical_harm_rate:600",0,0,10,7001,0,0,1,"3,3001,3028",equip-40000075
76,equip-10000076,equip-20000076,5,2,7,"7,10",,,,,"10,15",,,,,,,,,0,0,0,0,0,0,0,0,1,4,1,3,弹匣_霰弹_鹿弹_N,3240,IOP,0,,equip-30000076,0.08,0.53,0.08,0.45,1,"pow:500,critical_harm_rate:500",0,0,10,7001,0,0,1,"3001,3028",equip-40000076
77,equip-10000077,equip-20000077,2,2,7,,"1,2",,,,,,,,,,,,,0,0,0,0,0,0,0,0,0,1,0,1,弹匣_霰弹_独头弹_N,840,IOP,0,,equip-30000077,0.0,0.0,0.0,0.0,1,,300909,300906,0,7002,0,0,1,"3,3001",equip-40000077
78,equip-10000078,equip-20000078,3,2,7,,"3,4",,,,,,,,,,,,,0,0,0,0,0,0,0,0,0,2,0,2,弹匣_霰弹_独头弹_N,1740,IOP,0,,equip-30000078,0.08,0.39,0.08,0.48,1,hit:1000,300909,300906,10,7002,0,0,1,"3,3001,3028",equip-40000078
79,equip-10000079,equip-20000079,4,2,7,,"5,7",,,,,,,,,,,,,0,0,0,0,0,0,0,0,1,2,1,3,弹匣_霰弹_独头弹_N,2640,IOP,0,,equip-30000079,0.08,0.39,0.08,0.48,1,hit:900,300909,300906,10,7002,0,0,1,"3,3001,3028",equip-40000079
80,equip-10000080,equip-20000080,5,2,7,,"8,12",,,,,,,,,,,,,0,0,0,0,0,0,0,0,1,3,1,4,弹匣_霰弹_独头弹_N,3240,IOP,0,,equip-30000080,0.08,0.39,0.08,0.48,1,hit:700,300909,300906,10,7002,0,0,1,"3001,3028",equip-40000080
81,equip-10000081,equip-20000081,5,3,11,,,"-2,-2",,,,,,"8,8",,,,,,0,0,0,0,0,0,0,0,2,2,3,3,人形装备_防弹插板_S,3060,16Lab,0,,equip-30000081,0.23,0.23,0.33,0.33,1,armor:400,0,0,10,11001,0,0,1,3020,equip-40000081
82,equip-10000082,equip-20000082,5,2,7,"10,10",,,,,"15,15",,,,,,,,,0,0,0,0,0,0,0,0,1,4,1,3,弹匣_霰弹_鹿弹_S,3240,16Lab,0,,equip-30000082,0.08,0.53,0.08,0.45,1,"pow:500,critical_harm_rate:500",0,0,10,7001,0,0,1,3019,equip-40000082
83,equip-10000083,equip-20000083,5,1,18,,,,,,"40,40","32,32",,,,,,,,0,0,0,0,0,0,0,0,4,0,3,2,配件_光学瞄准镜_AK,2700,KST,0,"58,66,20066",equip-30000083,0.45,0.15,0.30000000000000004,0.15,3,"critical_harm_rate:100,critical_percent:500",0,759280,10,18001,17,0,1,3017,equip-40000083
84,equip-10000084,equip-20000084,5,1,18,,,,,,"25,25","32,32",,,,,,,,0,0,0,0,0,0,0,0,4,0,3,2,配件_光学瞄准镜_AK,2700,KST,0,"58,66,20066",equip-30000084,0.45,0.15,0.30000000000000004,0.15,3,"critical_harm_rate:200,critical_percent:500",0,0,10,18002,0,0,1,3017,equip-40000084
85,equip-10000085,equip-20000085,5,1,18,,,,,,"10,10","32,32",,,,,,,,0,0,0,0,0,0,0,0,4,0,3,2,配件_光学瞄准镜_AK,2700,KST,0,"58,66,20066",equip-30000085,0.45,0.15,0.30000000000000004,0.15,3,"critical_harm_rate:500,critical_percent:500",0,0,10,18003,0,0,1,3017,equip-40000085
86,equip-10000086,equip-20000086,5,3,20,"18,25",,"2,4",,,"15,20",,,,,,,,,0,0,0,0,0,0,0,0,4,1,4,1,人形装备_战术核芯片_莫辛纳甘,3420,16Lab,0,"39,20039",equip-30000086,0.6000000000000001,0.16,0.6000000000000001,0.16,3,"pow:200,dodge:300,critical_harm_rate:500",0,759098,10,20003,3,0,1,3,equip-40000086
87,equip-10000087,equip-20000087,2,3,15,,,,"-3,-3",,"3,4",,,,,,,,,0,0,0,0,0,0,0,0,1,0,2,0,人形装备_伪装披风_N1,960,IOP,0,,equip-30000087,0.0,0.0,0.0,0.0,1,,0,0,0,15001,0,0,1,"3,3001",equip-40000087
88,equip-10000088,equip-20000088,3,3,15,,,,"-3,-3",,"5,7",,,,,,,,,0,0,0,0,0,0,0,0,2,0,3,0,人形装备_伪装披风_N1,1860,IOP,0,,equip-30000088,0.55,0.16,0.6000000000000001,0.16,1,critical_harm_rate:900,0,0,10,15001,0,0,1,"3,3001,3028",equip-40000088
89,equip-10000089,equip-20000089,4,3,15,,,,"-3,-3",,"8,10",,,,,,,,,0,0,0,0,0,0,0,0,3,0,4,0,人形装备_伪装披风_N2,2760,IOP,0,,equip-30000089,0.55,0.16,0.6000000000000001,0.16,1,critical_harm_rate:800,0,0,10,15001,0,0,1,"3,3001,3028",equip-40000089
90,equip-10000090,equip-20000090,5,3,15,,,,"-3,-3",,"11,15",,,,,,,,,0,0,0,0,0,0,0,0,4,0,5,0,人形装备_伪装披风_N3,3360,IOP,0,,equip-30000090,0.55,0.16,0.6000000000000001,0.16,1,critical_harm_rate:700,0,0,10,15001,0,0,1,"3001,3028",equip-40000090
91,equip-10000091,equip-20000091,5,3,20,,"-20,-20","8,8",,"-10,-10",,,,"15,15",,,,,,0,0,0,0,0,0,0,0,2,2,3,3,人形装备_防弹插板_M16A1,3060,SF,0,54,equip-30000091,0.23,0.23,0.33,0.33,3,"dodge:300,armor:350",0,0,10,20004,0,0,1,3,equip-40000091
92,equip-10000092,equip-20000092,5,3,20,,,"20,25",,,"11,15",,,,,,,,,0,0,0,0,0,0,0,0,4,2,0,4,人形装备_外骨骼_UMP,3120,IOP,0,"101,102,103,20103,20101",equip-30000092,0.30000000000000004,0.23,0.15,0.38,3,"dodge:400,critical_harm_rate:700",0,"759085,759088",10,20005,"13,14",0,1,"3,3048",equip-40000092
93,equip-10000093,equip-20000093,5,1,18,"5,5",,,,,,,,,,,,"100,100",,0,0,0,0,0,0,0,0,3,0,4,2,配件_红外夜视仪_9A91,2940,IDB,0,118,equip-30000093,0.33,0.22,0.5,0.18,3,pow:600,0,0,10,18004,0,0,1,3018,equip-40000093
94,equip-10000094,equip-20000094,5,3,20,"3,5","-5,-3",,,,,,,,,,,,"3,4",0,0,0,0,0,0,0,0,1,1,1,5,人形装备_战术核芯片_阿梅利,3420,16Lab,0,185,equip-30000094,0.1,0.1,0.1,0.55,3,"pow:600,bullet_number_up:500",0,0,10,20006,0,0,1,3050,equip-40000094
95,equip-10000095,equip-20000095,5,2,6,"10,10",,,,,,,"-7,-7",,,,,,,0,0,0,0,0,0,0,0,4,4,0,2,弹匣_状态弹_空尖弹_S,3180,16Lab,0,,equip-30000095,0.48,0.48,0.08,0.25,1,pow:500,0,0,10,6003,0,0,1,3047,equip-40000095
96,equip-10000096,equip-20000096,5,3,15,,,,"-3,-3",,"15,15",,,,,,,,,0,0,0,0,0,0,0,0,4,0,5,0,人形装备_伪装披风_N3_S,3360,16Lab,0,,equip-30000096,0.55,0.16,0.6000000000000001,0.16,1,critical_harm_rate:700,0,0,10,15001,0,0,1,3047,equip-40000096
97,equip-10000097,equip-20000097,5,3,20,,,,,,,,,"500,500",,,,,,0,0,0,0,0,0,0,0,2,2,3,3,人形装备_防弹插板_N,3600,,0,"9001,9002,9003,9004,9005,9006,9007,9008,9009,9010,9011",equip-30000097,100.0,100.0,100.0,100.0,1,armor:400,0,0,10,20007,0,0,0,3000,equip-40000097
98,equip-10000098,equip-20000098,5,2,19,,,,,,,,"500,500",,,,,,,0,0,0,0,0,0,0,0,0,4,2,3,弹匣_穿甲弹_N,3600,,0,"9001,9002,9003,9004,9005,9006,9007,9008,9009,9010,9011",equip-30000098,100.0,100.0,100.0,100.0,1,armor_piercing:500,0,0,10,19003,0,0,0,3000,equip-40000098
99,equip-10000099,equip-20000099,5,3,20,"10,10",,,,"10,10",,,,"9,12",,,,,,0,0,0,0,0,0,0,0,1,4,4,1,人形装备_特殊_M4A1,3600,16Lab,0,"20055,55",equip-30000099,0.15,0.6000000000000001,0.6000000000000001,0.15,3,"pow:1000,armor:250,rate:1000",0,0,10,20008,0,0,1,3016,equip-40000099
100,equip-10000100,equip-20000100,5,1,18,"10,10","4,6",,,,"11,15",,,,,,,,,0,0,0,0,0,0,0,0,4,1,4,1,配件_特殊_AR15,3600,16Lab,0,"20057,57",equip-30000100,0.5,0.25,0.55,0.15,3,"pow:500,hit:700,critical_harm_rate:1000",0,759089,10,18005,4,0,1,3016,equip-40000100
101,equip-10000101,equip-20000101,5,2,19,"8,11",,,,,,,"-10,-7",,,,,,,0,0,0,0,0,0,0,0,4,4,0,2,弹匣_空尖弹_M1911,3600,AAI,0,"20002,2",equip-30000101,0.48,0.48,0.08,0.25,3,pow:550,0,0,10,19004,0,0,1,3016,equip-40000101
102,equip-10000102,equip-20000102,5,3,20,"-10,-6",,"21,26",,"1,2",,,,,,,,,,0,0,0,0,0,0,0,0,4,2,0,4,人形装备_战术核芯片_IDW,3600,NTD,0,"20093,93",equip-30000102,0.30000000000000004,0.25,0.12,0.38,3,"dodge:450,rate:500",0,0,10,20009,0,0,1,3016,equip-40000102
103,equip-10000103,equip-20000103,5,1,18,,,"8,11",,,,"12,15",,,,,,,,0,0,0,0,0,0,0,0,4,2,2,2,配件_消音器_64式,3600,NRC,0,"20094,94",equip-30000103,0.55,0.25,0.25,0.23,3,"dodge:400,critical_percent:350",0,759140,10,18006,6,0,1,3016,equip-40000103
104,equip-10000104,equip-20000104,5,1,18,,,,,"2,3",,"17,24",,,,,,,,0,0,0,0,0,0,0,0,3,2,4,1,配件_特殊_FN49,3600,FNH,0,"20051,51",equip-30000104,0.4,0.2,0.6000000000000001,0.18,3,"rate:700,critical_percent:1000",0,0,10,18007,0,0,1,3016,equip-40000104
105,equip-10000105,equip-20000105,5,1,18,,,,,,"10,10","24,24",,,,,,,,0,0,0,0,0,0,0,0,4,0,3,2,配件_光学瞄准镜_Kar98k,3600,S&B,0,"46,20046",equip-30000105,0.45,0.15,0.30000000000000004,0.15,3,"critical_harm_rate:1000,critical_percent:1000",0,0,10,18008,0,0,1,"3025,3096",equip-40000105
106,equip-10000106,equip-20000106,5,1,18,"4,6","6,10",,,,,"12,15",,,,,,,,0,0,0,0,0,0,0,0,4,0,3,2,配件_全息瞄准镜_HK416,3600,16Lab,0,"20065,65",equip-30000106,0.45,0.15,0.30000000000000004,0.15,3,"pow:400,hit:400,critical_percent:700",0,759233,10,18009,12,0,1,"3,3049",equip-40000106
107,equip-10000107,equip-20000107,5,3,20,"-25,-25","-10,-10","-2,-2",,,,,,,,,,,"20,20",0,0,0,0,0,0,0,0,1,1,1,5,人形装备_弹链箱_MG3,3600,16Lab,0,"88,20088",equip-30000107,0.1,0.1,0.1,0.55,3,bullet_number_up:500,0,759288,10,20010,18,0,1,3,equip-40000107
108,equip-10000108,equip-20000108,5,3,20,,,,"-3,-3","1,2","11,15",,,,,,,,,0,0,0,0,0,0,0,0,4,0,5,0,人形装备_伪装披风_PTRD,3600,16Lab,0,42,equip-30000108,0.55,0.16,0.6000000000000001,0.16,3,"critical_harm_rate:700,rate:1000",0,0,10,20011,0,0,1,3051,equip-40000108
109,equip-10000109,equip-20000109,5,1,1,,,,,,,"24,24",,,,,,,,0,0,0,0,0,0,0,0,4,0,3,2,配件_光学瞄准镜_S,3600,16Lab,0,,equip-30000109,0.45,0.15,0.30000000000000004,0.15,1,critical_percent:1000,0,0,10,1001,0,0,1,3047,equip-40000109
110,equip-10000110,equip-20000110,5,2,8,"12,12",,,,,,,,,,,,,,0,0,0,0,0,0,0,0,0,5,3,2,弹匣_高速弹_S,3600,16Lab,0,,equip-30000110,0.15,0.6000000000000001,0.38,0.23,1,pow:700,0,0,10,8001,0,0,1,3047,equip-40000110
111,equip-10000111,equip-20000111,5,1,18,,"2,3",,,,,"18,25",,,,,,,,0,0,0,0,0,0,0,0,4,0,3,2,配件_光学瞄准镜_莫辛纳甘,3600,KSH,0,"20039,39",equip-30000111,0.45,0.15,0.30000000000000004,0.15,3,"critical_percent:1000,hit:1000",0,759096,10,18010,3,0,1,3016,equip-40000111
112,equip-10000112,equip-20000112,5,1,18,,"11,15",,,"-4,-1",,"15,15",,,,,,,,0,0,0,0,0,0,0,0,4,0,3,2,配件_ACOG瞄准镜_M1918,3600,CT,0,"20075,75",equip-30000112,0.45,0.15,0.30000000000000004,0.15,3,"hit:1000,critical_percent:1000",0,0,10,18011,0,0,1,3016,equip-40000112
113,equip-10000113,equip-20000113,5,1,18,,"1,2","7,10",,,,"12,15",,,,,,,,0,0,0,0,0,0,0,0,4,2,2,2,配件_消音器_纳甘左轮,3600,NS,0,"20005,5",equip-30000113,0.55,0.23,0.23,0.23,3,"dodge:400,hit:1000,critical_percent:350",0,0,10,18012,0,0,1,3016,equip-40000113
114,equip-10000114,equip-20000114,5,1,18,,"3,4","6,8",,,,"12,15",,,,,,,,0,0,0,0,0,0,0,0,4,2,2,2,配件_特殊_MP446,3600,IMP,0,"20091,91",equip-30000114,0.55,0.23,0.23,0.23,3,"dodge:300,hit:1000,critical_percent:350",0,0,10,18013,0,0,1,3016,equip-40000114
115,equip-10000115,equip-20000115,5,3,20,"2,3",,,"-3,-3",,"11,15",,,,,,,,,0,0,0,0,0,0,0,0,4,0,5,0,人形装备_伪装披风_SV98,3600,FSB,0,"20044,44",equip-30000115,0.55,0.16,0.6000000000000001,0.16,3,"critical_harm_rate:700,pow:1000",0,0,10,20012,0,0,1,3016,equip-40000115
117,equip-10000117,equip-20000117,5,1,18,,,,,,,,,,,,,"100,100",,30,0,0,0,0,0,0,0,3,0,4,2,配件_特殊_clear,3600,DJMAX,0,1009,equip-30000117,0.0,0.0,0.0,0.0,3,,109406,0,0,18014,0,1,1,3023,equip-40000117
118,equip-10000118,equip-20000118,5,1,18,,,,,,,,,,,,,"100,100",,30,0,0,0,0,0,0,0,3,0,4,2,配件_特殊_fail,3600,DJMAX,0,1010,equip-30000118,0.0,0.0,0.0,0.0,3,,109504,0,0,18015,0,1,1,3051,equip-40000118
119,equip-10000119,equip-20000119,5,1,18,"3,4","1,2",,,,,"17,24",,,,,,,,0,0,0,0,0,0,0,0,4,0,3,2,配件_光学瞄准镜_FAMAS,3600,SED,0,69,equip-30000119,0.45,0.15,0.30000000000000004,0.15,3,"critical_percent:1000,hit:1000,pow:1000",0,0,10,18016,0,0,1,3,equip-40000119
120,equip-10000120,equip-20000120,5,1,3,,"15,15",,,"-1,-1",,,,,,,,,,0,0,0,0,0,0,0,0,3,0,4,2,配件_ACOG瞄准镜_S,3600,16Lab,0,,equip-30000120,0.45,0.15,0.30000000000000004,0.15,1,hit:1000,0,0,10,3001,0,0,1,3047,equip-40000120
121,equip-10000121,equip-20000121,5,3,10,"-6,-6",,"25,25",,,,,,,,,,,,0,0,0,0,0,0,0,0,4,2,0,4,人形装备_外骨骼_S,3600,16Lab,0,,equip-30000121,0.30000000000000004,0.23,0.15,0.38,1,dodge:400,0,0,10,10001,0,0,1,3047,equip-40000121
122,equip-10000122,equip-20000122,5,1,18,"1,2",,"6,8",,,,"12,15",,,,,,,,0,0,0,0,0,0,0,0,4,2,2,2,配件_特殊_柯尔特左轮,2820,CT,0,"20001,1",equip-30000122,0.55,0.23,0.23,0.23,3,"pow:500,dodge:300,critical_percent:350",0,0,10,18017,0,0,1,3016,equip-40000122
123,equip-10000123,equip-20000123,5,1,18,"2,3","11,15",,,,,"15,15",,,,,,,,0,0,0,0,0,0,0,0,4,0,3,2,配件_特殊_布伦,3600,LA,0,"20089,89",equip-30000123,0.45,0.15,0.30000000000000004,0.15,3,"hit:1000,pow:700,critical_percent:1000",0,0,10,18018,0,0,1,3016,equip-40000123
124,equip-10000124,equip-20000124,5,1,18,"3,4",,,,,,"17,24",,,,,,,,0,0,0,0,0,0,0,0,4,0,3,2,配件_特殊_G3,3600,PTR,0,"20063,63",equip-30000124,0.45,0.15,0.30000000000000004,0.15,3,"critical_percent:1000,pow:1000",0,0,10,18019,0,0,1,3016,equip-40000124
125,equip-10000125,equip-20000125,5,1,18,,,"7,10",,,,"15,18",,,,,,,,0,0,0,0,0,0,0,0,4,0,3,2,配件_特殊_UMP45,3600,???,0,"20103,103",equip-30000125,0.55,0.23,0.23,0.23,3,"dodge:500,critical_percent:400",0,759083,10,18020,13,0,1,3016,equip-40000125
126,equip-10000126,equip-20000126,5,1,18,"15,20","6,10",,,"-4,-2",,,,,,,,,,0,0,0,0,0,0,0,0,4,0,3,2,配件_特殊_M4SOPMODII,3600,???,0,"20056,56",equip-30000126,0.45,0.15,0.30000000000000004,0.15,3,"pow:750,hit:400",0,0,10,18021,0,0,1,3016,equip-40000126
127,equip-10000127,equip-20000127,5,3,20,"10,10","5,5","12,12",,,,,,,,,,,,0,0,0,0,0,0,0,0,4,2,0,4,人形装备_特殊_G41,3600,MS,0,62,equip-30000127,0.30000000000000004,0.25,0.12,0.38,3,"pow:1500,hit:1000,dodge:700",0,0,10,20013,0,0,1,"3026,3035",equip-40000127
128,equip-10000128,equip-20000128,5,1,18,,,"8,11",,,,"12,15",,,,,,,,0,0,0,0,0,0,0,0,4,2,2,2,配件_消音器_司登,3600,RSAF,0,"20029,29",equip-30000128,0.55,0.25,0.25,0.23,3,"dodge:400,critical_percent:350",0,0,10,18022,0,0,1,3016,equip-40000128
129,equip-10000129,equip-20000129,5,1,18,,"3,5",,,,,"17,24",,,,,,,,0,0,0,0,0,0,0,0,4,0,3,2,配件_特殊_M14,3600,SFA,0,"20037,37",equip-30000129,0.45,0.15,0.30000000000000004,0.15,3,"critical_percent:1000,hit:1000",0,0,10,18023,0,0,1,3016,equip-40000129
130,equip-10000130,equip-20000130,5,1,18,,"3,4",,,,,"17,24",,,,,,,,0,0,0,0,0,0,0,0,4,0,3,2,配件_光学瞄准镜_G36,3600,ZF,0,"20064,64",equip-30000130,0.45,0.15,0.30000000000000004,0.15,3,"critical_percent:1000,hit:1000",0,0,10,18024,0,0,1,3016,equip-40000130
131,equip-10000131,equip-20000131,5,1,18,"1,1","13,17",,,,,"15,15",,,,,,,,0,0,0,0,0,0,0,0,4,0,3,2,配件_ACOG瞄准镜_LWMMG,3600,TJC,0,"20081,81",equip-30000131,0.45,0.15,0.30000000000000004,0.15,3,"hit:1000,pow:1000,critical_percent:1000",0,0,10,18025,0,0,1,3016,equip-40000131
132,equip-10000132,equip-20000132,5,1,18,,"18,18",,,"-1,-1",,"20,20",,,,,,,,0,0,0,0,0,0,0,0,4,0,3,2,配件_ACOG瞄准镜_MG4,3600,TJC,0,"125,20125",equip-30000132,0.45,0.15,0.30000000000000004,0.15,3,"hit:1000,critical_percent:750",0,759189,10,18026,8,0,1,3027,equip-40000132
133,equip-10000133,equip-20000133,5,1,18,,"1,2","6,8",,,,"12,15",,,,,,,,0,0,0,0,0,0,0,0,4,2,2,2,配件_特殊_斯捷奇金,3600,USR,0,"20007,7",equip-30000133,0.55,0.23,0.23,0.23,3,"dodge:300,critical_percent:350,hit:1000",300119,"300120,759147",10,18027,5,0,1,3,equip-40000133
134,equip-10000134,equip-20000134,5,1,18,"5,5","14,18",,,"-4,-1",,,,,,,,,,0,0,0,0,0,0,0,0,4,0,3,2,配件_ACOG瞄准镜_乌兹,3600,MPL,0,"20032,32",equip-30000134,0.45,0.15,0.30000000000000004,0.15,3,"pow:1000,hit:1000",0,0,10,18028,0,0,1,3016,equip-40000134
135,equip-10000135,equip-20000135,5,2,19,"10,14",,,,,,,,,,,,,,0,0,0,0,0,0,0,0,0,5,3,2,弹匣_高速弹_ASVal,3600,TTM,0,"20060,60",equip-30000135,0.15,0.6000000000000001,0.38,0.23,3,pow:750,0,0,10,19005,0,0,1,3016,equip-40000135
136,equip-10000136,equip-20000136,5,2,19,"10,14",,,,,,,,,,,,,,0,0,0,0,0,0,0,0,0,5,3,2,弹匣_高速弹_StG44,3600,PAW,0,"20061,61",equip-30000136,0.15,0.6000000000000001,0.38,0.23,3,pow:750,0,0,10,19006,0,0,1,3016,equip-40000136
137,equip-10000137,equip-20000137,5,1,18,,,"15,15",,,,,,,,,,,,0,0,0,0,0,0,0,0,4,2,2,2,配件_特殊1_吉尔,3600,BTC,0,1017,equip-30000137,0.0,0.0,0.0,0.0,3,,0,710102,0,18029,0,1,1,3024,equip-40000137
138,equip-10000138,equip-20000138,5,1,18,,,"15,15",,,,,,,,,,,,0,0,0,0,0,0,0,0,4,2,2,2,配件_特殊2_吉尔,3600,BTC,0,1017,equip-30000138,0.0,0.0,0.0,0.0,3,,0,710105,0,18030,0,1,1,3024,equip-40000138
139,equip-10000139,equip-20000139,5,2,19,,,"15,15",,,,,,,,,,,,0,0,0,0,0,0,0,0,4,4,0,2,弹匣_特殊1_吉尔,3600,BTC,0,1017,equip-30000139,0.0,0.0,0.0,0.0,3,,0,710122,0,19007,0,1,1,3024,equip-40000139
140,equip-10000140,equip-20000140,5,2,19,,,"15,15",,,,,,,,,,,,0,0,0,0,0,0,0,0,4,4,0,2,弹匣_特殊2_吉尔,3600,BTC,0,1017,equip-30000140,0.0,0.0,0.0,0.0,3,,0,710103,0,19008,0,1,1,3024,equip-40000140
141,equip-10000141,equip-20000141,5,3,20,,,"15,15",,,,,,,,,,,,0,0,0,0,0,0,0,0,4,2,0,4,人形_特殊1_吉尔,3600,BTC,0,1017,equip-30000141,0.0,0.0,0.0,0.0,3,,0,710104,0,20014,0,1,1,3024,equip-40000141
142,equip-10000142,equip-20000142,5,1,18,,,"15,15",,,,,,,,,,,,0,0,0,0,0,0,0,0,4,2,2,2,配件_特殊3_吉尔,3600,BTC,0,1017,equip-30000142,0.0,0.0,0.0,0.0,3,,0,710106,0,18031,0,1,1,3024,equip-40000142
143,equip-10000143,equip-20000143,5,2,19,,,"15,15",,,,,,,,,,,,0,0,0,0,0,0,0,0,4,4,0,2,弹匣_特殊3_吉尔,3600,BTC,0,1017,equip-30000143,0.0,0.0,0.0,0.0,3,,0,710120,0,19009,0,1,1,3024,equip-40000143
144,equip-10000144,equip-20000144,5,3,20,,,"15,15",,,,,,,,,,,,0,0,0,0,0,0,0,0,4,2,0,4,人形_特殊2_吉尔,3600,BTC,0,1017,equip-30000144,0.0,0.0,0.0,0.0,3,,0,710121,0,20015,0,1,1,3024,equip-40000144
145,equip-10000145,equip-20000145,5,3,20,"2,4",,"-3,-2",,,,,,"6,8",,,,,,0,0,0,0,0,0,0,0,2,2,3,3,人形_特殊_达娜,3600,Zaibatsu Corp.,0,1022,equip-30000145,0.23,0.23,0.33,0.33,3,"pow:500,armor:400",0,0,10,20016,0,1,1,3053,equip-40000145
146,equip-10000146,equip-20000146,5,2,19,"12,15",,,,,,,"-10,-7",,,,,,,0,0,0,0,0,0,0,0,4,4,0,2,弹匣_状态弹_多萝西,3600,Zaibatsu Corp.,0,1019,equip-30000146,0.48,0.48,0.08,0.25,3,pow:500,0,0,10,19010,0,1,1,3053,equip-40000146
147,equip-10000147,equip-20000147,5,3,20,,,"15,20",,,,,,,,,,,,0,0,0,0,0,0,0,0,4,2,0,4,人形_外骨骼_赛伊,3600,Zaibatsu Corp.,0,1018,equip-30000147,0.30000000000000004,0.23,0.15,0.38,3,dodge:700,0,0,10,20017,0,1,1,3053,equip-40000147
148,equip-10000148,equip-20000148,5,3,20,,,,"-3,-3","1,2","15,20",,,,,,,,,0,0,0,0,0,0,0,0,4,0,5,0,人形_特殊_史黛拉,3600,Zaibatsu Corp.,0,1020,equip-30000148,0.55,0.16,0.6000000000000001,0.16,3,"rate:500,critical_harm_rate:500",0,0,10,20018,0,1,1,3053,equip-40000148
149,equip-10000149,equip-20000149,5,3,20,"2,4",,"-3,-2",,,,,,,,,,,"3,4",0,0,0,0,0,0,0,0,4,0,5,0,人形_特殊_阿尔玛,3600,Zaibatsu Corp.,0,1021,equip-30000149,0.55,0.16,0.6000000000000001,0.16,3,"pow:500,bullet_number_up:500",0,0,10,20019,0,1,1,3053,equip-40000149
150,equip-10000150,equip-20000150,5,1,18,,"13,17",,,"-4,-1",,"20,20",,,,,,,,0,0,0,0,0,0,0,0,4,0,3,2,配件_光学瞄准镜_FG42,3600,ZF,0,110,equip-30000150,0.45,0.15,0.30000000000000004,0.15,3,"hit:900,critical_percent:500",0,0,10,18032,0,0,1,3003,equip-40000150
151,equip-10000151,equip-20000151,5,2,19,"8,12","1,2",,,,"14,18",,,,,,,,,0,0,0,0,0,0,0,0,1,4,1,3,弹匣_霰弹_鹿弹_KS23,3600,FD,0,158,equip-30000151,0.08,0.53,0.08,0.45,3,"pow:500,hit:1000,critical_harm_rate:500",0,0,10,19011,0,0,1,3003,equip-40000151
152,equip-10000152,equip-20000152,5,1,18,"3,5","1,2",,,,,"18,25",,,,,,,,0,0,0,0,0,0,0,0,4,0,3,2,配件_特殊_SIG510,3600,SIG,0,74,equip-30000152,0.45,0.15,0.30000000000000004,0.15,3,"pow:800,hit:1000,critical_percent:1000",0,0,10,18033,0,0,1,3003,equip-40000152
153,equip-10000153,equip-20000153,5,1,18,,"4,6",,,"2,4",,"18,25",,,,,,,,0,0,0,0,0,0,0,0,4,0,3,2,配件_特殊_BM59,3600,BRT,0,52,equip-30000153,0.45,0.15,0.30000000000000004,0.15,3,"hit:450,rate:500,critical_percent:1000",0,0,10,18034,0,0,1,3003,equip-40000153
154,equip-10000154,equip-20000154,5,1,18,"3,4",,"12,14",,,,"15,20",,,,,,,,0,0,0,0,0,0,0,0,4,2,2,2,配件_消音器_M3,3600,OSS,0,17,equip-30000154,0.55,0.23,0.23,0.23,3,"pow:1000,dodge:500,critical_percent:400",0,0,10,18035,0,0,1,3003,equip-40000154
155,equip-10000155,equip-20000155,5,1,18,,,"11,13",,,,"15,20",,,,,,,,0,0,0,0,0,0,0,0,4,2,2,2,配件_消音器_PPK,3600,WTR,0,"10,20010",equip-30000155,0.55,0.23,0.23,0.23,3,"dodge:400,critical_percent:500",0,759239,10,18036,11,0,1,3003,equip-40000155
156,equip-10000156,equip-20000156,5,1,18,"5,7","6,10","10,10",,,,,,,,,,,,0,0,0,0,0,0,0,0,4,0,3,2,配件_ACOG_UMP9,3600,AMP,0,"20101,101",equip-30000156,0.45,0.15,0.30000000000000004,0.15,3,"pow:450,hit:500,dodge:500",0,759086,10,18037,14,0,1,3016,equip-40000156
157,equip-10000157,equip-20000157,5,1,18,"5,7","7,11","10,10",,,,,,,,,,,,0,0,0,0,0,0,0,0,4,0,3,2,配件_其它_MP5,3600,SF,0,"20026,26",equip-30000157,0.45,0.15,0.30000000000000004,0.15,3,"pow:450,hit:400,dodge:500",0,759185,10,18038,7,0,1,3016,equip-40000157
158,equip-10000158,equip-20000158,5,1,18,"1,3",,,,,,"18,25",,,,,,,,0,0,0,0,0,0,0,0,4,0,3,2,配件_其它_汉阳造,3600,KXY,0,"20095,95",equip-30000158,0.45,0.15,0.30000000000000004,0.15,3,"pow:800,critical_percent:1000",0,759273,10,18039,15,0,1,3016,equip-40000158
159,equip-10000159,equip-20000159,5,3,20,"10,10",,"10,12",,,"6,8",,,,,,,,,0,0,0,0,0,0,0,0,4,2,0,4,配件_人形_hk416,3600,HK,0,"20065,65",equip-30000159,0.30000000000000004,0.23,0.15,0.38,3,"pow:1500,dodge:700,critical_harm_rate:250",0,759234,10,20020,12,0,1,3016,equip-40000159
160,equip-10000160,equip-20000160,5,1,18,,,,,"2,2",,"24,24",,,,,,,,0,0,0,0,0,0,0,0,4,0,3,2,配件_光瞄_lee,3600,VKS,0,"50,20050",equip-30000160,0.45,0.15,0.30000000000000004,0.15,3,"rate:1000,critical_percent:1000",0,0,10,18040,0,0,1,3029,equip-40000160
161,equip-10000161,equip-20000161,5,1,18,"2,3",,,,,,"17,24",,,,,,,,0,0,0,0,0,0,0,0,4,0,3,2,配件_光瞄_9597,3600,208,0,"129,130",equip-30000161,0.45,0.15,0.30000000000000004,0.15,3,"pow:700,critical_percent:1000",0,0,10,18041,0,0,1,3003,equip-40000161
162,equip-10000162,equip-20000162,5,3,20,"2,3",,"-3,-2",,,,,,,,,,,"2,3",0,0,0,0,0,0,0,0,1,1,1,5,配件_特殊_RPD,3420,GDR,0,84,equip-30000162,0.1,0.1,0.1,0.55,3,"bullet_number_up:700,pow:1000",0,0,10,20021,0,0,1,3003,equip-40000162
163,equip-10000163,equip-20000163,5,1,18,,,"10,12",,"-6,-4",,"15,20",,,,,,,,0,0,0,0,0,0,0,0,4,2,2,2,配件_上机匣_MAC10,2820,LGE,0,18,equip-30000163,0.55,0.23,0.23,0.23,3,"dodge:700,critical_percent:750",0,0,10,18042,0,0,1,3003,equip-40000163
164,equip-10000164,equip-20000164,5,1,18,,"3,3","10,12",,,,"12,15",,,,,,,,0,0,0,0,0,0,0,0,4,2,2,2,配件_聚合物握把_M9,2820,RT,0,3,equip-30000164,0.55,0.23,0.23,0.23,3,"dodge:700,critical_percent:350",0,0,10,18043,0,0,1,3003,equip-40000164
165,equip-10000165,equip-20000165,5,3,20,"5,5",,"10,12",,"5,5",,,,,,,,,,0,0,0,0,0,0,0,0,4,2,0,4,人形装备_其它_Tar21,3600,IRI,0,72,equip-30000165,0.30000000000000004,0.25,0.12,0.38,3,"pow:2000,rate:1000,dodge:700",0,0,10,20022,0,0,1,3,equip-40000165
166,equip-10000166,equip-20000166,5,1,18,"4,6","6,10",,,"-6,-4",,,,,,,,,,0,0,0,0,0,0,0,0,4,0,3,2,配件_全息_伯莱塔38,2880,DO,0,"31,20031",equip-30000166,0.45,0.15,0.30000000000000004,0.15,3,"pow:900,hit:500",0,0,10,18044,0,0,1,3016,equip-40000166
167,equip-10000167,equip-20000167,5,1,18,,,"8,10",,,,"12,15",,,,,,,,0,0,0,0,0,0,0,0,4,2,2,2,配件_特殊_C96,2820,MS,0,"12,20012",equip-30000167,0.55,0.23,0.23,0.23,3,"dodge:1000,critical_percent:700",0,0,10,18045,0,0,1,3016,equip-40000167
168,equip-10000168,equip-20000168,5,1,18,,,"12,15",,,,"12,15",,,,,,,,0,0,0,0,0,0,0,0,4,2,2,2,配件_特殊_樱花,2820,IJ,0,"228,20228",equip-30000168,0.55,0.23,0.23,0.23,3,"dodge:700,critical_percent:350",0,0,10,18046,0,0,1,"3054,3096",equip-40000168
169,equip-10000169,equip-20000169,5,1,18,,,,,,"6,10","17,24",,,,,,,,0,0,0,0,0,0,0,0,4,0,3,2,配件_导轨_RFB,3600,KTC,0,172,equip-30000169,0.45,0.15,0.30000000000000004,0.15,3,"critical_percent:1000,critical_harm_rate:800",0,0,10,18047,0,0,1,"3054,3096",equip-40000169
170,equip-10000170,equip-20000170,5,2,19,"3,5",,,,,,,"110,120",,,,,,,0,0,0,0,0,0,0,0,0,4,2,3,弹匣_子弹_NTW20,3300,DD,0,"53,20053",equip-30000170,0.08,0.5,0.30000000000000004,0.30000000000000004,3,"armor_piercing:500,pow:1000",0,0,10,19012,0,0,1,3016,equip-40000170
171,equip-10000171,equip-20000171,5,3,20,,,"8,12",,,,"12,15",,,,,,,,0,0,0,0,0,0,0,0,4,2,0,4,人形装备_呆毛_斯捷奇金,3120,WTF,0,"7,20007",equip-30000171,0.30000000000000004,0.25,0.12,0.38,3,"dodge:700,critical_percent:350",0,759132,10,20023,5,0,1,3016,equip-40000171
172,equip-10000172,equip-20000172,5,1,18,"3,5",,,,,,"17,24",,,,,,,,0,0,0,0,0,0,0,0,4,0,3,2,配件_光瞄_M21,2700,Redfield,0,38,equip-30000172,0.45,0.15,0.30000000000000004,0.15,3,"critical_percent:1000,pow:800",0,0,10,18048,0,0,1,3003,equip-40000172
173,equip-10000173,equip-20000173,5,2,19,"8,12",,,,,"6,10",,,,,,,,,0,0,0,0,0,0,0,0,0,5,3,2,弹匣_子弹_ots12,3480,TCP,0,105,equip-30000173,0.15,0.6000000000000001,0.38,0.23,3,"pow:700,critical_harm_rate:500",0,0,10,19013,0,0,1,3003,equip-40000173
174,equip-10000174,equip-20000174,5,2,19,"8,8","12,12",,,,,,,,,,,,,0,0,0,0,0,0,0,0,1,3,1,4,弹匣_高爆弹_AA12,3240,CS,0,163,equip-30000174,0.08,0.39,0.08,0.48,3,"hit:700,pow:900",0,114001,10,19014,0,0,1,3030,equip-40000174
175,equip-10000175,equip-20000175,5,1,18,"2,3",,"6,8",,,,"17,24",,,,,,,,0,0,0,0,0,0,0,0,4,2,2,2,配件_消音_MDR,2820,MDR,0,215,equip-30000175,0.55,0.23,0.23,0.23,3,"dodge:300,critical_percent:1000,pow:1000",0,0,10,18049,0,0,1,"3055,3096",equip-40000175
176,equip-10000176,equip-20000176,5,2,19,"7,10",,,,"1,2",,,"16,20",,,,,,,0,0,0,0,0,0,0,0,4,4,0,2,弹匣_子弹_Gsh18,3180,IOP,0,"221,20221",equip-30000176,0.48,0.48,0.08,0.25,3,"pow:500,rate:500,armor_piercing:750",0,0,10,19015,0,0,1,3016,equip-40000176
177,equip-10000177,equip-20000177,5,1,18,,"11,15",,,"-4,-1","12,15",,,,,,,,,0,0,0,0,0,0,0,0,4,0,3,2,配件_特殊_M500,3000,MGP,0,"154,20154",equip-30000177,0.45,0.15,0.30000000000000004,0.15,3,"hit:1000,critical_harm_rate:650",0,0,10,18050,0,0,1,3016,equip-40000177
178,equip-10000178,equip-20000178,5,2,19,"3,5",,,,,,,"110,120",,,,,,,0,0,0,0,0,0,0,0,0,4,2,3,弹匣_子弹_KSVK,3300,IOP,0,"252,20252",equip-30000178,0.08,0.5,0.30000000000000004,0.30000000000000004,3,"armor_piercing:500,pow:1000",0,0,10,19016,0,0,1,3016,equip-40000178
179,equip-10000179,equip-20000179,5,1,18,,,"9,12",,,,"12,15",,,,,,,,0,0,0,0,0,0,0,0,4,2,2,2,配件_特殊_M950A,2820,IOP,0,"97,20097",equip-30000179,0.55,0.23,0.23,0.23,3,"dodge:700,critical_percent:350",0,0,10,18051,0,0,1,3016,equip-40000179
180,equip-10000180,equip-20000180,5,1,18,,,"8,11",,,,"12,15",,,,,,,,0,0,0,0,0,0,0,0,4,2,2,2,配件_枪托_马卡洛夫,2820,FAB,0,"8,20008",equip-30000180,0.55,0.23,0.23,0.23,3,"dodge:1000,critical_percent:350",0,759216,10,18052,9,0,1,3003,equip-40000180
181,equip-10000181,equip-20000181,5,2,19,"7,10",,,,"-4,-4",,,"-10,-7",,,,,,,0,0,0,0,0,0,0,0,4,4,0,2,弹闸_子弹_蝎式,3180,G2R,0,27,equip-30000181,0.48,0.48,0.08,0.25,3,pow:1000,0,0,10,19017,0,0,1,3003,equip-40000181
182,equip-10000182,equip-20000182,5,2,19,"12,15",,,,"-4,-4",,,,,,,,,,0,0,0,0,0,0,0,0,4,4,0,2,弹闸_子弹_79式,3180,S&B,0,127,equip-30000182,0.48,0.48,0.08,0.25,3,pow:700,0,0,10,19018,0,0,1,3056,equip-40000182
183,equip-10000183,equip-20000183,5,3,20,,,,"-3,-3",,"20,25",,,,,,,,,0,0,0,0,0,0,0,0,4,0,5,0,人形_特殊_莉可,3360,IOP,0,1024,equip-30000183,0.55,0.16,0.6000000000000001,0.16,3,critical_harm_rate:800,0,0,10,20024,0,1,1,3057,equip-40000183
184,equip-10000184,equip-20000184,5,3,20,"8,8",,"8,12",,,,,,,,,,,,0,0,0,0,0,0,0,0,4,2,0,4,人形_特殊_安洁莉卡,3120,IOP,0,1027,equip-30000184,0.30000000000000004,0.25,0.12,0.38,3,"dodge:700,pow:900",0,0,10,20025,0,1,1,3057,equip-40000184
185,equip-10000185,equip-20000185,5,1,18,"3,5","1,3",,,,,"18,25",,,,,,,,0,0,0,0,0,0,0,0,4,0,3,2,配件_特殊_库拉耶丝,2700,IOP,0,1026,equip-30000185,0.45,0.15,0.30000000000000004,0.15,3,"critical_percent:1000,hit:700,pow:1000",0,900716,10,18053,0,1,1,3057,equip-40000185
186,equip-10000186,equip-20000186,5,2,19,"7,10",,,,,"10,15","11,14",,,,,,,,0,0,0,0,0,0,0,0,1,4,1,3,配件_特殊_崔耶拉,3240,IOP,0,1025,equip-30000186,0.08,0.53,0.08,0.45,3,"pow:500,critical_harm_rate:500,critical_percent:800",0,0,10,19019,0,1,1,3057,equip-40000186
187,equip-10000187,equip-20000187,5,1,18,,"1,3","6,8",,,,"12,15",,,,,,,,0,0,0,0,0,0,0,0,4,2,2,2,配件_特殊_海莉艾塔,2820,IOP,0,1023,equip-30000187,0.55,0.23,0.23,0.23,3,"dodge:300,critical_percent:700,hit:700",0,0,10,18054,0,1,1,3057,equip-40000187
188,equip-10000188,equip-20000188,5,1,18,"3,5","1,3",,,,,"18,25",,,,,,,,0,0,0,0,0,0,0,0,4,0,3,2,配件_陨石_库拉耶丝,2700,IOP,0,1026,equip-30000188,0.45,0.15,0.30000000000000004,0.15,3,"critical_percent:1000,hit:700,pow:1000",0,900717,10,18055,0,1,1,3057,equip-40000188
189,equip-10000189,equip-20000189,5,1,18,"3,5","1,3",,,,,"18,25",,,,,,,,0,0,0,0,0,0,0,0,4,0,3,2,配件_手表_库拉耶丝,2700,IOP,0,1026,equip-30000189,0.45,0.15,0.30000000000000004,0.15,3,"critical_percent:1000,hit:700,pow:1000",0,900718,10,18056,0,1,1,3057,equip-40000189
190,equip-10000190,equip-20000190,5,3,20,"10,10","3,5",,,,"10,10",,,,,,,,,0,0,0,0,0,0,0,0,4,2,0,4,人形装备_Gbox_G11,3120,404后勤部,0,"122,20122",equip-30000190,0.30000000000000004,0.25,0.12,0.38,3,"pow:1000,hit:1000,critical_harm_rate:1500",0,0,10,20026,0,0,1,3016,equip-40000190
191,equip-10000191,equip-20000191,5,1,18,"3,5",,,,,,"17,24",,,,,,,,0,0,0,0,0,0,0,0,4,0,3,2,配件_枪托_Super SASS,2700,MGP,0,"124,20124",equip-30000191,0.45,0.15,0.30000000000000004,0.15,3,"critical_percent:1000,pow:1000",0,0,10,18057,0,0,1,3016,equip-40000191
192,equip-10000192,equip-20000192,5,3,20,"-8,-6",,"20,25",,,,,,,,,,,,0,0,0,0,0,0,0,0,4,2,0,4,人形装备_特殊_RO635,3120,IOP,0,"143,20143",equip-30000192,0.30000000000000004,0.25,0.12,0.38,3,dodge:800,0,0,10,20027,0,0,1,3016,equip-40000192
193,equip-10000193,equip-20000193,5,3,20,,,"1,2",,,,,,"6,8",,,,,,0,0,0,0,0,0,0,0,2,2,3,3,人形装备_插板_97霰,3060,IOP,0,"161,20161",equip-30000193,0.23,0.23,0.33,0.38,3,armor:400,0,0,10,20028,0,0,1,3016,equip-40000193
194,equip-10000194,equip-20000194,5,1,18,,,"8,11",,,,"12,15",,,,,,,,0,0,0,0,0,0,0,0,4,2,2,2,配件_特殊_谢尔久科夫,2820,IOP,0,113,equip-30000194,0.55,0.23,0.23,0.23,3,"dodge:1000,critical_percent:350",0,0,10,18058,0,0,1,3003,equip-40000194
195,equip-10000195,equip-20000195,5,2,19,"8,10",,,,,,,"-10,-7",,,,,,,0,0,0,0,0,0,0,0,4,4,0,2,弹匣_子弹_阿斯特拉,3600,ILM,0,14,equip-30000195,0.48,0.48,0.08,0.25,3,pow:1000,0,0,10,19020,0,0,1,3003,equip-40000195
196,equip-10000196,equip-20000196,5,1,18,"1,2",,"7,10",,,,,,,,,,,,0,0,0,0,0,0,0,0,4,2,2,2,配件_特殊_幽灵,2820,IOP,0,92,equip-30000196,0.55,0.23,0.23,0.23,3,"dodge:1000,pow:1000",0,0,10,18059,0,0,1,3003,equip-40000196
197,equip-10000197,equip-20000197,5,3,20,"-6,-6",,"25,25",,,,,,,,,,,,0,0,0,0,0,0,0,0,4,2,0,4,人形装备_特殊_索米,3120,IOP,0,"115,20115",equip-30000197,0.30000000000000004,0.25,0.12,0.38,3,dodge:900,0,0,10,20029,0,0,1,3031,equip-40000197
198,equip-10000198,equip-20000198,5,1,18,,,"7,10",,,,"16,20",,,,,,,,0,0,0,0,0,0,0,0,4,2,2,2,配件_枪托_NZ75,2820,IOP,0,126,equip-30000198,0.55,0.23,0.23,0.23,3,"dodge:1000,critical_percent:500",0,0,10,18060,0,0,1,3058,equip-40000198
199,equip-10000199,equip-20000199,5,1,18,,,"8,8",,,,"15,15",,,,,,,,0,0,0,0,0,0,0,0,4,2,2,2,配件_消音器_特工Vector,2820,SC,0,1028,equip-30000199,0.55,0.23,0.23,0.23,1,"dodge:300,critical_percent:350",0,900992,10,18061,1,1,1,3059,equip-40000199
200,equip-10000200,equip-20000200,5,2,19,"10,10",,,,,,,"-7,-7",,,,,,,0,0,0,0,0,0,0,0,4,4,0,2,弹匣_状态弹_空尖弹_特工Vector,3180,SHD,0,1028,equip-30000200,0.48,0.48,0.08,0.25,1,pow:500,0,900993,10,19021,1,1,1,3060,equip-40000200
201,equip-10000201,equip-20000201,5,3,20,"-6,-6",,"25,25",,,,,,,,,,,,0,0,0,0,0,0,0,0,4,2,0,4,人形装备_外骨骼_特工Vector,3120,SHD,0,1028,equip-30000201,0.30000000000000004,0.23,0.15,0.38,1,dodge:400,0,900994,10,20030,1,1,1,3032,equip-40000201
202,equip-10000202,equip-20000202,5,1,18,,,,,,,"24,24",,,,,,,,0,0,0,0,0,0,0,0,4,0,3,2,配件_光学瞄准镜_特工416,3600,TC,0,1029,equip-30000202,0.45,0.15,0.30000000000000004,0.15,1,critical_percent:1000,0,901014,10,18062,2,1,1,3059,equip-40000202
203,equip-10000203,equip-20000203,5,2,19,"12,12",,,,,,,,,,,,,,0,0,0,0,0,0,0,0,0,5,3,2,弹匣_高速弹_特工416,3480,SHD,0,1029,equip-30000203,0.15,0.6000000000000001,0.38,0.23,1,pow:700,0,901015,10,19022,2,1,1,3060,equip-40000203
204,equip-10000204,equip-20000204,5,3,20,,,"12,12",,,,,,,,,,,,0,0,0,0,0,0,0,0,4,2,0,4,人形装备_外骨骼_X_特工416,3120,SHD,0,1029,equip-30000204,0.30000000000000004,0.25,0.12,0.38,1,dodge:700,0,901016,10,20031,2,1,1,3033,equip-40000204
205,equip-10000205,equip-20000205,5,3,20,"10,10","3,5","-10,-5",,,,,,,,,,,,0,0,0,0,0,0,0,0,4,2,0,4,人形装备_护木_加利尔,3120,MI,0,"71,20071",equip-30000205,0.30000000000000004,0.25,0.12,0.38,3,"pow:500,hit:1000",0,0,10,20032,0,0,1,3016,equip-40000205
206,equip-10000206,equip-20000206,5,2,19,"8,12","4,6",,,,,,,,,,,,,0,0,0,0,0,0,0,0,1,4,1,3,弹匣_霰弹_鹿弹_M1897,3600,IOP,0,"152,20152",equip-30000206,0.08,0.53,0.08,0.45,3,"pow:500,hit:1000",0,0,10,19023,0,0,1,3016,equip-40000206
207,equip-10000207,equip-20000207,5,1,18,"1,2",,"7,10",,,,,,,,,,,,0,0,0,0,0,0,0,0,4,2,2,2,配件_特殊_PP19,2820,ZNT,0,"136,20136",equip-30000207,0.55,0.23,0.23,0.23,3,"dodge:1000,pow:1000",0,902133,10,18063,0,0,1,3016,equip-40000207
208,equip-10000208,equip-20000208,5,1,18,,,,,,"3,5","17,24",,,,,,,,0,0,0,0,0,0,0,0,4,0,3,2,配件_光瞄_Ots-44,2700,IOP,0,145,equip-30000208,0.45,0.15,0.30000000000000004,0.15,3,"critical_percent:1000,critical_harm_rate:1000",0,0,10,18064,0,0,1,3003,equip-40000208
209,equip-10000209,equip-20000209,5,1,18,"3,4",,,,,,"17,24",,,,,,,,0,0,0,0,0,0,0,0,4,2,2,2,配件_特殊_63式,2820,IOP,0,133,equip-30000209,0.55,0.23,0.23,0.23,3,"critical_percent:1000,pow:1000",0,0,10,18065,0,0,1,3003,equip-40000209
210,equip-10000210,equip-20000210,5,1,18,,,"6,8",,,,"12,15",,,,,,,,0,0,0,0,0,0,0,0,4,2,2,2,配件_特殊_SCW,2820,CT,0,169,equip-30000210,0.55,0.23,0.23,0.23,3,"dodge:900,critical_percent:1000",0,0,10,18066,0,0,1,3003,equip-40000210
211,equip-10000211,equip-20000211,5,2,19,"3,5",,,,,,,"110,120",,,,,,,0,0,0,0,0,0,0,0,0,4,2,3,弹匣_子弹_四式,3300,IOP,0,270,equip-30000211,0.08,0.5,0.30000000000000004,0.30000000000000004,3,"armor_piercing:500,pow:1000",0,902239,10,19024,0,0,1,"3004,3096",equip-40000211
212,equip-10000212,equip-20000212,5,2,19,"3,5",,,,,,,"110,120",,,,,,,0,0,0,0,0,0,0,0,0,4,2,3,弹匣_子弹_56式半,3300,IOP,0,"49,20049",equip-30000212,0.08,0.5,0.30000000000000004,0.30000000000000004,3,"armor_piercing:500,pow:1000",0,0,10,19025,0,0,1,3016,equip-40000212
213,equip-10000213,equip-20000213,5,3,20,,,"12,15",,,,,,"3,5",,,,,,0,0,0,0,0,0,0,0,4,2,0,4,人形装备_行动包_维尔德,3120,IOP,0,"114,20114",equip-30000213,0.30000000000000004,0.25,0.12,0.38,3,dodge:700,902257,902256,10,20033,0,0,1,3016,equip-40000213
214,equip-10000214,equip-20000214,5,3,20,"3,5",,"20,25",,,,,,,,,,,,0,0,0,0,0,0,0,0,4,2,0,4,人形装备_求生刀_F1,3600,IOP,0,"20178,178",equip-30000214,0.30000000000000004,0.25,0.12,0.38,3,"dodge:450,pow:1000",0,0,10,20034,0,0,1,3016,equip-40000214
215,equip-10000215,equip-20000215,5,2,19,"3,5",,,,,,,"110,120",,,,,,,0,0,0,0,0,0,0,0,0,4,2,3,弹匣_子弹_80式,3300,IOP,0,"199,20199",equip-30000215,0.08,0.5,0.30000000000000004,0.30000000000000004,3,"armor_piercing:500,pow:1000",0,0,10,19026,0,0,1,3016,equip-40000215
216,equip-10000216,equip-20000216,5,2,19,"6,8",,,,,,"12,15",,,,,,,,0,0,0,0,0,0,0,0,1,3,1,4,弹匣_独头弹_防卫者,3240,IOP,0,302,equip-30000216,0.08,0.39,0.08,0.48,3,"critical_percent:1000,pow:900",0,115807,10,19027,0,0,1,3005,equip-40000216
217,equip-10000217,equip-20000217,5,1,18,"3,3",,,,,,"25,25",,,,,,,,0,0,0,0,0,0,0,0,4,0,3,2,配件_光瞄_WA2000,3600,SB,0,48,equip-30000217,0.45,0.15,0.30000000000000004,0.15,3,"pow:700,critical_percent:1000",0,0,10,18067,0,0,1,3034,equip-40000217
218,equip-10000218,equip-20000218,5,3,20,,,"16,20",,,,,,,,,,,,0,0,0,0,0,0,0,0,4,2,0,4,人形装备_特殊_64式,3120,IOP,0,"94,20094",equip-30000218,0.30000000000000004,0.25,0.12,0.38,3,dodge:500,0,"902391,759141",10,20035,6,0,1,3006,equip-40000218
219,equip-10000219,equip-20000219,5,1,18,"1,2",,"7,10",,,,,,,,,,,,0,0,0,0,0,0,0,0,4,2,2,2,配件_特殊_ppsh41,2820,IOP,0,"21,20021",equip-30000219,0.55,0.23,0.23,0.23,3,"dodge:1000,pow:1000",0,759221,10,18068,10,0,1,3003,equip-40000219
220,equip-10000220,equip-20000220,5,1,18,,"14,16",,,,"3,5","15,15",,,,,,,,0,0,0,0,0,0,0,0,4,2,2,2,配件_特殊_1919,2820,IOP,0,"80,20080",equip-30000220,0.55,0.23,0.23,0.23,3,"hit:1000,critical_harm_rate:1000,critical_percent:1000",0,759268,10,18069,16,0,1,3003,equip-40000220
221,equip-10000221,equip-20000221,5,2,19,"2,3",,,,,,,"110,120",,,,,,,0,0,0,0,0,0,0,0,0,4,2,3,弹闸_子弹_汉阳造,3300,16Lab,0,"95,20095",equip-30000221,0.08,0.5,0.30000000000000004,0.30000000000000004,3,"armor_piercing:500,pow:700",0,759274,10,19028,15,0,1,3003,equip-40000221
222,equip-10000222,equip-20000222,3,1,16,,"3,5",,,,,"5,8",,,,,,,,0,0,0,0,0,0,0,0,3,0,0,0,配件_备用瞄具_N,2040,TJC,0,,equip-30000222,0.45,0.15,0.30000000000000004,0.15,1,"hit:600,critical_percent:900",0,0,10,16001,0,0,1,"3001,3028",equip-40000222
223,equip-10000223,equip-20000223,4,1,16,,"6,9",,,,,"9,12",,,,,,,,0,0,0,0,0,0,0,0,3,1,1,1,配件_备用瞄具_N,2940,TJC,0,,equip-30000223,0.45,0.15,0.30000000000000004,0.15,1,"hit:700,critical_percent:700",0,0,10,16001,0,0,1,"3001,3028",equip-40000223
224,equip-10000224,equip-20000224,5,1,16,,"10,12",,,,,"13,15",,,,,,,,0,0,0,0,0,0,0,0,4,2,2,2,配件_备用瞄具_N,3540,TJC,0,,equip-30000224,0.45,0.15,0.30000000000000004,0.15,1,"hit:700,critical_percent:1000",0,0,10,16001,0,0,1,"3001,3028",equip-40000224
225,equip-10000225,equip-20000225,5,2,6,,,,,"-5,-1",,,,,,,,,,0,150,0,0,0,0,0,0,4,4,0,2,弹匣_信号弹_N,3420,IOP,0,,equip-30000225,0.48,0.48,0.08,0.45,1,,0,300903,0,6004,0,0,1,"3001,3028",equip-40000225
226,equip-10000226,equip-20000226,4,2,5,"1,3",,,,,,,"50,60",,,,,,,0,0,0,0,0,0,0,0,0,3,1,2,弹匣_狙击弹_N,2400,IOP,0,,equip-30000226,0.08,0.5,0.30000000000000004,0.30000000000000004,1,"pow:700,armor_piercing:500",0,0,10,5003,0,0,1,"3001,3028",equip-40000226
227,equip-10000227,equip-20000227,5,2,5,"6,8",,,,,,,"70,80",,,,,,,0,0,0,0,0,0,0,0,0,4,2,3,弹匣_狙击弹_N,3000,IOP,0,,equip-30000227,0.08,0.5,0.30000000000000004,0.30000000000000004,1,"pow:300,armor_piercing:500",0,0,10,5003,0,0,1,"3001,3028",equip-40000227
228,equip-10000228,equip-20000228,4,2,17,,,,,"-5,-5",,,"190,200",,,,,,,0,0,0,0,0,0,0,0,0,4,0,0,弹匣_脱壳穿甲弹_N,2880,IOP,0,,equip-30000228,0.08,0.5,0.08,0.08,1,armor_piercing:1000,0,0,10,17001,0,0,1,"3001,3028",equip-40000228
229,equip-10000229,equip-20000229,5,2,17,,,,,"-5,-5",,,"240,250",,,,,,,0,0,0,0,0,0,0,0,1,5,1,1,弹匣_脱壳穿甲弹_N,3480,IOP,0,,equip-30000229,0.08,0.5,0.08,0.08,1,armor_piercing:1000,0,0,10,17001,0,0,1,"3001,3028",equip-40000229
230,equip-10000230,equip-20000230,4,2,7,,,,,"3,4","-30,-15",,,,,,,,,0,0,0,0,0,0,0,0,1,3,1,2,弹匣_霰弹_鸟弹_N,2700,IOP,0,,equip-30000230,0.08,0.39,0.08,0.48,1,rate:500,300908,300907,10,7003,0,0,1,"3001,3028",equip-40000230
231,equip-10000231,equip-20000231,5,2,7,,,,,"6,8","-20,-10",,,,,,,,,0,0,0,0,0,0,0,0,1,4,1,3,弹匣_霰弹_鸟弹_N,3300,IOP,0,,equip-30000231,0.08,0.39,0.08,0.48,1,rate:500,300908,300907,10,7003,0,0,1,"3001,3028",equip-40000231
232,equip-10000232,equip-20000232,3,3,9,"1,3",,,,"3,5","-50,-50",,,,,,,,,0,0,0,0,0,0,0,0,2,1,0,0,人形装备_运算芯片_N,1560,IOP,0,,equip-30000232,0.30000000000000004,0.23,0.15,0.38,1,"pow:700,rate:600",0,0,10,9001,0,0,1,"3001,3028",equip-40000232
233,equip-10000233,equip-20000233,4,3,9,"4,6",,,,"8,10","-50,-50",,,,,,,,,0,0,0,0,0,0,0,0,3,2,0,1,人形装备_运算芯片_N,2460,IOP,0,,equip-30000233,0.30000000000000004,0.23,0.15,0.38,1,"pow:700,rate:600",0,0,10,9001,0,0,1,"3001,3028",equip-40000233
234,equip-10000234,equip-20000234,5,3,9,"8,10",,,,"12,16","-50,-50",,,,,,,,,0,0,0,0,0,0,0,0,4,3,0,2,人形装备_运算芯片_N,3060,IOP,0,,equip-30000234,0.30000000000000004,0.23,0.15,0.38,1,"pow:500,rate:600",0,0,10,9001,0,0,1,"3001,3028",equip-40000234
235,equip-10000235,equip-20000235,5,2,7,,"8,12",,,,,,,,,,,,,0,0,0,0,0,0,0,0,1,4,1,3,弹匣_霰弹_闪光弹_N,3420,IOP,0,,equip-30000235,0.08,0.39,0.08,0.48,1,hit:700,0,300902,10,7004,0,0,1,"3001,3028",equip-40000235
236,equip-10000236,equip-20000236,5,3,20,"-8,-8",,"20,25",,,,,,,,,,,,0,0,0,0,0,0,0,0,4,2,0,4,人形装备_外骨骼_THOMPSON,3120,AO,0,16,equip-30000236,0.30000000000000004,0.25,0.12,0.38,3,dodge:600,116202,116201,10,20036,0,0,1,"3007,3096",equip-40000236
237,equip-10000237,equip-20000237,5,3,20,,,"10,20","3,3",,,,,,,,,,,0,0,0,0,0,0,0,0,4,2,0,4,人形装备_外骨骼_灰熊MkV,3120,IOP,0,96,equip-30000237,0.30000000000000004,0.25,0.12,0.38,3,dodge:500,0,100507,10,20037,0,0,1,"3008,3096",equip-40000237
238,equip-10000238,equip-20000238,5,2,19,"5,8",,,,,,,,,,,,,,0,150,0,0,0,0,0,0,4,4,0,2,弹匣_子弹_马卡洛夫,3600,HND,0,"8,20008",equip-30000238,0.48,0.48,0.08,0.25,3,pow:1000,0,"300903,759217",10,19029,9,0,1,3016,equip-40000238
239,equip-10000239,equip-20000239,5,2,19,"-5,-1",,,,,,,"300,300",,,,,,,0,0,0,0,0,0,0,0,0,4,2,3,弹匣_子弹_MG4,3300,HST,0,"125,20125",equip-30000239,0.08,0.5,0.30000000000000004,0.30000000000000004,3,armor_piercing:1000,0,"803906,759190",10,19030,8,0,1,3016,equip-40000239
240,equip-10000240,equip-20000240,5,3,20,,,,"3,3",,,,,"6,8",,,,,,0,0,0,0,0,0,0,0,2,2,3,3,人形装备_插板_RMB93,3060,IOP,0,"159,20159",equip-30000240,0.23,0.23,0.33,0.33,3,armor:500,0,0,10,20038,0,0,1,3016,equip-40000240
241,equip-10000241,equip-20000241,5,2,19,"2,4","5,5",,,,,,"110,120",,,,,,,0,0,0,0,0,0,0,0,0,4,2,3,弹匣_子弹_XM3,3300,IOP,0,"200,20200",equip-30000241,0.08,0.5,0.30000000000000004,0.30000000000000004,3,"armor_piercing:500,pow:500",0,0,10,19031,0,0,1,3016,equip-40000241
242,equip-10000242,equip-20000242,5,2,19,"1,2",,,,,,,"110,120",,,,,,,0,0,0,0,0,0,0,0,0,4,2,3,弹匣_子弹_SVD,3300,IOP,0,43,equip-30000242,0.08,0.5,0.30000000000000004,0.30000000000000004,3,"armor_piercing:500,pow:1000",756005,756004,10,19032,0,0,1,"3009,3096",equip-40000242
243,equip-10000243,equip-20000243,5,1,18,"2,4",,,,,,"17,24",,,,,,,,0,0,0,0,0,0,0,0,4,0,3,2,配件_光学瞄具_F2000,3600,FNH,0,107,equip-30000243,0.45,0.15,0.30000000000000004,0.15,3,"pow:1000,critical_percent:1000",0,0,10,18070,0,0,1,3003,equip-40000243
244,equip-10000244,equip-20000244,5,1,18,"4,6","6,10","6,8",,,,,,,,,,,,0,0,0,0,0,0,0,0,4,0,3,2,配件_全息瞄具_PP2000,3600,IOP,0,24,equip-30000244,0.45,0.15,0.30000000000000004,0.15,3,"pow:400,hit:400,dodge:500",0,0,10,18071,0,0,1,3003,equip-40000244
245,equip-10000245,equip-20000245,5,1,18,,"10,12","6,8",,,,"13,15",,,,,,,,0,0,0,0,0,0,0,0,4,2,2,2,配件_备用瞄具_Glock17,3540,ZEVT,0,15,equip-30000245,0.45,0.15,0.30000000000000004,0.15,3,"hit:700,dodge:500,critical_percent:1000",0,0,10,18072,0,0,1,3003,equip-40000245
246,equip-10000246,equip-20000246,5,1,18,,,"7,10",,,,"12,15",,,,,,,,0,0,0,0,0,0,0,0,4,2,2,2,配件_枪托_杰里科,2820,IWI,0,248,equip-30000246,0.55,0.23,0.23,0.23,3,"dodge:1500,critical_percent:350",0,756060,10,18073,0,0,1,3010,equip-40000246
247,equip-10000247,equip-20000247,5,1,18,,,,,,"8,10","20,25",,,,,,,,0,0,0,0,0,0,0,0,4,0,3,2,配件_光学瞄准镜_TAC50,3600,MCM,0,222,equip-30000247,0.45,0.15,0.30000000000000004,0.15,3,"critical_harm_rate:500,critical_percent:1000",0,0,10,18074,0,0,1,"3061,3096",equip-40000247
248,equip-10000248,equip-20000248,5,3,20,"8,10",,,,"12,16",,,,,,,,,,0,0,0,0,0,0,0,0,4,3,0,2,人形_芯片_9A91,3060,IOP,0,118,equip-30000248,0.30000000000000004,0.23,0.15,0.38,3,"pow:500,rate:600",0,756117,10,20042,0,0,1,"3011,3096",equip-40000248
249,equip-10000249,equip-20000249,5,1,18,"6,6","10,10","10,10",,,,,,,,,,,,0,0,0,0,0,0,0,0,4,2,2,2,配件_特殊人形_SR3MP,3600,IOP,0,135,equip-30000249,0.55,0.23,0.23,0.23,3,"pow:700,hit:1000",0,0,10,18077,0,0,1,3036,equip-40000249
250,equip-10000250,equip-20000250,5,3,20,"8,10",,"20,25",,,,,,,,,,,,0,0,0,0,0,0,0,0,4,2,0,4,人形_特殊_PDW,3120,AO,0,203,equip-30000250,0.30000000000000004,0.25,0.12,0.38,3,"pow:500,dodge:400",0,759011,10,20043,0,0,1,3012,equip-40000250
251,equip-10000251,equip-20000251,5,1,18,,"12,18","3,5",,,,,,,,,,,,0,0,0,0,0,0,0,0,4,0,3,2,配件_特殊_米诺斯,3000,IOP,0,1034,equip-30000251,0.45,0.15,0.30000000000000004,0.15,3,hit:1000,0,0,10,18075,0,1,1,3062,equip-40000251
252,equip-10000252,equip-20000252,5,1,18,"3,5","1,3",,,,,"18,25",,,,,,,,0,0,0,0,0,0,0,0,4,0,3,2,配件_特殊_百合铃,2700,IOP,0,1033,equip-30000252,0.45,0.15,0.30000000000000004,0.15,3,"critical_percent:1000,hit:700,pow:1000",0,0,10,18076,0,1,1,3062,equip-40000252
253,equip-10000253,equip-20000253,5,3,20,"3,5",,"20,25",,,,,,,,,,,,0,0,0,0,0,0,0,0,4,2,0,4,人形装备_特殊_小邪神,3600,IOP,0,1030,equip-30000253,0.30000000000000004,0.25,0.12,0.38,3,"dodge:450,pow:1000",0,0,10,20039,0,1,1,3062,equip-40000253
254,equip-10000254,equip-20000254,5,3,20,,,,"-3,-3",,"20,25",,,,,,,,,0,0,0,0,0,0,0,0,4,0,5,0,人形_特殊_佩柯拉,3360,IOP,0,1031,equip-30000254,0.55,0.16,0.6000000000000001,0.16,3,critical_harm_rate:800,0,0,10,20040,0,1,1,3062,equip-40000254
255,equip-10000255,equip-20000255,5,3,20,"10,12",,,,"12,16","-50,-50",,,,,,,,,0,0,0,0,0,0,0,0,4,2,0,4,人形装备_外骨骼_美杜莎,3120,IOP,0,1032,equip-30000255,0.30000000000000004,0.25,0.12,0.38,3,"pow:500,rate:600",0,0,10,20041,0,1,1,3062,equip-40000255
256,equip-10000256,equip-20000256,5,3,20,,,,,,,"12,15",,,,,,,"3,4",0,0,0,0,0,0,0,0,1,1,1,5,人形_特殊_M249SAW,3420,TYRT,0,79,equip-30000256,0.1,0.1,0.1,0.55,3,"bullet_number_up:500,critical_percent:700",0,0,10,20044,0,0,1,3003,equip-40000256
257,equip-10000257,equip-20000257,5,1,18,,"14,16",,,,,"18,20",,,,,,,,0,0,0,0,0,0,0,0,4,0,3,2,配件_特殊_DP28,3600,AXI,0,82,equip-30000257,0.45,0.15,0.30000000000000004,0.15,3,"hit:1000,critical_percent:1000",0,0,10,18077,0,0,1,3003,equip-40000257
258,equip-10000258,equip-20000258,5,2,19,"3,5",,,,,,,"110,120",,,,,,,0,0,0,0,0,0,0,0,0,4,2,3,弹匣_特殊_PzB39,3300,IOP,0,180,equip-30000258,0.08,0.5,0.30000000000000004,0.30000000000000004,3,"armor_piercing:500,pow:1000",0,0,10,19033,0,0,1,3003,equip-40000258
259,equip-10000259,equip-20000259,5,3,20,,,,,,"20,25",,,,,,,,,0,0,0,0,0,0,0,0,4,0,5,0,人形_特殊_MondragonM1908,3360,IOP,0,317,equip-30000259,0.55,0.16,0.6000000000000001,0.16,3,critical_harm_rate:800,0,759012,10,20045,0,0,1,3013,equip-40000259
260,equip-10000260,equip-20000260,5,3,20,,,"16,20","3,3",,,,,,,,,,,0,0,0,0,0,0,0,0,4,2,0,4,人形_特殊_G36C,3120,IOP,0,"104,20104",equip-30000260,0.30000000000000004,0.25,0.12,0.38,3,dodge:1000,0,0,10,20046,0,0,1,3016,equip-40000260
261,equip-10000261,equip-20000261,5,1,18,"4,6","11,15",,,,,,,,,,,,,0,0,0,0,0,0,0,0,4,0,3,2,配件_特殊_利贝罗勒,3600,IOP,0,"171,20171",equip-30000261,0.45,0.15,0.30000000000000004,0.15,3,"pow:700,hit:1000",0,0,10,18078,0,0,1,3016,equip-40000261
262,equip-10000262,equip-20000262,5,2,19,"3,5",,,,,,,"95,100",,,,,,,0,0,0,0,0,0,0,0,0,4,2,3,弹匣_特殊_猎豹M1,3300,IOP,0,"201,20201",equip-30000262,0.08,0.5,0.30000000000000004,0.30000000000000004,3,"armor_piercing:1000,pow:600",0,0,10,19034,0,0,1,3016,equip-40000262
263,equip-10000263,equip-20000263,5,2,19,,"8,12",,,,,,,,,,,,,0,150,0,0,0,0,0,0,4,4,0,2,弹匣_特殊_MP443,3600,KP/Z,0,"220,20220",equip-30000263,0.48,0.48,0.08,0.25,3,hit:700,0,300903,10,19035,0,0,1,3016,equip-40000263
264,equip-10000264,equip-20000264,5,1,18,"3,5","3,5",,,,,"20,25",,,,,,,,0,0,0,0,0,0,0,0,4,0,3,2,配件_特殊_PK,3600,IOP,0,85,equip-30000264,0.45,0.15,0.30000000000000004,0.15,3,"pow:1000,critical_percent:1000",0,759018,10,18079,0,0,1,3014,equip-40000264
265,equip-10000265,equip-20000265,5,1,18,"3,5","11,15",,,,,,,,,,,,,0,0,0,0,0,0,0,0,4,0,3,2,配件_特殊_M37,3000,ITC,0,153,equip-30000265,0.45,0.15,0.30000000000000004,0.15,3,"pow:600,hit:1000",0,759019,10,18080,0,0,1,3015,equip-40000265
266,equip-10000266,equip-20000266,5,1,18,,,"12,15",,,,"8,10",,,,,,,,0,0,0,0,0,0,0,0,4,2,2,2,配件_特殊_Px4Storm,2820,B&T,0,233,equip-30000266,0.55,0.23,0.23,0.23,3,"dodge:700,critical_percent:1000",0,0,10,18081,0,0,1,3063,equip-40000266
267,equip-10000267,equip-20000267,5,1,18,,"3,3","10,12",,,,"12,15",,,,,,,,0,0,0,0,0,0,0,0,4,2,2,2,配件_特殊_P38,2820,IOP,0,9,equip-30000267,0.55,0.23,0.23,0.23,3,"dodge:700,critical_percent:350",0,0,10,18082,0,0,1,3003,equip-40000267
268,equip-10000268,equip-20000268,5,2,19,"8,12",,,,,"6,10",,,,,,,,,0,0,0,0,0,0,0,0,0,5,3,2,弹匣_特殊_Type03,3480,IOP,0,239,equip-30000268,0.15,0.6000000000000001,0.38,0.23,3,"pow:700,critical_harm_rate:500",0,0,10,19036,0,0,1,3003,equip-40000268
269,equip-10000269,equip-20000269,5,1,18,,,"6,10",,,,,,,,,,"95,100",,0,0,0,0,0,0,0,0,3,0,4,2,配件_特殊_Mk23,2940,Insight,0,99,equip-30000269,0.33,0.22,0.5,0.18,3,dodge:1000,0,0,10,18083,0,0,1,3003,equip-40000269
270,equip-10000270,equip-20000270,5,1,18,"1,3","10,12",,,,,"13,15",,,,,,,,0,0,0,0,0,0,0,0,4,2,2,2,配件_特殊_CZ75,3540,CZ,0,166,equip-30000270,0.45,0.15,0.30000000000000004,0.15,3,"pow:700,hit:700,critical_percent:1000",0,759029,10,18084,0,0,1,"3064,3096",equip-40000270
271,equip-10000271,equip-20000271,5,2,19,"10,10",,,,,,,"-7,-7",,,,,,,0,0,0,0,0,0,0,0,4,4,0,2,弹匣_特殊_蟒蛇,3600,IOP,0,4,equip-30000271,0.48,0.48,0.08,0.25,3,pow:1000,0,0,10,19037,0,0,1,3076,equip-40000271
272,equip-10000272,equip-20000272,5,2,19,"6,10",,,,,,,"-10,-7",,,,,,,0,0,0,0,0,0,0,0,4,4,0,2,弹匣_特殊_PPsh41,3600,IOP,0,"21,20021",equip-30000272,0.48,0.48,0.08,0.25,3,pow:1000,0,759222,10,19038,10,0,1,3016,equip-40000272
273,equip-10000273,equip-20000273,5,1,18,"4,6","11,15",,,"-6,-4",,,,,,,,,,0,0,0,0,0,0,0,0,4,0,3,2,配件_特殊_XM8,3600,Insight,0,"216,20216",equip-30000273,0.45,0.15,0.30000000000000004,0.15,3,"pow:1000,hit:1000",0,0,10,18085,0,0,1,3016,equip-40000273
274,equip-10000274,equip-20000274,5,1,18,,,,,,"10,15","20,24",,,,,,,,0,0,0,0,0,0,0,0,4,0,3,2,配件_特殊_AN94,3600,IOP,0,"205,20205",equip-30000274,0.45,0.15,0.30000000000000004,0.15,3,"critical_percent:1000,critical_harm_rate:700",0,0,10,18086,0,0,1,3016,equip-40000274
275,equip-10000275,equip-20000275,5,3,20,"6,10",,"8,12",,,"8,10",,,,,,,,,0,0,0,0,0,0,0,0,4,3,0,2,人形_特殊_AK15,3060,ZNT,0,"293,20293",equip-30000275,0.30000000000000004,0.23,0.15,0.38,3,"pow:1000,dodge:700,critical_harm_rate:1000",0,0,10,20047,0,0,1,3016,equip-40000275
276,equip-10000276,equip-20000276,5,1,18,,,"7,10",,,,"12,15",,,,,,,,0,0,0,0,0,0,0,0,4,2,2,2,配件_特殊_P7,2820,HK,0,100,equip-30000276,0.55,0.23,0.23,0.23,3,"dodge:1500,critical_percent:350",0,759030,10,18087,0,0,1,3065,equip-40000276
277,equip-10000277,equip-20000277,5,1,18,,"4,6","7,10","3,3",,,,,,,,,,,0,0,0,0,0,0,0,0,4,2,2,2,配件_特殊_P90,2820,DHG,0,245,equip-30000277,0.55,0.23,0.23,0.23,3,"dodge:1000,hit:700",0,759031,10,18088,0,0,1,"3066,3096",equip-40000277
278,equip-10000278,equip-20000278,5,1,18,,,"8,10",,,,"12,15",,,,,,,,0,0,0,0,0,0,0,0,4,2,2,2,配件_特殊_P22,2820,WTR,0,242,equip-30000278,0.55,0.23,0.23,0.23,3,"dodge:1000,critical_percent:700",0,0,10,18089,0,0,1,"3077,3096",equip-40000278
279,equip-10000279,equip-20000279,5,1,18,,,,,"1,2",,"17,24",,,,,,,,0,0,0,0,0,0,0,0,4,0,3,2,配件_特殊_加兰德,3600,IOP,0,34,equip-30000279,0.45,0.15,0.30000000000000004,0.15,3,"rate:1000,critical_percent:1000",0,0,10,18090,0,0,1,3003,equip-40000279
280,equip-10000280,equip-20000280,5,2,19,"7,12","1,3",,,"-6,-6",,,,,,,,,,0,0,0,0,0,0,0,0,4,4,0,2,弹匣_特殊_T77,3180,WOLF,0,218,equip-30000280,0.48,0.48,0.08,0.25,3,"pow:900,hit:700",0,0,10,19039,0,0,1,3003,equip-40000280
281,equip-10000281,equip-20000281,5,2,19,"3,5",,,,,,,"110,120",,,,,,,0,0,0,0,0,0,0,0,0,4,2,3,弹匣_特殊_SVT38,3300,IOP,0,40,equip-30000281,0.08,0.5,0.30000000000000004,0.30000000000000004,3,"armor_piercing:500,pow:1000",0,0,10,19040,0,0,1,3003,equip-40000281
282,equip-10000282,equip-20000282,5,1,18,,,,,,"6,10","17,24",,,,,,,,0,0,0,0,0,0,0,0,4,0,3,2,配件_特殊_64式自,3600,IOP,0,243,equip-30000282,0.45,0.15,0.30000000000000004,0.15,3,"critical_percent:1000,critical_harm_rate:800",0,759032,10,18091,0,0,1,"3067,3096",equip-40000282
283,equip-10000283,equip-20000283,5,1,18,"3,5",,,,,,"17,24",,,,,,,,0,0,0,0,0,0,0,0,4,0,3,2,配件_特殊_M82A1,2700,BRT,0,231,equip-30000283,0.45,0.15,0.30000000000000004,0.15,3,"critical_percent:1000,pow:1000",0,759040,10,18092,0,0,1,"3068,3096",equip-40000283
284,equip-10000284,equip-20000284,5,2,19,,"6,10",,,,,,,,,,,,,0,150,0,0,0,0,0,0,4,4,0,2,弹匣_特殊_PPK,3600,IOP,0,"10,20010",equip-30000284,0.48,0.48,0.08,0.25,3,hit:1000,0,"300903,759240",10,19041,11,0,1,3016,equip-40000284
285,equip-10000285,equip-20000285,5,1,18,"3,5","1,3",,,,,"18,25",,,,,,,,0,0,0,0,0,0,0,0,4,0,3,2,配件_特殊_MG3,3600,IOP,0,"88,20088",equip-30000285,0.45,0.15,0.30000000000000004,0.15,3,"critical_percent:1000,hit:700,pow:1000",0,759286,10,18093,18,0,1,3016,equip-40000285
286,equip-10000286,equip-20000286,5,2,19,,"12,15",,,,,,,,,,,,,0,150,0,0,0,0,0,0,4,4,0,2,弹匣_特殊_索米,3600,VKT,0,"115,20115",equip-30000286,0.48,0.48,0.08,0.25,3,hit:700,0,759034,10,19042,0,0,1,3016,equip-40000286
287,equip-10000287,equip-20000287,5,1,18,"3,5",,,,,,"17,24",,,,,,,,0,0,0,0,0,0,0,0,4,0,3,2,配件_特殊_OBR,2700,HARRIS,0,"230,20230",equip-30000287,0.45,0.15,0.30000000000000004,0.15,3,"critical_percent:1000,pow:1000",0,0,10,18094,0,0,1,3016,equip-40000287
288,equip-10000288,equip-20000288,5,1,18,"3,5","15,20",,,"-4,-4",,,,,,,,,,0,0,0,0,0,0,0,0,4,0,3,2,配件_特殊_Ak5,3600,AP,0,187,equip-30000288,0.45,0.15,0.30000000000000004,0.15,3,"pow:1000,hit:750",0,759041,10,18095,0,0,1,3069,equip-40000288
289,equip-10000289,equip-20000289,5,1,18,"3,4",,,,,,"18,25",,,,,,,,0,0,0,0,0,0,0,0,4,0,3,2,配件_特殊_ARX160,3600,BRT,0,120,equip-30000289,0.45,0.15,0.30000000000000004,0.15,3,"pow:1000,critical_percent:800",0,0,10,18096,0,0,1,3003,equip-40000289
290,equip-10000290,equip-20000290,5,1,18,"2,4","3,5",,,,,"19,24",,,,,,,,0,0,0,0,0,0,0,0,4,0,3,2,配件_特殊_MG42,3600,IOP,0,86,equip-30000290,0.45,0.15,0.30000000000000004,0.15,3,"pow:1000,critical_percent:1000,hit:1000",0,0,10,18097,0,0,1,3003,equip-40000290
291,equip-10000291,equip-20000291,5,1,18,"1,3","12,15",,,,,"13,15",,,,,,,,0,0,0,0,0,0,0,0,4,2,2,2,配件_特殊_P08,3600,IOP,0,11,equip-30000291,0.45,0.15,0.30000000000000004,0.15,3,"pow:700,hit:700,critical_percent:1000",0,0,10,18098,0,0,1,3003,equip-40000291
292,equip-10000292,equip-20000292,5,1,18,"3,5","11,15",,,,,,,,,,,,,0,0,0,0,0,0,0,0,4,0,3,2,配件_特殊_Saiga12,3000,PT,0,160,equip-30000292,0.45,0.15,0.30000000000000004,0.15,3,"pow:600,hit:1000",0,759044,10,18099,0,0,1,"3070,3096",equip-40000292
293,equip-10000293,equip-20000293,5,3,20,"1,3",,,,,,,,"6,8",,,,,,0,0,0,0,0,0,0,0,2,2,3,3,人形_特殊_M6ASW,3600,IOP,0,324,equip-30000293,0.23,0.23,0.33,0.33,3,"pow:700,armor:400",0,0,10,20048,0,0,1,3078,equip-40000293
294,equip-10000294,equip-20000294,5,1,18,"2,4",,,,,,"17,24",,,,,,,,0,0,0,0,0,0,0,0,4,0,3,2,配件_特殊_ACR,3600,IOP,0,274,equip-30000294,0.45,0.15,0.30000000000000004,0.15,3,"critical_percent:1000,pow:1000",0,759046,10,18100,0,0,1,"3071,3096",equip-40000294
295,equip-10000295,equip-20000295,5,1,18,,,,,,"8,10","25,30",,,,,,,,0,0,0,0,0,0,0,0,4,0,3,2,配件_特殊_AUG,3600,CG,0,73,equip-30000295,0.45,0.15,0.30000000000000004,0.15,3,"critical_percent:850,critical_harm_rate:500",0,759055,10,18101,0,0,1,"3072,3096",equip-40000295
296,equip-10000296,equip-20000296,5,2,19,,"6,10",,,,,,,,,,,,,0,150,0,0,0,0,0,0,4,4,0,2,弹匣_特殊_92type,3600,IOP,0,"13,20013",equip-30000296,0.48,0.48,0.08,0.25,3,hit:1000,0,300903,10,19043,0,0,1,3016,equip-40000296
297,equip-10000297,equip-20000297,5,3,20,,,"-4,-1",,,"25,30",,,,,,,,,0,0,0,0,0,0,0,0,4,0,5,0,人形_特殊_98K,3360,IOP,0,"46,20046",equip-30000297,0.55,0.16,0.6000000000000001,0.16,3,critical_harm_rate:600,0,0,10,20049,0,0,1,3016,equip-40000297
298,equip-10000298,equip-20000298,5,2,19,"2,4",,,,,,,"195,200",,,,,,,0,0,0,0,0,0,0,0,0,4,2,3,弹匣_特殊_MLEMK1,3300,IOP,0,"50,20050",equip-30000298,0.08,0.5,0.30000000000000004,0.30000000000000004,3,"armor_piercing:250,pow:1000",0,0,10,19044,0,0,1,3016,equip-40000298
299,equip-10000299,equip-20000299,5,3,20,"6,10",,,,"3,5","-10,-10",,,,,,,,,0,0,0,0,0,0,0,0,4,3,0,2,人形_特殊_56-1type,3060,IOP,0,"66,20066",equip-30000299,0.30000000000000004,0.23,0.15,0.38,3,"pow:500,rate:1000",0,759282,10,20050,17,0,1,3016,equip-40000299
300,equip-10000300,equip-20000300,5,1,18,"5,5",,,,,,"24,24",,,,,,,,0,0,0,0,0,0,0,0,4,0,3,2,配件_特殊_QBU88,2700,KAH,0,261,equip-30000300,0.45,0.15,0.30000000000000004,0.15,3,"critical_percent:1000,pow:1000",0,0,10,18102,0,0,1,3079,equip-40000300
301,equip-10000301,equip-20000301,5,1,18,,,,,"1,2",,"17,24",,,,,,,,0,0,0,0,0,0,0,0,4,0,3,2,配件_特殊_G43,3600,IOP,0,47,equip-30000301,0.45,0.15,0.30000000000000004,0.15,3,"rate:1000,critical_percent:1000",0,0,10,18103,0,0,1,3003,equip-40000301
302,equip-10000302,equip-20000302,5,1,18,,,"8,11",,,,"12,15",,,,,,,,0,0,0,0,0,0,0,0,4,2,2,2,配件_特殊_P99,3540,STN,0,123,equip-30000302,0.45,0.15,0.30000000000000004,0.15,3,"dodge:1000,critical_percent:350",0,0,10,18104,0,0,1,3003,equip-40000302
303,equip-10000303,equip-20000303,5,1,18,"1,2",,"7,10",,,,,,,,,,,,0,0,0,0,0,0,0,0,4,2,2,2,配件_特殊_EVO3,2820,MI,0,131,equip-30000303,0.55,0.23,0.23,0.23,3,"dodge:1000,pow:1000",0,0,10,18105,0,0,1,3003,equip-40000303
304,equip-10000304,equip-20000304,5,1,18,"1,3","2,4",,,,,"18,25",,,,,,,,0,0,0,0,0,0,0,0,4,0,3,2,配件_特殊_K2,3600,MITS,0,194,equip-30000304,0.45,0.15,0.30000000000000004,0.15,3,"critical_percent:800,pow:700,hit:1000",0,759057,10,18106,0,0,1,3073,equip-40000304
305,equip-10000305,equip-20000305,5,1,4,,,"2,5",,,,,,,,,,,,0,150,0,0,0,0,0,0,3,1,4,2,配件_武器灯_N,3060,IOP,0,,equip-30000305,0.45,0.15,0.30000000000000004,0.15,1,dodge:600,0,759061,10,4002,0,0,1,"3001,3028",equip-40000305
306,equip-10000306,equip-20000306,3,1,22,,"1,3",,,,,,,,,,,,"1,1",0,0,0,0,0,0,0,0,0,4,0,0,配件_喉缩管_N,1800,IOP,0,,equip-30000306,0.55,0.23,0.23,0.23,1,"bullet_number_up:1000,hit:700",0,0,10,22001,0,0,1,"3001,3028",equip-40000306
307,equip-10000307,equip-20000307,4,1,22,,"2,4",,,,,,,,,,,,"1,2",0,0,0,0,0,0,0,0,1,4,1,0,配件_喉缩管_N,2640,IOP,0,,equip-30000307,0.55,0.23,0.23,0.23,1,"bullet_number_up:500,hit:1000",0,0,10,22001,0,0,1,"3001,3028",equip-40000307
308,equip-10000308,equip-20000308,5,1,22,,"3,5",,,,,,,,,,,,"2,3",0,0,0,0,0,0,0,0,1,4,1,1,配件_喉缩管_N,3360,IOP,0,,equip-30000308,0.55,0.23,0.23,0.23,1,"bullet_number_up:700,hit:1000",0,0,10,22001,0,0,1,"3001,3028",equip-40000308
309,equip-10000309,equip-20000309,5,3,9,"4,6",,,,"-15,-10","15,20",,,,,,,,,0,0,0,0,0,0,0,0,2,4,2,1,人形装备_专注芯片_N,3120,IOP,0,,equip-30000309,0.30000000000000004,0.23,0.15,0.38,1,"pow:700,critical_harm_rate:500",0,0,10,9002,0,0,1,"3001,3028",equip-40000309
310,equip-10000310,equip-20000310,4,3,23,"1,3",,,,,,,,,,,,,,0,100,0,0,0,0,0,0,2,4,3,2,人形装备_测距仪_N,2580,STN,0,,equip-30000310,0.55,0.16,0.6000000000000001,0.16,1,pow:700,0,759060,10,23001,0,0,1,"3001,3028",equip-40000310
311,equip-10000311,equip-20000311,5,3,23,"3,5",,,,,,,,,,,,,,0,150,0,0,0,0,0,0,2,4,3,2,人形装备_测距仪_N,3600,IOP,0,,equip-30000311,0.55,0.16,0.6000000000000001,0.16,1,pow:1000,0,759059,10,23001,0,0,1,"3001,3028",equip-40000311
312,equip-10000312,equip-20000312,3,3,21,,"1,3",,"-3,-2",,,,,,,,,,,0,50,0,0,0,0,0,0,2,0,0,1,人形装备_固定脚架_N,1920,IOP,0,,equip-30000312,0.1,0.1,0.1,0.55,1,hit:700,0,759064,10,21001,0,0,1,"3001,3028",equip-40000312
313,equip-10000313,equip-20000313,4,3,21,,"2,4",,"-3,-2",,,,,,,,,,,0,100,0,0,0,0,0,0,3,0,0,2,人形装备_固定脚架_N,2940,IOP,0,,equip-30000313,0.1,0.1,0.1,0.55,1,hit:1000,0,759063,10,21001,0,0,1,"3001,3028",equip-40000313
314,equip-10000314,equip-20000314,5,3,21,,"4,6",,"-3,-2",,,,,,,,,,,0,150,0,0,0,0,0,0,3,1,1,3,人形装备_固定脚架_N,3540,IOP,0,,equip-30000314,0.1,0.1,0.1,0.55,1,hit:700,0,759062,10,21001,0,0,1,"3001,3028",equip-40000314
315,equip-10000315,equip-20000315,5,1,18,,"20,25",,,"-4,-1",,,,,,,,,,0,0,0,0,0,0,0,0,4,0,3,2,配件_特殊_FP6,3000,IOP,0,164,equip-30000315,0.45,0.15,0.30000000000000004,0.15,3,hit:800,0,759065,10,18107,0,0,1,3074,equip-40000315
316,equip-10000316,equip-20000316,5,1,18,"1,3","11,15",,,,,"13,15",,,,,,,,0,0,0,0,0,0,0,0,4,0,3,2,配件_特殊_PKP,3600,ZNT,0,173,equip-30000316,0.45,0.15,0.30000000000000004,0.15,3,"hit:1000,critical_percent:1000",0,759066,10,18108,0,0,1,3075,equip-40000316
317,equip-10000317,equip-20000317,5,2,19,"8,12",,,,,,,,,,,,,,0,0,0,0,0,0,0,0,0,5,3,2,弹匣_特殊_SCARL,3600,IOP,0,378,equip-30000317,0.15,0.6000000000000001,0.38,0.23,3,pow:1000,0,0,10,19045,0,0,1,3080,equip-40000317
318,equip-10000318,equip-20000318,5,2,19,"1,3",,,,,,,"155,160",,,,,,,0,0,0,0,0,0,0,0,0,4,2,3,弹匣_特殊_SCARH,3600,IOP,0,377,equip-30000318,0.08,0.5,0.30000000000000004,0.30000000000000004,3,"armor_piercing:250,pow:700",0,0,10,19046,0,0,1,3080,equip-40000318
319,equip-10000319,equip-20000319,5,2,19,"8,12",,,,,,,,,,,,,,0,0,0,0,0,0,0,0,0,5,3,2,弹匣_特殊_ADS,3600,IOP,0,214,equip-30000319,0.15,0.6000000000000001,0.38,0.23,3,pow:1000,0,759070,10,19047,0,0,1,3081,equip-40000319
320,equip-10000320,equip-20000320,5,3,20,"1,3",,"20,25",,,,,,,,,,,,0,0,0,0,0,0,0,0,4,2,0,4,人形_特殊_PA15,3120,IOP,0,260,equip-30000320,0.30000000000000004,0.25,0.12,0.38,3,"pow:700,dodge:600",0,0,10,20051,0,0,1,3093,equip-40000320
321,equip-10000321,equip-20000321,5,2,19,"1,3",,,,,,,"270,275",,,,,,,0,0,0,0,0,0,0,0,0,4,2,3,弹匣_特殊_ZB26,3300,IOP,0,307,equip-30000321,0.08,0.5,0.30000000000000004,0.30000000000000004,3,"armor_piercing:1000,pow:700",0,759072,10,19048,0,0,1,3082,equip-40000321
322,equip-10000322,equip-20000322,5,2,19,"3,5",,,,,,,"110,120",,,,,,,0,0,0,0,0,0,0,0,0,4,2,3,弹匣_特殊_八一式马,3300,IOP,0,174,equip-30000322,0.08,0.5,0.30000000000000004,0.30000000000000004,3,"armor_piercing:500,pow:1000",0,0,10,19049,0,0,1,3003,equip-40000322
323,equip-10000323,equip-20000323,5,1,18,"3,4",,,,,,"17,24",,,,,,,,0,0,0,0,0,0,0,0,4,2,2,2,配件_特殊_HK33,2820,DT,0,265,equip-30000323,0.55,0.23,0.23,0.23,3,"critical_percent:1000,pow:1000",0,0,10,18109,0,0,1,3003,equip-40000323
324,equip-10000324,equip-20000324,5,1,18,"2,4","3,5",,,,,"19,24",,,,,,,,0,0,0,0,0,0,0,0,4,0,3,2,配件_特殊_MG34,3600,IOP,0,87,equip-30000324,0.45,0.15,0.30000000000000004,0.15,3,"pow:1000,critical_percent:1000,hit:1000",0,0,10,18110,0,0,1,3003,equip-40000324
325,equip-10000325,equip-20000325,5,1,18,,,,,,"8,11","17,20",,,,,,,,0,0,0,0,0,0,0,0,4,0,3,2,配件_特殊_Sakura,2700,IOP,0,1037,equip-30000325,0.45,0.15,0.30000000000000004,0.15,3,"critical_percent:1000,critical_harm_rate:1000",0,0,10,18111,0,1,1,3094,equip-40000325
326,equip-10000326,equip-20000326,5,1,18,"1,3","2,4",,,,,"18,25",,,,,,,,0,0,0,0,0,0,0,0,4,0,3,2,配件_特殊_Yuugiri,2700,IOP,0,1040,equip-30000326,0.45,0.15,0.30000000000000004,0.15,3,"critical_percent:1000,hit:1000,pow:1000",0,0,10,18112,0,1,1,3095,equip-40000326
327,equip-10000327,equip-20000327,5,2,19,"10,15","-8,-5",,,,,,,,,,,,,0,0,0,0,0,0,0,0,4,4,0,2,弹匣_特殊_Tae,3600,IOP,0,1035,equip-30000327,0.48,0.48,0.08,0.25,3,pow:700,0,0,10,19050,0,1,1,3095,equip-40000327
328,equip-10000328,equip-20000328,5,2,19,,"8,12",,,,,,,,,,,,,0,150,0,0,0,0,0,0,4,4,0,2,弹匣_特殊_Lily,3600,IOP,0,1036,equip-30000328,0.48,0.48,0.08,0.25,3,hit:700,0,300903,10,19051,0,1,1,3095,equip-40000328
329,equip-10000329,equip-20000329,5,3,20,"10,12",,,,"12,16","-50,-50",,,,,,,,,0,0,0,0,0,0,0,0,4,3,0,2,人形_特殊_Ai,3060,IOP,0,1038,equip-30000329,0.30000000000000004,0.23,0.15,0.38,3,"pow:500,rate:600",0,0,10,20052,0,1,1,3094,equip-40000329
330,equip-10000330,equip-20000330,5,3,20,"5,8",,,,"-5,-1","18,25",,,,,,,,,0,0,0,0,0,0,0,0,4,3,0,2,人形_特殊_Junko,3060,IOP,0,1039,equip-30000330,0.30000000000000004,0.23,0.15,0.38,3,"pow:900,critical_harm_rate:400",0,0,10,20053,0,1,1,3094,equip-40000330
331,equip-10000331,equip-20000331,5,3,20,"3,5","-1,-1",,,,,,,"6,8",,,,,,0,0,0,0,0,0,0,0,2,2,3,3,人形_特殊_Saki,3060,IOP,0,1041,equip-30000331,0.23,0.23,0.33,0.38,3,"pow:1000,armor:400",0,0,10,20054,0,1,1,3094,equip-40000331
332,equip-10000332,equip-20000332,5,1,18,,,"6,10",,,,,,,,,,,,0,300,0,0,0,0,0,0,3,1,4,2,配件_特殊_FN57,3060,SO,0,142,equip-30000332,0.45,0.15,0.30000000000000004,0.15,3,dodge:500,0,"759061,759073",10,18113,0,0,1,3083,equip-40000332
333,equip-10000333,equip-20000333,5,3,20,"3,5",,,"-3,-1",,,,,,,,,,,0,150,0,0,0,0,0,0,3,1,1,3,人形_特殊_M1919A4,3540,IOP,0,"80,20080",equip-30000333,0.1,0.1,0.1,0.55,3,pow:1000,0,"759062,759270",10,20055,16,0,1,3016,equip-40000333
334,equip-10000334,equip-20000334,5,3,20,"-8,-8",,"20,25",,,,,,,,,,,,0,0,0,0,0,0,0,0,4,2,0,4,人形_特殊_K5,3120,IOP,0,"212,20212",equip-30000334,0.30000000000000004,0.25,0.12,0.38,3,dodge:800,0,0,10,20056,0,0,1,3016,equip-40000334
335,equip-10000335,equip-20000335,5,2,19,,"12,15",,,,,,,,,,,,,0,150,0,0,0,0,0,0,4,4,0,2,弹匣_特殊_樱花,3600,VKT,0,"228,20228",equip-30000335,0.48,0.48,0.08,0.25,3,hit:700,0,759034,10,19052,0,0,1,3016,equip-40000335
336,equip-10000336,equip-20000336,5,3,20,,,,"-1,-1",,,,,"4,8",,,,,,0,0,0,0,0,0,0,0,2,2,3,3,人形_特殊_DP12,3060,IOP,0,"282,20282",equip-30000336,0.23,0.23,0.33,0.38,3,armor:500,0,740091,10,20057,0,0,1,3016,equip-40000336
337,equip-10000337,equip-20000337,5,2,19,,,,,"1,3",,,"155,160",,,,,,,0,0,0,0,0,0,0,0,0,4,2,3,弹匣_特殊_莫辛纳甘Mod,3300,IOP,0,20039,equip-30000337,0.08,0.5,0.30000000000000004,0.30000000000000004,3,"armor_piercing:500,rate:700",0,759097,10,19053,3,0,1,3096,equip-40000337
338,equip-10000338,equip-20000338,5,1,16,,,,,"1,3",,"25,30",,,,,,,,0,0,0,0,0,0,0,0,4,1,4,1,配件_特殊_AR15Mod,3600,16Lab,0,20057,equip-30000338,0.5,0.25,0.55,0.15,3,"rate:700,critical_percent:850",0,759091,10,18114,4,0,1,3096,equip-40000338
339,equip-10000339,equip-20000339,5,2,19,"3,5",,,,,,,"110,120",,,,,,,0,0,0,0,0,0,0,0,0,4,2,3,弹匣_特殊_SL8,3300,IOP,0,296,equip-30000339,0.08,0.5,0.30000000000000004,0.30000000000000004,3,"armor_piercing:500,pow:1000",0,"759101,759108",10,19054,0,0,1,3084,equip-40000339
340,equip-10000340,equip-20000340,5,2,19,"3,3",,,,,,,"250,250",,,,,,,0,0,0,0,0,0,0,0,0,4,2,3,弹匣_特殊_M1918,3300,IOP,0,"75,20075",equip-30000340,0.08,0.5,0.30000000000000004,0.30000000000000004,3,"armor_piercing:1000,pow:700",0,759127,10,19055,0,0,1,3097,equip-40000340
341,equip-10000341,equip-20000341,5,2,19,"1,3",,,,,,,"245,250",,,,,,,0,0,0,0,0,0,0,0,0,4,2,3,弹匣_特殊_UKM2000,3300,IOP,0,254,equip-30000341,0.08,0.5,0.30000000000000004,0.30000000000000004,3,"armor_piercing:1000,pow:700",0,759131,10,19056,0,0,1,3085,equip-40000341
342,equip-10000342,equip-20000342,5,2,19,,"6,10",,,,,,,,,,,,,0,150,0,0,0,0,0,0,4,4,0,2,弹匣_特殊_斯捷奇金Mod,3600,IOP,0,20007,equip-30000342,0.48,0.48,0.08,0.25,3,hit:1000,0,"759133,759034",10,19057,5,0,1,3096,equip-40000342
343,equip-10000343,equip-20000343,5,2,19,,"6,10",,,,,,,,,,,,,0,150,0,0,0,0,0,0,4,4,0,2,弹匣_特殊_64式Mod,3600,IOP,0,20094,equip-30000343,0.48,0.48,0.08,0.25,3,hit:1000,0,"759142,759034",10,19058,6,0,1,3096,equip-40000343
344,equip-10000344,equip-20000344,5,1,18,,,"8,11",,,,"16,20",,,,,,,,0,0,0,0,0,0,0,0,4,2,2,2,配件_特殊_BrenTen,3540,IOP,0,139,equip-30000344,0.45,0.15,0.30000000000000004,0.15,3,"dodge:1000,critical_percent:500",0,0,10,18114,0,0,1,3003,equip-40000344
345,equip-10000345,equip-20000345,5,1,18,"3,5",,,,,,"20,25",,,,,,,,0,0,0,0,0,0,0,0,4,0,3,2,配件_特殊_M1A1,2700,IOP,0,35,equip-30000345,0.45,0.15,0.30000000000000004,0.15,3,"critical_percent:1000,pow:1000",0,0,10,18115,0,0,1,3003,equip-40000345
346,equip-10000346,equip-20000346,5,2,19,"8,10",,,,,,,"-10,-7",,,,,,,0,0,0,0,0,0,0,0,4,4,0,2,弹匣_特殊_托卡列夫,3600,IOP,0,6,equip-30000346,0.48,0.48,0.08,0.25,3,pow:1000,0,0,10,19059,0,0,1,3003,equip-40000346
347,equip-10000347,equip-20000347,5,3,20,,,,"1,1",,,,,"3,8",,,,,,0,0,0,0,0,0,0,0,2,2,3,3,人形_特殊_M1887,3060,IOP,0,151,equip-30000347,0.23,0.23,0.33,0.38,3,armor:700,0,759155,10,20058,0,0,1,3086,equip-40000347
348,equip-10000348,equip-20000348,5,2,19,"5,8","3,5",,,,,,"-10,-7",,,,,,,0,0,0,0,0,0,0,0,4,4,0,2,弹匣_特殊_MP5Mod,3600,IOP,0,20026,equip-30000348,0.48,0.48,0.08,0.25,3,"pow:1000,hit:1000",0,759186,10,19060,7,0,1,3096,equip-40000348
349,equip-10000349,equip-20000349,5,3,20,"1,3",,,"3,8",,,,,,,,,,,0,300,0,0,0,0,0,0,3,1,1,3,人形_特殊_MG4Mod,3540,IOP,0,20125,equip-30000349,0.1,0.1,0.1,0.55,3,pow:700,0,"759062,759191",10,20059,8,0,1,3096,equip-40000349
350,equip-10000350,equip-20000350,5,3,20,,,"14,19","2,2",,,,,,,,,,,0,0,0,0,0,0,0,0,4,2,0,4,人形_特殊_CMS,3120,IOP,0,213,equip-30000350,0.30000000000000004,0.25,0.12,0.38,3,dodge:1000,0,759214,10,20060,0,0,1,3087,equip-40000350
351,equip-10000351,equip-20000351,5,3,20,"-5,-3",,"16,21",,,,,,,,,,,,0,0,0,0,0,0,0,0,4,2,0,4,人形_特殊_马卡洛夫Mod,3120,IOP,0,20008,equip-30000351,0.30000000000000004,0.25,0.12,0.38,3,dodge:1000,0,759218,10,20061,9,0,1,3096,equip-40000351
352,equip-10000352,equip-20000352,5,3,20,"1,2",,,,,,"20,26",,,,,,,,0,0,0,0,0,0,0,0,4,2,0,4,人形_特殊_PPSh41Mod,3120,IOP,0,20021,equip-30000352,0.30000000000000004,0.25,0.12,0.38,3,"critical_percent:1500,pow:500",0,759223,10,20062,10,0,1,3096,equip-40000352
353,equip-10000353,equip-20000353,5,3,20,,,"13,18","1,2",,,,,,,,,,,0,0,0,0,0,0,0,0,4,2,0,4,人形_特殊_C96,3120,IOP,0,"12,20012",equip-30000353,0.30000000000000004,0.25,0.12,0.38,3,dodge:1000,0,0,10,20063,0,0,1,3098,equip-40000353
354,equip-10000354,equip-20000354,5,3,20,,"3,5",,,,"16,20",,,,,,,,,0,0,0,0,0,0,0,0,4,0,5,0,人形_特殊_VSK94,3360,IOP,0,312,equip-30000354,0.55,0.16,0.6000000000000001,0.16,3,"critical_harm_rate:1000,hit:1000",0,759232,10,20064,0,0,1,3088,equip-40000354
355,equip-10000355,equip-20000355,5,3,20,,,"11,18",,,,,,,,,,,,0,0,0,0,0,0,0,0,4,2,0,4,人形_特殊_PPKMod,3120,IOP,0,20010,equip-30000355,0.30000000000000004,0.25,0.12,0.38,3,dodge:1000,0,759241,10,20065,11,0,1,3096,equip-40000355
356,equip-10000356,equip-20000356,5,2,19,"8,12",,,,,,,,,,,,,,0,300,0,0,0,0,0,0,0,5,3,2,弹匣_特殊_HK416Mod,3600,IOP,0,20065,equip-30000356,0.15,0.6000000000000001,0.38,0.23,3,pow:700,0,759235,10,19061,12,0,1,3096,equip-40000356
357,equip-10000357,equip-20000357,5,3,20,,,"12,18",,,,,,,,,,,,0,0,0,0,0,0,0,0,4,2,0,4,人形_特殊_竞争者,3120,IOP,0,183,equip-30000357,0.30000000000000004,0.25,0.12,0.38,3,dodge:1000,0,759246,10,20066,0,0,1,3089,equip-40000357
358,equip-10000358,equip-20000358,5,2,19,"6,10","8,10",,,,,,,,,,,,,0,0,0,0,0,0,0,0,4,4,0,2,弹匣_特殊_UMP45Mod,3600,IOP,0,20103,equip-30000358,0.48,0.48,0.08,0.25,3,"pow:1000,hit:500",0,759084,10,19062,13,0,1,3096,equip-40000358
359,equip-10000359,equip-20000359,5,2,19,"5,8",,,,,,"6,10",,,,,,,,0,0,0,0,0,0,0,0,4,4,0,2,弹匣_特殊_UMP9Mod,3600,IOP,0,20101,equip-30000359,0.48,0.48,0.08,0.25,3,"critical_percent:1000,pow:1000",0,759087,10,19063,14,0,1,3096,equip-40000359
360,equip-10000360,equip-20000360,5,3,20,"8,10",,,,"-5,-1","15,25",,,,,,,,,0,0,0,0,0,0,0,0,4,3,0,2,人形_特殊_ASVal,3060,IOP,0,"60,20060",equip-30000360,0.30000000000000004,0.23,0.15,0.38,3,"pow:500,critical_harm_rate:1000",0,0,10,20067,0,0,1,3099,equip-40000360
361,equip-10000361,equip-20000361,5,2,19,"5,10",,,,,,,"95,100",,,,,,,0,0,0,0,0,0,0,0,0,4,2,3,弹匣_特殊_6P62,3300,IOP,0,138,equip-30000361,0.08,0.5,0.30000000000000004,0.30000000000000004,3,"armor_piercing:1000,pow:1000",0,0,10,19064,0,0,1,3003,equip-40000361
362,equip-10000362,equip-20000362,5,2,19,"1,3",,,,,,,"245,250",,,,,,,0,0,0,0,0,0,0,0,0,4,2,3,弹匣_特殊_AAT52,3300,IOP,0,111,equip-30000362,0.08,0.5,0.30000000000000004,0.30000000000000004,3,"armor_piercing:1000,pow:700",0,0,10,19065,0,0,1,3003,equip-40000362
363,equip-10000363,equip-20000363,5,3,20,"10,12",,,,"12,16","-50,-50",,,,,,,,,0,0,0,0,0,0,0,0,4,3,0,2,人形_特殊_AR70,3060,IOP,0,134,equip-30000363,0.30000000000000004,0.23,0.15,0.38,3,"pow:500,rate:600",0,0,10,20068,0,0,1,3003,equip-40000363
364,equip-10000364,equip-20000364,5,3,20,,,,"3,3",,,,,"4,8",,,,,,0,0,0,0,0,0,0,0,2,2,3,3,人形_特殊_M870,3060,IOP,0,229,equip-30000364,0.23,0.23,0.33,0.38,3,armor:500,0,759267,10,20069,0,0,1,3090,equip-40000364
365,equip-10000365,equip-20000365,5,3,20,,,,,"1,3","10,15",,,,,,,,,0,0,0,0,0,0,0,0,4,0,5,0,TDoll_SP_88typeMod,3360,IOP,0,20095,equip-30000365,0.55,0.16,0.6000000000000001,0.16,3,"critical_harm_rate:1000,rate:700",0,759275,10,20070,15,0,1,3096,equip-40000365
366,equip-10000366,equip-20000366,5,2,19,,,,,,"3,5",,"245,250",,,,,,,0,0,0,0,0,0,0,0,0,4,2,3,Magazine_SP_M1919A4Mod,3300,IOP,0,20080,equip-30000366,0.08,0.5,0.30000000000000004,0.30000000000000004,3,"armor_piercing:1000,critical_harm_rate:1000",0,759269,10,19066,16,0,1,3096,equip-40000366
367,equip-10000367,equip-20000367,5,3,20,,"1,2","15,19",,,,,,,,,,,,0,0,0,0,0,0,0,0,4,2,0,4,TDoll_SP_CF05,3120,IOP,0,295,equip-30000367,0.30000000000000004,0.25,0.12,0.38,3,"hit:1000,dodge:1000",0,759279,10,20071,0,0,1,3091,equip-40000367
368,equip-10000368,equip-20000368,5,2,19,"10,14",,,,,,,,,,,,,,0,0,0,0,0,0,0,0,0,5,3,2,Magazine_SP_56-1typeMod,3600,IOP,0,20066,equip-30000368,0.15,0.6000000000000001,0.38,0.23,3,pow:750,0,759281,10,19067,17,0,1,3096,equip-40000368
369,equip-10000369,equip-20000369,5,2,19,"1,3",,,,,,,"270,275",,,,,,,0,0,0,0,0,0,0,0,0,4,2,3,Magazine_SP_MG3Mod,3300,IOP,0,20088,equip-30000369,0.08,0.5,0.30000000000000004,0.30000000000000004,3,"armor_piercing:1000,pow:700",0,759287,10,19068,18,0,1,3096,equip-40000369
370,equip-10000370,equip-20000370,5,2,19,"8,12",,,,,,,,,,,,,,0,0,0,0,0,0,0,0,0,5,3,2,Magazine_SP_K11,3600,IOP,0,236,equip-30000370,0.15,0.6000000000000001,0.38,0.23,3,pow:1000,0,759291,10,19069,0,0,1,3092,equip-40000370
