id,type,special_spot_condition,mission_buff_condition,person_condition
1,1,,,
2,2,,1000000*>0,
200101,3,2001*>0,,
570503,3,570501*==1,,
570607,1,570603*==1,,
570608,1,570604*==1,,
570610,1,570605*==1,,
570620,3,570610*==1,,
570621,3,570611*==1,,
580001,3,580098*>0|580099*<3,,
580002,3,580099*>2|580099*<6,,
580003,3,580099*>5|580099*<13,,
580004,3,580099*>12|580099*<26,,
580005,3,580099*>25,,
580006,4,,580001*==1,
580007,4,,580002*==1,
580008,4,,580003*==1,
580009,4,,580004*==1,
580010,4,,580005*==1,
580011,4,,580001*==0,
580012,4,,580002*==0,
580013,4,,580003*==0,
580014,4,,580004*==0,
580015,4,,580005*==0,
580052,3,580098*==1,,
580053,4,,580099*>0,
580903,3,580903*==0,,
580905,3,580903*==1,,
580906,3,580904*==1,,
580909,3,580906*==1,,
580912,3,580912*==1,,
581101,6,,,581103*>0
581102,3,580099*>0,,
584511,3,584511*==1,,
584512,3,584512*==1,,
584513,3,584513*==1,,
584514,3,584514*==1,,
584801,6,,,584802*>0
640001,5,,,1150500*>0
640002,5,,,1151600*>0
640003,5,,,1150600*>0
640004,5,,,1151700*>0
640005,4,,6400000*>0,
640006,4,,6400000*==0,
640007,6,,,1150500*==0
640008,6,,,1151600*==0
640009,3,6400005*>0,,
640010,6,,,1150500*>0
640011,6,,,1151600*>0
640100,4,,640100*==0,
640101,6,,,1150500*>0
640102,6,,,1151600*>0
640103,5,,,1150601*>0
640104,5,,,1151701*>0
640105,5,,,1150600*>0
640106,5,,,1151700*>0
1000100,4,,10001*==0,
1000101,4,,10001*>0,
1000102,2,,10001*>0,
1010100,4,,10101*==0,
1010101,4,,10101*>0,
1010102,2,,10101*>0,
1144401,3,1144411*==1,,
1144402,3,1144411*==1,,
1144403,3,1144411*==1,,
1144404,3,1144402*==1,,
1144405,3,1144403*==1,,
1144407,3,1144411*==0,,
1144408,3,1144411*==0,,
1144409,3,1144411*==0,,
1144412,6,,,1144402*==1
1144413,6,,,1144403*==1
1145712,6,,,1145702*==1
1145713,6,,,1145703*==1
2040101,4,,20401*>0,
2040201,4,,20402*>0,
5000141,4,,50001*>0,
5000341,4,,50003*>0,
6400003,4,,6400003*==0,
6400004,4,,6400004*==0,
6400005,4,,6400003*>0,
6400006,4,,6400004*>0,
6400010,3,640001*>0,,
6400020,3,640002*>0,,
7800201,3,78002*>0,,
7800401,3,78004*>0,,
9337201,3,9337201*>0,,
9337202,3,9337202*>0,,
9337203,3,9337203*>0,,
9337204,3,9337204*>0,,
9337205,3,9337205*>0,,
36300100,4,,363001*==0,
36300200,4,,363002*==0,
36301101,3,363001*>0,,
36301201,3,363002*>0,,
41030000,3,410300*==0,,
41031201,3,410312*>0,,
41035101,3,410351*>0,,
41035201,3,410352*>0,,
41036101,3,410361*>0,,
41036201,3,410362*>0,,
42011101,3,420111*>0,,
42020201,3,420202*>0,,
42021101,3,420211*>0,,
42021300,3,420213*==0,,
42021301,3,420213*>0,,
42030101,3,420301*>0,,
42031100,3,420311*==0,,
42031101,3,420311*>0,,
42031200,3,420312*==0,,
42031201,3,420312*>0,,
42031300,3,420313*==0,,
42031301,3,420313*>0,,
42031400,3,420314*==0,,
42031401,3,420314*>0,,
42031500,3,420315*==0,,
42031501,3,420315*>0,,
42031600,3,420316*==0,,
42031601,3,420316*>0,,
42040101,3,420401*>0,,
42050101,3,420501*>0,,
42050201,3,420502*>0,,
42050301,3,420503*>0,,
42050401,3,420504*>0,,
42051200,3,420512*==0,,
42051201,3,420512*>0,,
42051300,3,420513*==0,,
42051301,3,420513*>0,,
42051400,3,420514*==0,,
42051401,3,420514*>0,,
42060101,3,420601*>0,,
42060201,3,420602*>0,,
42060301,3,420603*>0,,
42060401,3,420604*>0,,
42060501,3,420605*>0,,
42060601,3,420606*>0,,
42060701,3,420607*>0,,
42061300,3,420613*==0,,
42061301,3,420613*>0,,
42061400,3,420614*==0,,
42061401,3,420614*>0,,
42061500,3,420615*==0,,
42061501,3,420615*>0,,
44000000,4,,440000*==0,
44000001,4,,440000*>0,
44000300,4,,440003*==0,
44000400,4,,440004*==0,
44000500,4,,440005*==0,
44000601,4,,440006*>0,
44001001,3,440010*>0,,
44002001,3,440020*>0,,
44003001,3,440030*>0,,
44004001,3,440040*>0,,
44005001,3,440050*>0,,
44006001,3,440060*>0,,
44007001,3,440070*>0,,
44008001,3,440080*>0,,
44009001,3,440090*>0,,
44050101,3,440501*>0,,
44050201,3,440502*>0,,
44050301,3,440503*>0,,
44050401,3,440504*>0,,
44050501,3,440505*>0,,
44051000,3,440510*==0,,
44051001,3,440510*>0,,
44051100,3,440511*==0,,
44051101,3,440511*>0,,
44052100,3,440521*==0,,
44052101,3,440521*>0,,
44080001,3,440800*>0,,
44090201,3,440902*>0,,
44090301,3,440903*>0,,
44090701,3,440907*>0,,
44090801,3,440908*>0,,
44090901,3,440909*>0,,
44201100,3,442011*==0,,
44201101,3,442011*>0,,
44201200,3,442012*==0,,
44201201,3,442012*>0,,
44201300,3,442013*==0,,
44201301,3,442013*>0,,
44201400,3,442014*==0,,
44201401,3,442014*>0,,
44201500,3,442015*==0,,
44201501,3,442015*>0,,
46050101,4,,460501*>0,
48000001,6,,,480001*>0
48010101,3,480101*>0,,
48010200,4,,480102*==0,
48010201,4,,480102*>0,
48010401,3,480104*>0,,
48010501,3,480105*>0,,
48010801,3,480108*>0,,
48010804,3,480108*==4,,
48010807,3,480108*==7,,
48010808,3,480108*>7,,
48013101,3,480131*>0,,
48013201,3,480132*>0,,
48013301,3,480133*>0,,
48013401,3,480134*>0,,
48013501,3,480135*>0,,
48013601,3,480136*>0,,
48140201,3,481402*>0,,
48140301,3,481403*>0,,
48180201,3,481802*>0,,
48180301,3,481803*>0,,
48181300,3,481813*==0,,
48181301,3,481813*>0,,
48181400,3,481814*==0,,
48190101,3,481901*>0,,
48190201,3,481902*>0,,
48190301,3,481903*>0,,
48190401,3,481904*>0,,
48190501,3,481905*>0,,
48190600,6,,,481901*==0
48190601,6,,,481901*>0
48190602,6,,,481902*>0
48190603,6,,,481904*>0
48191301,3,481913*>0,,
48200101,6,,,482001*>0
48200301,3,482003*>0,,
48220201,3,482202*>0,,
48220401,3,482204*>0,,
48220501,3,482205*>0,,
48220601,3,482206*>0,,
48220701,3,482207*>0,,
48220801,3,482208*>0,,
48220900,3,482209*==0,,
48220901,3,482209*>0,,
48221500,3,482215*==0,,
48221501,3,482215*>0,,
48221600,3,482216*==0,,
48221601,3,482216*>0,,
48221700,3,482217*==0,,
48221701,3,482217*>0,,
48221810,3,482218*==5,,
48230100,4,,482301*==0,
48230101,3,482301*>0,,
48230201,3,482302*>0,,
48230301,3,482303*>0,,
48230401,3,482304*>0,,
48231100,3,482311*==0,,
48231101,3,482311*>0,,
48231200,3,482312*==0,,
48231201,3,482312*>0,,
48231300,3,482313*==0,,
48231301,3,482313*>0,,
48231400,3,482314*==0,,
48231401,3,482314*>0,,
48240101,3,482401*>0,,
48240201,3,482402*>0,,
48240301,3,482403*>0,,
48241101,3,482411*>0,,
48241201,3,482412*>0,,
48242101,3,482421*>0,,
48242201,3,482422*>0,,
48243001,4,,482430*>0,
48243002,4,,482430*>1,
48244101,3,482441*>0,,
48244201,3,482442*>0,,
48244301,3,482443*>0,,
48244401,3,482444*>0,,
48244501,3,482445*>0,,
48250102,3,482501*>1,,
48250201,3,482502*>0,,
48250301,3,482503*>0,,
48250401,3,482504*>0,,
48250801,3,482508*>0,,
48350100,4,,483501*==0,
48350101,4,,483501*>0,
48350301,3,483503*>0,,
48361100,3,483611*==0,,
48390300,4,,483903*==0,
48390301,4,,483903*>0,
48400101,3,484001*>0,,
48400201,3,484002*>0,,
48400301,3,484003*>0,,
48410101,3,484101*>0,,
48410201,3,484102*>0,,
48410301,3,484103*>0,,
48410401,3,484104*>0,,
48410501,3,484105*>0,,
48410601,3,484106*>0,,
48410701,3,484107*>0,,
48411100,3,484111*==0,,
48411101,3,484111*>0,,
48411200,3,484112*==0,,
48411201,3,484112*>0,,
48411301,3,484113*>0,,
48411401,3,484114*>0,,
48412301,3,484123*>0,,
48412401,3,484124*>0,,
48413301,3,484133*>0,,
48413401,3,484134*>0,,
50000000,3,500000*==0,,
50000001,3,500000*>0,,
50001000,3,500010*==0,,
50001001,3,500010*>0,,
50001100,3,500011*==0,,
50001101,3,500011*>0,,
50001200,3,500012*==0,,
50001201,3,500012*>0,,
50001300,3,500013*==0,,
50001301,3,500013*>0,,
50001400,3,500014*==0,,
50001401,3,500014*>0,,
50001500,3,500015*==0,,
50001501,3,500015*>0,,
50001600,3,500016*==0,,
50001601,3,500016*>0,,
50001700,3,500017*==0,,
50001701,3,500017*>0,,
50001800,3,500018*==0,,
50001801,3,500018*>0,,
50001900,3,500019*==0,,
50001901,3,500019*>0,,
50002000,4,,500020*==0,
50002001,4,,500020*>0,
50002002,3,500020*>0,,
50002100,4,,500021*==0,
50002101,4,,500021*>0,
50002102,3,500021*>0,,
50002200,4,,500022*==0,
50002201,4,,500022*>0,
50002202,3,500022*>0,,
50002300,4,,500023*==0,
50002301,4,,500023*>0,
50002302,3,500023*>0,,
50002400,4,,500024*==0,
50002401,4,,500024*>0,
50002402,3,500024*>0,,
50002500,4,,500025*==0,
50002501,4,,500025*>0,
50002502,3,500025*>0,,
50002600,4,,500026*==0,
50002601,4,,500026*>0,
50002602,3,500026*>0,,
50002700,4,,500027*==0,
50002701,4,,500027*>0,
50002702,3,500027*>0,,
50002800,4,,500028*==0,
50002801,4,,500028*>0,
50002802,3,500028*>0,,
50002900,4,,500029*==0,
50002901,4,,500029*>0,
50002902,3,500029*>0,,
50004100,3,500041*==0,,
50004101,3,500041*>0,,
50004200,3,500042*==0,,
50004201,3,500042*>0,,
50004300,3,500043*==0,,
50004301,3,500043*>0,,
50004400,3,500044*==0,,
50004401,3,500044*>0,,
50004500,3,500045*==0,,
50004501,3,500045*>0,,
50004600,3,500046*==0,,
50004601,3,500046*>0,,
50005001,3,500050*>0,,
50009900,4,,500099*<5,
50009905,4,,500099*>4,
50010001,6,,,500100*>0
50030101,3,500301*>0,,
50030201,3,500302*>0,,
50030301,3,500303*>0,,
50030401,3,500304*>0,,
50040100,4,,500401*==0,
50040101,4,,500401*>0,
50040200,4,,500402*==0,
50040201,4,,500402*>0,
50040300,4,,500403*==0,
50040301,4,,500403*>0,
50040400,4,,500404*==0,
50040401,4,,500404*>0,
50040500,4,,500405*==0,
50040501,4,,500405*>0,
50045101,3,500451*>0,,
50045201,3,500452*>0,,
50045301,3,500453*>0,,
50049101,5,,,500402*>0
50049201,5,,,500408*>0
50049301,5,,,500409*>0
50049401,6,,,500403*>0
50049501,6,,,500404*>0
50049601,6,,,500405*>0
50049701,3,500497*>0,,
50049900,4,,500499*==0,
50049901,4,,500499*>0,
51030100,5,,,510301*==0
51030101,5,,,510301*>0
51030201,3,510302*>0,,
51030301,3,510303*>0,,
51040101,3,510401*>0,,
51040201,3,510402*>0,,
51070100,4,,510701*==0,
51070101,4,,510701*>0,
51070102,2,,510701*>0,
51080001,3,510800*>0,,
51080101,3,510801*>0,,
51080201,3,510802*>0,,
51082200,3,510822*==0,,
51082201,3,510822*>0,,
51090000,6,,,510900*==0
51090001,6,,,510900*>0
51090101,3,510901*>0,,
51090201,3,510902*>0,,
51090301,3,510903*>0,,
51090400,4,,510904*==0,
51090401,4,,510904*>0,
51091301,3,510913*>0,,
51091400,4,,510914*==0,
51091401,4,,510914*>0,
51100100,3,511001*==0,,
51100101,3,511001*>0,,
51100201,3,511002*>0,,
51100301,3,511003*>0,,
51101101,3,511011*>0,,
51110101,3,511101*>0,,
51111101,3,511111*>0,,
51170100,3,511701*==0,,
52060001,3,520600*>0,,
52060101,3,520601*>0,,
52060201,3,520602*>0,,
52060301,3,520603*>0,,
52060401,3,520604*>0,,
52060501,3,520605*>0,,
52060601,3,520606*>0,,
52065000,3,520650*==0,,
52065001,3,520650*>0,,
52080001,4,,520800*>0,
52082101,3,520821*>0,,
52082201,3,520822*>0,,
52082301,3,520823*>0,,
54120100,4,,541201*==0,
54120101,4,,541201*>0,
54120401,3,541204*>0,,
54130301,3,541303*>0,,
54131100,4,,541311*==0,
54140201,3,541402*>0,,
54140301,3,541403*>0,,
54140401,3,541404*>0,,
54240101,3,542401*>0,,
54241000,3,542410*==0,,
54241101,3,542411*>0,,
54271101,6,,,542700*>0
54271201,6,,,542710*>0
54271301,6,,,542711*>0
54299900,3,542999*==0,,
54349900,3,543499*==0,,
54390101,3,543901*>0,,
54390201,3,543902*>0,,
54390901,3,543909*>0,,
54391001,3,543910*>0,,
54391101,3,543911*>0,,
54391701,3,543917*>0,,
54391801,3,543918*>0,,
54391901,3,543919*>0,,
54392001,3,543920*>0,,
54392901,3,543929*>0,,
54399900,3,543999*==0,,
54410100,3,544101*==0,,
54410101,3,544101*>0,,
54410201,3,544102*>0,,
54410301,3,544103*>0,,
54411101,3,544111*>0,,
54412101,3,544121*>0,,
54420101,3,544201*>0,,
54420201,3,544202*>0,,
54420301,3,544203*>0,,
54421101,3,544211*>0,,
54421401,3,544214*>0,,
57000000,4,,570000*==0,
57000001,4,,570000*>0,
57000100,4,,570001*==0,
57000101,4,,570001*>0,
57000200,4,,570002*==0,
57000201,4,,570002*>0,
57000300,4,,570003*==0,
57000407,3,570004*==7,,
57000501,3,570005*>0,,
57000601,3,570006*>0,,
57009120,3,570091*>19,,
57060501,3,570601*==1,,
57060502,2,,570601*>=1,
57060601,3,570602*==1,,
57060602,2,,570602*>=1,
57100001,4,,571000*>0,
57100800,3,571008*==0,,
57100900,3,571009*==0,,
57100901,3,571009*>0,,
57101001,3,571010*>0,,
57102001,3,571020*>0,,
57103001,3,571030*>0,,
57104001,3,571040*>0,,
57105001,3,571050*>0,,
57106001,3,571060*>0,,
57107001,3,571070*>0,,
57201300,3,572013*==0,,
57201301,3,572013*>0,,
57500201,3,575002*>0,,
58009931,3,580099*>0,,
58010001,3,580100*>0,,
58010101,3,580101*<5,,
58010102,3,580101*>4|580101*<11,,
58010103,3,580101*>10|580101*<17,,
58010104,3,580101*>16|580101*<23,,
58010105,3,580101*>22,,
58010106,3,580101*<6,,
58010110,4,,580101*==0,
58010210,4,,580102*==0,
58012001,3,580120*>0,,
58012031,3,580120*>0,,
58012400,4,,580124*==0,
58012500,4,,580125*==0,
58020000,3,580200*==0,,
58020001,3,580200*>0,,
58150301,3,581503*>2,,
58170101,3,581701*>0,,
58170201,5,,,581702*>0
58490101,6,,,584901*>0
58490201,6,,,584902*>0
58490301,6,,,584903*>0
58490500,4,,584905*==0,
58500301,5,,,585003*>0
58710400,6,,,587104*==0
58710900,6,,,587109*==0
58711200,6,,,587112*==0
58711700,6,,,587117*==0
59000100,4,,590001*==0,
59000101,4,,590001*>0,
59000200,4,,590002*==0,
59000201,4,,590002*>0,
59000300,4,,590003*==0,
59000301,4,,590003*>0,
59000400,4,,590004*==0,
59000401,4,,590004*>0,
59000500,4,,590005*==0,
59000501,4,,590005*>0,
59000600,4,,590006*==0,
59000601,4,,590006*>0,
59010100,4,,590101*==0,
59010101,4,,590101*>0,
59010200,4,,590102*==0,
59010201,4,,590102*>0,
59010300,4,,590103*==0,
59010301,4,,590103*>0,
59010400,4,,590104*==0,
59010401,4,,590104*>0,
59010500,4,,590105*==0,
59010501,4,,590105*>0,
59010600,4,,590106*==0,
59010601,4,,590106*>0,
59020100,4,,590201*==0,
59020101,4,,590201*>0,
59020200,4,,590202*==0,
59020201,4,,590202*>0,
59020300,4,,590203*==0,
59020301,4,,590203*>0,
59020400,4,,590204*==0,
59020401,4,,590204*>0,
59020500,4,,590205*==0,
59020501,4,,590205*>0,
59020600,4,,590206*==0,
59020601,4,,590206*>0,
59030100,4,,590301*==0,
59030101,4,,590301*>0,
59030200,4,,590302*==0,
59030201,4,,590302*>0,
59030300,4,,590303*==0,
59030301,4,,590303*>0,
59040100,4,,590401*==0,
59040101,4,,590401*>0,
59040200,4,,590402*==0,
59040201,4,,590402*>0,
59040300,4,,590403*==0,
59040301,4,,590403*>0,
59050100,4,,590501*==0,
59050101,4,,590501*>0,
59050200,4,,590502*==0,
59050201,4,,590502*>0,
59050300,4,,590503*==0,
59050301,4,,590503*>0,
59060100,4,,590601*==0,
59060101,4,,590601*>0,
59060200,4,,590602*==0,
59060201,4,,590602*>0,
59060300,4,,590603*==0,
59060301,4,,590603*>0,
59060400,4,,590604*==0,
59060401,4,,590604*>0,
59060500,4,,590605*==0,
59060501,4,,590605*>0,
59060600,4,,590606*==0,
59060601,4,,590606*>0,
59070100,4,,590701*==0,
59070101,4,,590701*>0,
59070200,4,,590702*==0,
59070201,4,,590702*>0,
59070300,4,,590703*==0,
59070301,4,,590703*>0,
59070400,4,,590704*==0,
59070401,4,,590704*>0,
59070500,4,,590705*==0,
59070501,4,,590705*>0,
59070600,4,,590706*==0,
59070601,4,,590706*>0,
59080100,4,,590801*==0,
59080101,4,,590801*>0,
59080200,4,,590802*==0,
59080201,4,,590802*>0,
59090100,4,,590901*==0,
59090101,4,,590901*>0,
59090200,4,,590902*==0,
59090201,4,,590902*>0,
59100100,4,,591001*==0,
59100101,4,,591001*>0,
59100200,4,,591002*==0,
59100201,4,,591002*>0,
59100300,4,,591003*==0,
59100301,4,,591003*>0,
59100400,4,,591004*==0,
59100401,4,,591004*>0,
59110100,4,,591101*==0,
59110101,4,,591101*>0,
59110200,4,,591102*==0,
59110201,4,,591102*>0,
59110300,4,,591103*==0,
59110301,4,,591103*>0,
59110400,4,,591104*==0,
59110401,4,,591104*>0,
59120100,4,,591201*==0,
59120101,4,,591201*>0,
59120200,4,,591202*==0,
59120201,4,,591202*>0,
59120300,4,,591203*==0,
59120301,4,,591203*>0,
59120400,4,,591204*==0,
59120401,4,,591204*>0,
59130100,4,,591301*==0,
59130101,4,,591301*>0,
59130200,4,,591302*==0,
59130201,4,,591302*>0,
59130300,4,,591303*==0,
59130301,4,,591303*>0,
59130400,4,,591304*==0,
59130401,4,,591304*>0,
59140100,4,,591401*==0,
59140101,4,,591401*>0,
59140200,4,,591402*==0,
59140201,4,,591402*>0,
59140300,4,,591403*==0,
59140301,4,,591403*>0,
59140400,4,,591404*==0,
59140401,4,,591404*>0,
59150100,4,,591501*==0,
59150101,4,,591501*>0,
59150200,4,,591502*==0,
59150201,4,,591502*>0,
59150300,4,,591503*==0,
59150301,4,,591503*>0,
59150400,4,,591504*==0,
59150401,4,,591504*>0,
59200100,4,,592001*==0,
59200101,4,,592001*>0,
59200200,4,,592002*==0,
59200201,4,,592002*>0,
59200300,4,,592003*==0,
59200301,4,,592003*>0,
59200400,4,,592004*==0,
59200401,4,,592004*>0,
59210100,4,,592101*==0,
59210101,4,,592101*>0,
59210200,4,,592102*==0,
59210201,4,,592102*>0,
59210300,4,,592103*==0,
59210301,4,,592103*>0,
59210400,4,,592104*==0,
59210401,4,,592104*>0,
59210500,4,,592105*==0,
59210501,4,,592105*>0,
59210600,4,,592106*==0,
59210601,4,,592106*>0,
59210700,4,,592107*==0,
59210701,4,,592107*>0,
59210800,4,,592108*==0,
59210801,4,,592108*>0,
59220100,4,,592201*==0,
59220101,4,,592201*>0,
59220200,4,,592202*==0,
59220201,4,,592202*>0,
59220300,4,,592203*==0,
59220301,4,,592203*>0,
59220400,4,,592204*==0,
59220401,4,,592204*>0,
59220500,4,,592205*==0,
59220501,4,,592205*>0,
59220600,4,,592206*==0,
59220601,4,,592206*>0,
59300100,4,,593001*==0,
59300200,4,,593002*==0,
59301100,4,,593011*==0,
59301200,4,,593012*==0,
59310300,4,,593103*==0,
59310400,4,,593104*==0,
59310500,4,,593105*==0,
59310600,4,,593106*==0,
59311300,4,,593113*==0,
59311400,4,,593114*==0,
59311500,4,,593115*==0,
59311600,4,,593116*==0,
59320100,4,,593201*==0,
59320200,4,,593202*==0,
59320300,4,,593203*==0,
59321100,4,,593211*==0,
59321200,4,,593212*==0,
59321300,4,,593213*==0,
59330100,4,,593301*==0,
59330200,4,,593302*==0,
59330300,4,,593303*==0,
59331100,4,,593311*==0,
59331200,4,,593312*==0,
59331300,4,,593313*==0,
59500001,3,595000*>0,,
59500101,3,595001*>0,,
59500111,4,,595001*>0,
59500201,3,595002*>0,,
59500211,4,,595002*>0,
59501001,3,595010*>0,,
59501101,3,595011*>0,,
59501201,3,595012*>0,,
59502001,3,595020*>0,,
59502101,3,595021*>0,,
59502201,3,595022*>0,,
59600001,3,596000*>0,,
59600101,3,596001*>0,,
59600110,4,,596001*==0,
59600111,4,,596001*>0,
59600201,3,596002*>0,,
59600210,4,,596002*==0,
59600211,4,,596002*>0,
59600301,3,596003*>0,,
59600310,4,,596003*==0,
59600311,4,,596003*>0,
59600401,3,596004*>0,,
59600410,4,,596004*==0,
59600411,4,,596004*>0,
59601001,3,596010*>0,,
59601101,3,596011*>0,,
59601201,3,596012*>0,,
59601301,3,596013*>0,,
59601401,3,596014*>0,,
59602001,3,596020*>0,,
59602101,3,596021*>0,,
59602201,3,596022*>0,,
59602301,3,596023*>0,,
59602401,3,596024*>0,,
59800101,3,598001*>0,,
59900100,3,599001*==0,,
59900101,3,599001*>0,,
59910101,3,599101*>0,,
59910201,3,599102*>0,,
59999900,6,,,590004*==0
59999901,6,,,590004*>0
61000101,3,610001*>11,,
61002201,3,610022*>0,,
61002401,3,610024*>0,,
61002501,3,610025*>0,,
61100101,3,611001*>0,,
61100201,3,611002*>0,,
61100303,3,611003*>2,,
61100403,3,611004*>2,,
64010291,4,,640102*>0,
64010491,3,640104*>0,,
66000100,3,660001*==0,,
66000101,3,660001*>0,,
66000110,4,,660001*==0,
66000111,4,,660001*>0,
66000200,3,660002*==0,,
66000201,3,660002*>0,,
66000210,4,,660002*==0,
66000211,4,,660002*>0,
66000300,3,660003*==0,,
66000301,3,660003*>0,,
66000310,4,,660003*==0,
66000311,4,,660003*>0,
66000400,3,660004*==0,,
66000401,3,660004*>0,,
66000410,4,,660004*==0,
66000411,4,,660004*>0,
66000500,3,660005*==0,,
66000501,3,660005*>0,,
66000510,4,,660005*==0,
66000511,4,,660005*>0,
66000600,3,660006*==0,,
66000601,3,660006*>0,,
66000610,4,,660006*==0,
66000611,4,,660006*>0,
66000700,3,660007*==0,,
66000701,3,660007*>0,,
66000710,4,,660007*==0,
66000711,4,,660007*>0,
66000800,3,660008*==0,,
66000801,3,660008*>0,,
66000810,4,,660008*==0,
66000811,4,,660008*>0,
66000900,3,660009*==0,,
66000901,3,660009*>0,,
66000910,4,,660009*==0,
66000911,4,,660009*>0,
66001000,3,660010*==0,,
66001001,3,660010*>0,,
66001010,4,,660010*==0,
66001011,4,,660010*>0,
66001111,4,,660011*>0,
66001211,4,,660012*>0,
66001311,4,,660013*>0,
66001411,4,,660014*>0,
66001511,4,,660015*>0,
66001611,4,,660016*>0,
66001711,4,,660017*>0,
66001811,4,,660018*>0,
66001911,4,,660019*>0,
66002011,4,,660020*>0,
66002111,4,,660021*>0,
66002211,4,,660022*>0,
66002311,4,,660023*>0,
66002411,4,,660024*>0,
66002511,4,,660025*>0,
66002611,4,,660026*>0,
66002711,4,,660027*>0,
66002811,4,,660028*>0,
66002911,4,,660029*>0,
66003011,4,,660030*>0,
66003111,4,,660031*>0,
66003211,4,,660032*>0,
66003311,4,,660033*>0,
66003411,4,,660034*>0,
66003511,4,,660035*>0,
66003611,4,,660036*>0,
66003711,4,,660037*>0,
66003811,4,,660038*>0,
66003911,4,,660039*>0,
66004011,4,,660040*>0,
66005101,4,,660051*>0,
66008001,3,660080*>0,,
66009101,3,660091*>0,,
66009102,4,,660091*>1,
66009110,4,,660091*==0,
66009111,4,,660091*==1,
66009201,3,660092*>0,,
66009203,4,,660092*>2,
66009210,4,,660092*==0,
66009211,4,,660092*==1,
66009212,4,,660093*==2,
66009301,3,660093*>0,,
66009305,4,,660093*>4,
66009310,4,,660093*==0,
66009311,4,,660093*==1,
66009312,4,,660093*==2,
66009313,4,,660093*==3,
66009314,4,,660093*==4,
66980100,3,669801*==0,,
66980101,3,669801*>0,,
66991001,3,669910*>0,,
67010001,6,,,670100*>0
67010101,3,670101*==1,,
67010102,3,670101*==2,,
67010103,3,670101*==3,,
67010104,3,670101*==4,,
67010105,3,670101*==5,,
67010106,3,670101*==6,,
67010107,3,670101*==7,,
67010111,6,,,670101*>0
67010401,3,670104*>0,,
67010501,3,670105*>0,,
67012001,3,670120*>0,,
68051101,3,680511*>0,,
68051201,3,680512*>0,,
68051301,3,680513*>0,,
68051401,3,680514*>0,,
68051501,3,680515*>0,,
68053100,3,680531*==0,,
68053101,3,680531*>0,,
69050201,4,,690502*>0,
69050301,4,,690503*>0,
69060201,3,690602*>0,,
69070101,4,,690701*==1,
69070102,4,,690701*==2,
69070103,4,,690701*==3,
69070199,4,,690701*>0,
69080004,4,,690800*>3,
69080101,4,,690801*>0,
69080201,3,690802*>0,,
69080301,3,690803*>0,,
69081200,3,690812*==0,,
69081201,3,690812*>0,,
69082200,3,690822*==0,,
73040101,3,730401*>0,,
73040201,3,730402*>0,,
73040301,3,730403*>0,,
73040401,3,730404*>0,,
90000190,3,900001*==0,,
90000191,3,900001*>0,,
100000090,4,,1000000*==0,
100000091,4,,1000000*>0,
100000190,3,1000001*==0,,
100000191,3,1000001*>0,,
100000480,3,1000004*==0,,
100000481,3,1000004*>0,,
100000490,4,,1000004*==0,
100000491,4,,1000004*>0,
100000590,4,,1000005*==0,
100000591,4,,1000005*>0,
100000680,4,,1000006*==0,
100000681,4,,1000006*>0,
100000790,3,1000007*==0,,
100000791,3,1000007*>0,,
100000880,4,,1000008*==0,
100000881,4,,1000008*>0,
100000980,4,,1000009*==0,
100000981,4,,1000009*>0,
100000990,3,1000009*==0,,
100000991,3,1000009*>0,,
100001180,4,,1000011*==0,
100001181,4,,1000011*>0,
100001190,3,1000011*==0,,
100001191,3,1000011*>0,,
100001590,3,1000015*==0,,
100001591,3,1000015*>0,,
100001890,3,1000018*==0,,
100001891,3,1000018*>0,,
100002490,3,1000024*==0,,
100002491,3,1000024*>0,,
100002590,3,1000025*==0,,
100002591,3,1000025*>0,,
100002890,3,1000028*==0,,
100002891,3,1000028*>0,,
100004190,3,1000041*==0,,
100004191,3,1000041*>0,,
100004290,3,1000042*==0,,
100004291,3,1000042*>0,,
100004390,3,1000043*==0,,
100004391,3,1000043*>0,,
100004490,3,1000044*==0,,
100004491,3,1000044*>0,,
100005290,3,1000052*==0,,
100005291,3,1000052*>0,,
100005890,3,1000058*==0,,
100005891,3,1000058*>0,,
100005990,3,1000059*==0,,
100005991,3,1000059*>0,,
100006090,3,1000060*==0,,
100006091,3,1000060*>0,,
100006790,3,1000067*==0,,
100006791,3,1000067*>0,,
100006890,3,1000068*==0,,
100006891,3,1000068*>0,,
100006990,3,1000069*==0,,
100006991,3,1000069*>0,,
100007200,3,1000072*==0,,
100007201,3,1000072*>0,,
100010090,3,1000100*==0,,
100010091,3,1000100*>0,,
100011190,3,1000111*==0,,
100011191,3,1000111*>0,,
100020090,3,1000200*==0,,
100020091,3,1000200*>0,,
100030090,3,1000300*==0,,
100030091,3,1000300*>0,,
100040090,3,1000400*==0,,
100040091,3,1000400*>0,,
100050090,3,1000500*==0,,
100050091,3,1000500*>0,,
100060090,3,1000600*==0,,
100060091,3,1000600*>0,,
100070090,3,1000700*==0,,
100070091,3,1000700*>0,,
100080090,3,1000800*==0,,
100080091,3,1000800*>0,,
100090090,3,1000900*==0,,
100090091,3,1000900*>0,,
100100090,3,1001000*==0,,
100100091,3,1001000*>0,,
100110090,3,1001100*==0,,
100110091,3,1001100*>0,,
101010090,3,1010100*==0,,
101010091,3,1010100*>0,,
101010190,3,1010101*==0,,
101010191,3,1010101*>0,,
101020090,3,1010200*==0,,
101020091,3,1010200*>0,,
101020190,3,1010201*==0,,
101020191,3,1010201*>0,,
101020192,3,1010201*>1,,
101030090,3,1010300*==0,,
101030091,3,1010300*>0,,
101030190,3,1010301*==0,,
101030191,3,1010301*>0,,
101040090,3,1010400*==0,,
101040091,3,1010400*>0,,
101040190,3,1010401*==0,,
101040191,3,1010401*>0,,
101050090,3,1010500*==0,,
101050091,3,1010500*>0,,
101050190,3,1010501*==0,,
101050191,3,1010501*>0,,
101060090,3,1010600*==0,,
101060091,3,1010600*>0,,
101060190,3,1010601*==0,,
101060191,3,1010601*>0,,
101070090,3,1010700*==0,,
101070091,3,1010700*>0,,
101070190,3,1010701*==0,,
101070191,3,1010701*>0,,
101080090,3,1010800*==0,,
101080091,3,1010800*>0,,
101080190,3,1010801*==0,,
101080191,3,1010801*>0,,
102010090,3,1020100*==0,,
102010091,3,1020100*>0,,
102010190,3,1020101*==0,,
102010191,3,1020101*>0,,
102020090,3,1020200*==0,,
102020091,3,1020200*>0,,
102020190,3,1020201*==0,,
102020191,3,1020201*>0,,
102030090,3,1020300*==0,,
102030091,3,1020300*>0,,
102030190,3,1020301*==0,,
102030191,3,1020301*>0,,
102040090,3,1020400*==0,,
102040091,3,1020400*>0,,
102040190,3,1020401*==0,,
102040191,3,1020401*>0,,
102050090,3,1020500*==0,,
102050091,3,1020500*>0,,
102050190,3,1020501*==0,,
102050191,3,1020501*>0,,
102060090,3,1020600*==0,,
102060091,3,1020600*>0,,
102060190,3,1020601*==0,,
102060191,3,1020601*>0,,
102070090,3,1020700*==0,,
102070091,3,1020700*>0,,
102070190,3,1020701*==0,,
102070191,3,1020701*>0,,
102080090,3,1020800*==0,,
102080091,3,1020800*>0,,
102080190,3,1020801*==0,,
102080191,3,1020801*>0,,
102090090,3,1020900*==0,,
102090091,3,1020900*>0,,
102090190,3,1020901*==0,,
102090191,3,1020901*>0,,
102100090,3,1021000*==0,,
102100091,3,1021000*>0,,
102100190,3,1021001*==0,,
102100191,3,1021001*>0,,
102110090,3,1021100*==0,,
102110091,3,1021100*>0,,
102110190,3,1021101*==0,,
102110191,3,1021101*>0,,
102120090,3,1021200*==0,,
102120091,3,1021200*>0,,
102120190,3,1021201*==0,,
102120191,3,1021201*>0,,
102130090,3,1021300*==0,,
102130091,3,1021300*>0,,
102130190,3,1021301*==0,,
102130191,3,1021301*>0,,
102140090,3,1021400*==0,,
102140091,3,1021400*>0,,
102150090,3,1021500*==0,,
102150091,3,1021500*>0,,
102160090,3,1021600*==0,,
102160091,3,1021600*>0,,
102170090,3,1021700*==0,,
102170091,3,1021700*>0,,
102180090,3,1021800*==0,,
102180091,3,1021800*>0,,
102190090,3,1021900*==0,,
102190091,3,1021900*>0,,
102200090,3,1022000*==0,,
102200091,3,1022000*>0,,
102210090,3,1022100*==0,,
102210091,3,1022100*>0,,
102220090,3,1022200*==0,,
102220091,3,1022200*>0,,
102230090,3,1022300*==0,,
102230091,3,1022300*>0,,
102240090,3,1022400*==0,,
102240091,3,1022400*>0,,
102250090,3,1022500*==0,,
102250091,3,1022500*>0,,
102260090,3,1022600*==0,,
102260091,3,1022600*>0,,
102270090,3,1022700*==0,,
102270091,3,1022700*>0,,
102280090,3,1022800*==0,,
102280091,3,1022800*>0,,
102290090,3,1022900*==0,,
102290091,3,1022900*>0,,
103010090,3,1030100*==0,,
103010091,3,1030100*>0,,
103020090,3,1030200*==0,,
103020091,3,1030200*>0,,
103030090,3,1030300*==0,,
103030091,3,1030300*>0,,
103040090,3,1030400*==0,,
103040091,3,1030400*>0,,
103050090,3,1030500*==0,,
103050091,3,1030500*>0,,
103060090,3,1030600*==0,,
103060091,3,1030600*>0,,
104010090,3,1040100*==0,,
104010091,3,1040100*>0,,
104010190,3,1040101*==0,,
104010191,3,1040101*>0,,
104020090,3,1040200*==0,,
104020091,3,1040200*>0,,
104020190,3,1040201*==0,,
104020191,3,1040201*>0,,
104030090,3,1040300*==0,,
104030091,3,1040300*>0,,
104030190,3,1040301*==0,,
104030191,3,1040301*>0,,
104040090,3,1040400*==0,,
104040091,3,1040400*>0,,
104040190,3,1040401*==0,,
104040191,3,1040401*>0,,
104050090,3,1040500*==0,,
104050091,3,1040500*>0,,
104050190,3,1040501*==0,,
104050191,3,1040501*>0,,
104060090,3,1040600*==0,,
104060091,3,1040600*>0,,
104060190,3,1040601*==0,,
104060191,3,1040601*>0,,
105010090,3,1050100*==0,,
105010091,3,1050100*>0,,
105010190,3,1050101*==0,,
105010191,3,1050101*>0,,
105020090,3,1050200*==0,,
105020091,3,1050200*>0,,
105020190,3,1050201*==0,,
105020191,3,1050201*>0,,
105030090,3,1050300*==0,,
105030091,3,1050300*>0,,
105030190,3,1050301*==0,,
105030191,3,1050301*>0,,
105040090,3,1050400*==0,,
105040091,3,1050400*>0,,
105040190,3,1050401*==0,,
105040191,3,1050401*>0,,
105050090,3,1050500*==0,,
105050091,3,1050500*>0,,
105050190,3,1050501*==0,,
105050191,3,1050501*>0,,
105060090,3,1050600*==0,,
105060091,3,1050600*>0,,
105060190,3,1050601*==0,,
105060191,3,1050601*>0,,
106010090,3,1060100*==0,,
106010091,3,1060100*>0,,
106010190,3,1060101*==0,,
106010191,3,1060101*>0,,
106020090,3,1060200*==0,,
106020091,3,1060200*>0,,
106020190,3,1060201*==0,,
106020191,3,1060201*>0,,
106030090,3,1060300*==0,,
106030091,3,1060300*>0,,
106030190,3,1060301*==0,,
106030191,3,1060301*>0,,
106040090,3,1060400*==0,,
106040091,3,1060400*>0,,
106040190,3,1060401*==0,,
106040191,3,1060401*>0,,
106050090,3,1060500*==0,,
106050091,3,1060500*>0,,
106050190,3,1060501*==0,,
106050191,3,1060501*>0,,
106060090,3,1060600*==0,,
106060091,3,1060600*>0,,
106060190,3,1060601*==0,,
106060191,3,1060601*>0,,
107010090,3,1070100*==0,,
107010091,3,1070100*>0,,
107020090,3,1070200*==0,,
107020091,3,1070200*>0,,
109010090,3,1090100*==0,,
109010091,3,1090100*>0,,
109020090,3,1090200*==0,,
109020091,3,1090200*>0,,
109030090,3,1090300*==0,,
109030091,3,1090300*>0,,
109040090,3,1090400*==0,,
109040091,3,1090400*>0,,
109050090,3,1090500*==0,,
109050091,3,1090500*>0,,
110010090,3,1100100*==0,,
110010091,3,1100100*>0,,
110010190,3,1100101*==0,,
110010191,3,1100101*>0,,
110010290,3,1100102*==0,,
110010291,3,1100102*>0,,
110020090,3,1100200*==0,,
110020091,3,1100200*>0,,
110020190,3,1100201*==0,,
110020191,3,1100201*>0,,
110020290,3,1100202*==0,,
110020291,3,1100202*>0,,
110030090,3,1100300*==0,,
110030091,3,1100300*>0,,
110030190,3,1100301*==0,,
110030191,3,1100301*>0,,
110030290,3,1100302*==0,,
110030291,3,1100302*>0,,
110040090,3,1100400*==0,,
110040091,3,1100400*>0,,
110040190,3,1100401*==0,,
110040191,3,1100401*>0,,
110040290,3,1100402*==0,,
110040291,3,1100402*>0,,
110050090,3,1100500*==0,,
110050091,3,1100500*>0,,
110050190,3,1100501*==0,,
110050191,3,1100501*>0,,
110050290,3,1100502*==0,,
110050291,3,1100502*>0,,
111010090,3,1110100*==0,,
111010091,3,1110100*>0,,
111010190,3,1110101*==0,,
111010191,3,1110101*>0,,
111020090,3,1110200*==0,,
111020091,3,1110200*>0,,
111020190,3,1110201*==0,,
111020191,3,1110201*>0,,
111030090,3,1110300*==0,,
111030091,3,1110300*>0,,
111030190,3,1110301*==0,,
111030191,3,1110301*>0,,
111040090,3,1110400*==0,,
111040091,3,1110400*>0,,
111040190,3,1110401*==0,,
111040191,3,1110401*>0,,
111050090,3,1110500*==0,,
111050091,3,1110500*>0,,
111050190,3,1110501*==0,,
111050191,3,1110501*>0,,
112010090,3,1120100*==0,,
112010091,3,1120100*>0,,
112010190,3,1120101*==0,,
112010191,3,1120101*>0,,
112020090,3,1120200*==0,,
112020091,3,1120200*>0,,
112020190,3,1120201*==0,,
112020191,3,1120201*>0,,
112030090,3,1120300*==0,,
112030091,3,1120300*>0,,
112030190,3,1120301*==0,,
112030191,3,1120301*>0,,
112040090,3,1120400*==0,,
112040091,3,1120400*>0,,
112040190,3,1120401*==0,,
112040191,3,1120401*>0,,
112050090,3,1120500*==0,,
112050091,3,1120500*>0,,
112050190,3,1120501*==0,,
112050191,3,1120501*>0,,
113010090,3,1130100*==0,,
113010091,3,1130100*>0,,
113010190,3,1130101*==0,,
113010191,3,1130101*>0,,
113020090,3,1130200*==0,,
113020091,3,1130200*>0,,
113020190,3,1130201*==0,,
113020191,3,1130201*>0,,
113030090,3,1130300*==0,,
113030091,3,1130300*>0,,
113030190,3,1130301*==0,,
113030191,3,1130301*>0,,
113040090,3,1130400*==0,,
113040091,3,1130400*>0,,
113040190,3,1130401*==0,,
113040191,3,1130401*>0,,
113050090,3,1130500*==0,,
113050091,3,1130500*>0,,
113050190,3,1130501*==0,,
113050191,3,1130501*>0,,
114010090,3,1140100*==0,,
114010091,3,1140100*>0,,
114020090,3,1140200*==0,,
114020091,3,1140200*>0,,
114030090,3,1140300*==0,,
114030091,3,1140300*>0,,
114040090,3,1140400*==0,,
114040091,3,1140400*>0,,
115010090,3,1150100*==0,,
115010091,3,1150100*>0,,
115010190,3,1150101*==0,,
115010191,3,1150101*>0,,
115010690,3,1150106*==0,,
115010691,3,1150106*>0,,
115010790,3,1150107*==0,,
115010791,3,1150107*>0,,
115020090,3,1150200*==0,,
115020091,3,1150200*>0,,
115020190,3,1150201*==0,,
115020191,3,1150201*>0,,
115020690,3,1150206*==0,,
115020691,3,1150206*>0,,
115020790,3,1150207*==0,,
115020791,3,1150207*>0,,
115030090,3,1150300*==0,,
115030091,3,1150300*>0,,
115030190,3,1150301*==0,,
115030191,3,1150301*>0,,
115030690,3,1150306*==0,,
115030691,3,1150306*>0,,
115030790,3,1150307*==0,,
115030791,3,1150307*>0,,
115040090,3,1150400*==0,,
115040091,3,1150400*>0,,
115040190,3,1150401*==0,,
115040191,3,1150401*>0,,
115040690,3,1150406*==0,,
115040691,3,1150406*>0,,
115040790,3,1150407*==0,,
115040791,3,1150407*>0,,
117010190,3,1170101*==0,,
120010090,3,1200100*==0,,
120010091,3,1200100*>0,,
120010190,3,1200101*==0,,
120010191,3,1200101*>0,,
120020090,3,1200200*==0,,
120020091,3,1200200*>0,,
120020190,3,1200201*==0,,
120020191,3,1200201*>0,,
120030090,3,1200300*==0,,
120030091,3,1200300*>0,,
120030190,3,1200301*==0,,
120030191,3,1200301*>0,,
120040090,3,1200400*==0,,
120040091,3,1200400*>0,,
120040190,3,1200401*==0,,
120040191,3,1200401*>0,,
120050090,3,1200500*==0,,
120050091,3,1200500*>0,,
120050190,3,1200501*==0,,
120050191,3,1200501*>0,,
120060090,3,1200600*==0,,
120060091,3,1200600*>0,,
120060190,3,1200601*==0,,
120060191,3,1200601*>0,,
121010190,3,1210101*==0,,
121010191,3,1210101*>0,,
381400001,4,,381423*>0|381424*>0|381425*>0,
381400002,4,,381402*>0|381403*>0|381404*>0|381405*>0,
381400003,4,,381406*>0|381407*>0|381408*>0|381409*>0|381410*>0,
381400004,4,,381411*>0|381412*>0|381413*>0|381414*>0|381415*>0|381416*>0,
381400005,4,,381417*>0|381418*>0|381419*>0|381420*>0|381421*>0|381422*>0,
381603001,4,,381602*>0,
381603002,4,,381603*>0,
400000190,3,4000001*==0,,
400000191,3,4000001*>0,,
400000290,3,4000002*==0,,
400000291,3,4000002*>0,,
400000390,3,4000003*==0,,
400000391,3,4000003*>0,,
400000490,3,4000004*==0,,
400000491,3,4000004*>0,,
404090180,4,,4040901*==0,
404090181,4,,4040901*>0,
600010101,3,6000101*>0,,
600011101,3,6000111*>0,,
600012100,3,6000121*==0,,
600012101,3,6000121*>0,,
600013100,3,6000131*==0,,
600013101,3,6000131*>0,,
600020101,3,6000201*>0,,
600020201,3,6000202*>0,,
600021101,3,6000211*>0,,
600030101,3,6000301*>0,,
600031701,3,6000317*>0,,
600500631,3,6005006*>0,,
600501331,3,6005013*>0,,
603014100,3,6030141*==0,,
603014101,3,6030141*>0,,
603014200,3,6030142*==0,,
603014201,3,6030142*>0,,
603014300,3,6030143*==0,,
603014301,3,6030143*>0,,
603014500,3,6030145*==0,,
603014501,3,6030145*>0,,
604040131,3,6040401*>0,,
622910139,3,6229101*<8,,
622920139,3,6229201*<8,,
622930139,3,6229301*<8,,
622940139,3,6229401*<8,,
636308161,6,,,6363081*>0
636308261,6,,,6363082*>0
636308561,6,,,6363085*>0
636308661,6,,,6363086*>0
638020101,3,6380201*>0,,
638020201,3,6380202*>0,,
638020301,3,6380203*>0,,
638021101,3,6380211*>0,,
638021201,3,6380212*>0,,
638021301,3,6380213*>0,,
638022100,3,6380221*==0,,
638022101,3,6380221*>0,,
638022200,3,6380222*==0,,
638022201,3,6380222*>0,,
638022300,3,6380223*==0,,
638022301,3,6380223*>0,,
638023100,3,6380231*==0,,
638023101,3,6380231*>0,,
638023200,3,6380232*==0,,
638023201,3,6380232*>0,,
638023300,3,6380233*==0,,
638023301,3,6380233*>0,,
639030301,3,6390303*>0,,
639031301,3,6390313*>0,,
639032300,3,6390323*==0,,
639032301,3,6390323*>0,,
639033300,3,6390333*==0,,
639033301,3,6390333*>0,,
639033401,3,6390334*>0,,
641010201,3,6410102*>0,,
641010301,3,6410103*>0,,
641030501,3,6410305*>0,,
641030601,3,6410306*>0,,
641030701,3,6410307*>0,,
641030801,3,6410308*>0,,
641040301,3,6410403*>0,,
641041301,3,6410413*>0,,
641042300,3,6410423*==0,,
641042301,3,6410423*>0,,
641043300,3,6410433*==0,,
641043301,3,6410433*>0,,
641050301,3,6410503*>0,,
641051301,3,6410513*>0,,
641052300,3,6410523*==0,,
641052301,3,6410523*>0,,
641053300,3,6410533*==0,,
641053301,3,6410533*>0,,
641060101,3,6410601*>0,,
641060201,3,6410602*>0,,
641060301,3,6410603*>0,,
641060401,3,6410604*>0,,
641070101,3,6410701*>0,,
641070301,3,6410703*>0,,
641090101,3,6410901*>0,,
641090201,3,6410902*>0,,
641090401,3,6410904*>0,,
641100101,3,6411001*>0,,
641110101,3,6411101*>0,,
641120101,3,6411201*>0,,
641120201,3,6411202*>0,,
641120301,3,6411203*>0,,
641120401,3,6411204*>0,,
641120501,3,6411205*>0,,
641140101,3,6411401*>0,,
641140201,3,6411402*>0,,
641140301,3,6411403*>0,,
641140401,3,6411404*>0,,
641140501,3,6411405*>0,,
641140601,3,6411406*>0,,
643000101,3,6430001*>0,,
643000200,4,,6430002*==0,
643000201,3,6430002*>0,,
643000301,3,6430003*>0,,
643000400,4,,6430004*==0,
643000700,3,6430007*==0,,
643001700,3,6430017*==0,,
643002201,3,6430022*>0,,
643002301,3,6430023*>0,,
643002501,3,6430025*>0,,
643002601,3,6430026*>0,,
643020201,3,6430202*>0,,
644000101,3,6440001*>0,,
644000201,3,6440002*>0,,
644000501,3,6440005*>0,,
644000601,3,6440006*>0,,
644001101,3,6440011*>0,,
644001201,3,6440012*>0,,
644001301,3,6440013*>0,,
644001401,3,6440014*>0,,
644001501,3,6440015*>0,,
644001701,3,6440017*>0,,
644001900,3,6440019*==0,,
644001901,3,6440019*>0,,
644002000,3,6440020*==0,,
644002001,3,6440020*>0,,
644002100,3,6440021*==0,,
644002101,3,6440021*>0,,
644002200,3,6440022*==0,,
644002201,3,6440022*>0,,
644003501,3,6440035*>0,,
644003601,3,6440036*>0,,
644003701,3,6440037*>0,,
644003801,3,6440038*>0,,
644003901,3,6440039*>0,,
644004001,3,6440040*>0,,
644004101,3,6440041*>0,,
644004301,3,6440043*>0,,
644004401,3,6440044*>0,,
644004601,3,6440046*>0,,
644005301,3,6440053*>0,,
644005401,3,6440054*>0,,
644005501,3,6440055*>0,,
644005601,3,6440056*>0,,
644005701,3,6440057*>0,,
644006501,3,6440065*>0,,
644006701,3,6440067*>0,,
644006801,3,6440068*>0,,
644007001,3,6440070*>0,,
644007101,3,6440071*>0,,
644007201,3,6440072*>0,,
644007301,3,6440073*>0,,
644007501,3,6440075*>0,,
644007601,3,6440076*>0,,
644007701,3,6440077*>0,,
644008101,3,6440081*>0,,
644008201,3,6440082*>0,,
644008301,3,6440083*>0,,
644008401,3,6440084*>0,,
644008501,3,6440085*>0,,
644008601,3,6440086*>0,,
644008701,3,6440087*>0,,
644008801,3,6440088*>0,,
644009001,3,6440090*>0,,
644009101,3,6440091*>0,,
644009201,3,6440092*>0,,
644009301,3,6440093*>0,,
644009401,3,6440094*>0,,
644009501,3,6440095*>0,,
644009601,3,6440096*>0,,
644009701,3,6440097*>0,,
644009801,3,6440098*>0,,
644009901,3,6440099*>0,,
644997301,3,6449973*>0,,
644997401,3,6449974*>0,,
644997503,3,6449975*==3,,
644998901,3,6449989*>0,,
644999601,3,6449996*>0,,
644999990,3,6449999*==0,,
644999991,3,6449999*>0,,
646000201,3,6460002*>0,,
646000301,3,6460003*>0,,
646000401,3,6460004*>0,,
646000501,3,6460005*>0,,
646000601,3,6460006*>0,,
646000701,3,6460007*>0,,
646000801,3,6460008*>0,,
646002001,3,6460020*>0,,
646002101,3,6460021*>0,,
646002201,3,6460022*>0,,
646002301,3,6460023*>0,,
647000101,3,6470001*>0,,
647000201,3,6470002*>0,,
647000301,3,6470003*>0,,
647000401,3,6470004*>0,,
648000300,4,,6480003*==0,
648000400,4,,6480004*==0,
648000401,4,,6480004*>0,
648000501,3,6480005*>0,,
648000601,3,6480006*>0,,
648000701,3,6480007*>0,,
648001801,3,6480018*>0,,
648001901,3,6480019*>0,,
648002001,3,6480020*>0,,
648002201,3,6480022*>0,,
648002301,3,6480023*>0,,
648002401,3,6480024*>0,,
648002501,3,6480025*>0,,
648002801,3,6480028*>0,,
648003101,3,6480031*>0,,
648003201,3,6480032*>0,,
648003301,3,6480033*>0,,
648003401,3,6480034*>0,,
648003701,3,6480037*>0,,
648003901,3,6480039*>0,,
648004001,3,6480040*>0,,
648004101,3,6480041*>0,,
648004301,3,6480043*>0,,
648004401,3,6480044*>0,,
648004500,3,6480045*==0,,
648006901,3,6480069*>0,,
648007001,3,6480070*>0,,
648007400,3,6480074*==0,,
648007501,3,6480075*>0,,
648007601,3,6480076*>0,,
648007701,3,6480077*>0,,
648007801,3,6480078*>0,,
648007901,3,6480079*>0,,
648008001,3,6480080*>0,,
648008101,3,6480081*>0,,
648008201,3,6480082*>0,,
648008301,3,6480083*>0,,
648008401,3,6480084*>0,,
648008501,3,6480085*>0,,
648008601,3,6480086*>0,,
648008701,3,6480087*>0,,
648010900,3,6480109*==0,,
648020501,6,,,6480205*>0
648998101,6,,,6480341*>0
648998201,6,,,6480342*>0
648998301,6,,,6480343*>0
648998401,6,,,6480344*>0
648998501,6,,,6480345*>0
648998601,6,,,6480346*>0
648999101,6,,,6480841*>0
648999201,6,,,6480842*>0
648999301,6,,,6480843*>0
648999401,6,,,6480844*>0
648999501,6,,,6480845*>0
648999601,6,,,6480846*>0
651000101,3,6510001*>0,,
651000201,3,6510002*>0,,
651000241,4,,6510002*>0,
651000301,3,6510003*>0,,
651000341,4,,6510003*>0,
651000401,3,6510004*>0,,
651000441,4,,6510004*>0,
651000501,3,6510005*>0,,
651000601,3,6510006*>0,,
651000701,3,6510007*>0,,
651000801,3,6510008*>0,,
651001041,4,,6510010*>0,
651001101,3,6510011*>0,,
651001231,3,6510012*>0,,
651001241,4,,6510012*>0,
651001301,3,6510013*>0,,
651001341,4,,6510013*>0,
651001431,3,6510014*>0,,
651001441,4,,6510014*>0,
651001501,3,6510015*>0,,
651001601,3,6510016*>0,,
651001701,3,6510017*>0,,
651001801,3,6510018*>0,,
651001861,6,,,6510018*>0
651002101,3,6510021*>0,,
651002201,3,6510022*>0,,
651002261,6,,,6510022*>0
651002301,3,6510023*>0,,
651002401,3,6510024*>0,,
651002501,3,6510025*>0,,
651002601,3,6510026*>0,,
651002701,3,6510027*>0,,
651002801,3,6510028*>0,,
651002901,3,6510029*>0,,
651003001,3,6510030*>0,,
651003101,3,6510031*>0,,
651003201,3,6510032*>0,,
651003301,3,6510033*>0,,
651003401,3,6510034*>0,,
651003501,3,6510035*>0,,
651003601,3,6510036*>0,,
651003701,3,6510037*>0,,
651003801,3,6510038*>0,,
651003901,3,6510039*>0,,
651004001,3,6510040*>0,,
651006101,3,6510061*>0,,
651006201,3,6510062*>0,,
651006500,3,6510065*==0,,
651006501,3,6510065*>0,,
651006801,3,6510068*>0,,
651006901,3,6510069*>0,,
651007001,3,6510070*>0,,
651007101,3,6510071*>0,,
651007201,3,6510072*>0,,
651007301,3,6510073*>0,,
651007401,3,6510074*>0,,
651007501,3,6510075*>0,,
651007601,3,6510076*>0,,
651007701,3,6510077*>0,,
651007801,3,6510078*>0,,
651008201,3,6510082*>0,,
651008901,3,6510089*>0,,
651009001,3,6510090*>0,,
651009101,3,6510091*>0,,
651009500,3,6510095*==0,,
651009501,3,6510095*>0,,
651009601,3,6510096*>0,,
651009701,3,6510097*>0,,
651009801,3,6510098*>0,,
651009901,3,6510099*>0,,
651010001,3,6510100*>0,,
651010101,3,6510101*>0,,
651010201,3,6510102*>0,,
651010301,3,6510103*>0,,
651010401,3,6510104*>0,,
651010501,3,6510105*>0,,
651010601,3,6510106*>0,,
651010801,3,6510108*>0,,
651010901,3,6510109*>0,,
651011101,3,6510111*>0,,
651011601,3,6510116*>0,,
651011801,3,6510118*>0,,
651012001,3,6510120*>0,,
651012101,3,6510121*>0,,
651013001,3,6510130*>0,,
651013102,3,6510131*>1,,
651013202,3,6510132*>1,,
651013302,3,6510133*>1,,
651013402,3,6510134*>1,,
651013502,3,6510135*>1,,
651013602,3,6510136*>1,,
651014201,3,6510142*>0,,
651014701,3,6510147*>0,,
651014801,3,6510148*>0,,
651015001,3,6510150*>0,,
651015531,3,6510155*>8,,
651015601,3,6510156*>0,,
651015631,3,6510156*>0,,
651018851,6,,,6510013*>0
651018852,6,,,6510014*>0
651018853,6,,,6510015*>0
651018951,5,,,6511104*>0
651018952,5,,,6512106*>0
651018953,5,,,6513106*>0
651018954,5,,,6511108*>0
651018955,5,,,6512111*>0
651018956,5,,,6513111*>0
651130161,6,,,6511301*>0
651220301,6,,,6512203*>0
651220401,6,,,6512204*>0
651230161,6,,,6512301*>0
651320301,6,,,6513203*>0
651320401,6,,,6513204*>0
651330161,6,,,6513301*>0
652002131,3,6520021*>0,,
654000041,4,,6540000*>0,
654000141,4,,6540001*>0,
654000241,4,,6540002*>0,
654000341,4,,6540003*>0,
654000441,4,,6540004*>0,
654000541,4,,6540005*>0,
654000641,4,,6540006*>0,
654000741,4,,6540007*>0,
654000841,4,,6540008*>0,
654000941,4,,6540009*>0,
654001041,4,,6540010*>0,
654001141,4,,6540011*>0,
654001361,6,,,6540013*>0
654001461,6,,,6540014*>0
654001561,6,,,6540015*>0
654010041,4,,6540100*>0,
654010131,3,6540101*>0,,
654010141,4,,6540101*>0,
654010241,4,,6540102*>0,
654010341,4,,6540103*>0,
654010441,4,,6540104*>0,
654010541,4,,6540105*>0,
654010641,4,,6540106*>0,
654010741,4,,6540107*>0,
654010841,4,,6540108*>0,
654010941,4,,6540109*>0,
654011041,4,,6540110*>0,
654011141,4,,6540111*>0,
654011233,3,6540112*>2,,
654011331,3,6540113*>0,6540113*>0,
654011431,3,6540114*>0,6540114*>0,
654011531,3,6540115*>0,,
654011631,3,6540116*>0,,
654011731,3,6540117*>0,,
654011831,3,6540118*>0,,
654013131,3,6540131*>0,,
654013331,3,6540133*>0,6540133*>0,
654014531,3,6540145*>0,,
654014631,3,6540146*>0,,
654014731,3,6540147*>0,,
654014831,3,6540148*>0,,
654014931,3,6540149*>0,,
654015331,3,6540153*>0,,
654015431,3,6540154*>0,,
654015531,3,6540155*>0,,
654015631,3,6540156*>0,,
654015830,3,6540158*==0,,
654015831,3,6540158*>0,,
654015931,3,6540159*>0,,
654016731,3,6540167*>0,,
654016931,3,6540169*>0,,
654017130,3,6540171*==0,,
654017931,3,6540179*>0,,
654018031,3,6540180*>0,,
654018131,3,6540181*>0,,
654018531,3,6540185*>0,,
654020041,4,,6540200*>0,
654020141,4,,6540201*>0,
654020241,4,,6540202*>0,
654020341,4,,6540203*>0,
654020441,4,,6540204*>0,
654020541,4,,6540205*>0,
654020640,4,,6540206*==0,
654020741,4,,6540207*>0,
654020841,4,,6540208*>0,
654020941,4,,6540209*>0,
654021041,4,,6540210*>0,
654021141,4,,6540211*>0,
654021240,4,,6540212*==0,
654021841,4,,6540218*>0,
654022140,4,,6540221*==0,
654022840,4,,6540228*==0,
654022841,4,,6540228*>0,
654023141,4,,6540231*>0,
654023241,4,,6540232*>0,
654023341,4,,6540233*>0,
654023941,4,,6540239*>0,
654110151,5,,,6541101*>0
654110251,5,,,6541102*>0
654110351,5,,,6541103*>0
654110451,5,,,6541104*>0
654110551,5,,,6541105*>0
654150161,6,,,6541501*>0
654160151,5,,,6541601*>0
654210151,5,,,6542101*>0
654210251,5,,,6542102*>0
654210351,5,,,6542103*>0
654210451,5,,,6542104*>0
654210551,5,,,6542105*>0
654210651,5,,,6542106*>0
654250161,6,,,6542501*>0
654260151,5,,,6542601*>0
654310151,5,,,6543101*>0
654310251,5,,,6543102*>0
654310351,5,,,6543103*>0
654310451,5,,,6543104*>0
654310551,5,,,6543105*>0
654310651,5,,,6543106*>0
654310751,5,,,6543107*>0
654310851,5,,,6543108*>0
654350161,6,,,6543501*>0
654360151,5,,,6543601*>0
656000131,3,6560001*>0,,
656000331,3,6560003*>0,,
656000431,3,6560004*>0,,
656000531,3,6560005*>0,,
656000631,3,6560006*>0,,
656000731,3,6560007*>0,,
656000831,3,6560008*>0,,
656000861,6,,,6560008*>0
656000931,3,6560009*>0,,
656000961,6,,,6560009*>0
656001031,3,6560010*>0,,
656001131,3,6560011*>0,,
656001231,3,6560012*>0,,
656001331,3,6560013*>0,,
656001431,3,6560014*>0,,
656001531,3,6560015*>0,,
656001631,3,6560016*>0,,
656001731,3,6560017*>0,,
656001831,3,6560018*>0,,
656001931,3,6560019*>0,,
656002331,3,6560023*>0,,
656002431,3,6560024*>0,,
656002630,3,6560026*==0,,
656002631,3,6560026*>0,,
656002730,3,6560027*==0,,
656002731,3,6560027*>0,,
656003231,3,6560032*>0,,
656003331,3,6560033*>0,,
656004631,3,6560046*>0,,
656010151,5,,,6560101*>0
656010251,5,,,6560102*>0
656020251,5,,,6560202*>0
656020351,5,,,6560203*>0
656020451,5,,,6560204*>0
656040151,5,,,6560401*>0
656040251,5,,,6560402*>0
656040351,5,,,6560403*>0
656040451,5,,,6560404*>0
656110151,5,,,6561101*>0
656110251,5,,,6561102*>0
656120251,5,,,6561202*>0
656120351,5,,,6561203*>0
656120451,5,,,6561204*>0
656140151,5,,,6561401*>0
656140251,5,,,6561402*>0
656140351,5,,,6561403*>0
656140451,5,,,6561404*>0
658000331,3,6580003*>0,,
658000431,3,6580004*>0,,
658000631,3,6580006*>0,,
658000731,3,6580007*>0,,
658000831,3,6580008*>0,,
658000931,3,6580009*>0,,
658001031,3,6580010*>0,,
658001041,4,,6580010*>0,
658001131,3,6580011*>0,,
658001141,4,,6580011*>0,
658001231,3,6580012*>0,,
658001240,4,,6580012*==0,
658001241,4,,6580012*>0,
658001341,4,,6580013*>0,
658002331,3,6580023*>0,,
658002431,3,6580024*>0,,
658002531,3,6580025*>0,,
658002631,3,6580026*>0,,
658002731,3,6580027*>0,,
658002831,3,6580028*>0,,
658003131,3,6580031*>0,,
658003231,3,6580032*>0,,
658003331,3,6580033*>0,,
658003431,3,6580034*>0,,
658003531,3,6580035*>0,,
658003631,3,6580036*>0,,
658003731,3,6580037*>0,,
658003831,3,6580038*>0,,
658003931,3,6580039*>0,,
658004031,3,6580040*>0,,
658004131,3,6580041*>0,,
658004231,3,6580042*>0,,
658004331,3,6580043*>0,,
658004431,3,6580044*>0,,
658004531,3,6580045*>0,,
658004631,3,6580046*>0,,
658004731,3,6580047*>0,,
658004831,3,6580048*>0,,
658004931,3,6580049*>0,,
658005031,3,6580050*>0,,
658005131,3,6580051*>0,,
658005231,3,6580052*>0,,
658005331,3,6580053*>0,,
658005431,3,6580054*>0,,
658005531,3,6580055*>0,,
658005631,3,6580056*>0,,
658005731,3,6580057*>0,,
658005831,3,6580058*>0,,
658005931,3,6580059*>0,,
658006031,3,6580060*>0,,
658006131,3,6580061*>0,,
658006231,3,6580062*>0,,
658006331,3,6580063*>0,,
658006431,3,6580064*>0,,
658006531,3,6580065*>0,,
658006631,3,6580066*>0,,
658006731,3,6580067*>0,,
658006831,3,6580068*>0,,
658006931,3,6580069*>0,,
658007031,3,6580070*>0,,
658007131,3,6580071*>0,,
658007231,3,6580072*>0,,
658007331,3,6580073*>0,,
658007431,3,6580074*>0,,
658007531,3,6580075*>0,,
658007631,3,6580076*>0,,
658007731,3,6580077*>0,,
658007831,3,6580078*>0,,
658007931,3,6580079*>0,,
658008031,3,6580080*>0,,
658008131,3,6580081*>0,,
658008231,3,6580082*>0,,
658008331,3,6580083*>0,,
658008431,3,6580084*>0,,
658008531,3,6580085*>0,,
658008631,3,6580086*>0,,
658008731,3,6580087*>0,,
658008831,3,6580088*>0,,
658008931,3,6580089*>0,,
658010161,6,,,6580101*>0
658010261,6,,,6580102*>0
658010361,6,,,6580103*>0
658010461,6,,,6580104*>0
658010541,4,,6580105*>0,
658010561,6,,,6580105*>0
658010661,6,,,6580106*>0
658010761,6,,,6580107*>0
658010831,3,6580108*>0,,
658011061,6,,,6580110*>0
658011131,3,6580111*>0,,
658011161,6,,,6580111*>0
658011261,6,,,6580112*>0
658011361,6,,,6580113*>0
658011431,3,6580114*>0,,
658011531,3,6580115*>0,,
658011561,6,,,6580115*>0
658011631,3,6580116*>0,,
658011731,3,6580117*>0,,
658011831,3,6580118*>0,,
658011861,6,,,6580118*>0
658011931,3,6580119*>0,,
658012031,3,6580120*>0,,
658012131,3,6580121*>0,,
658012231,3,6580122*>0,,
658012261,6,,,6580122*>0
658012331,3,6580123*>0,,
658012431,3,6580124*>0,,
658012531,3,6580125*>0,,
658012631,3,6580126*>0,,
658012731,3,6580127*>0,,
658012831,3,6580128*>0,,
658012931,3,6580129*>0,,
658013031,3,6580130*>0,,
658013131,3,6580131*>0,,
658013231,3,6580132*>0,,
658013331,3,6580133*>0,,
658013431,3,6580134*>0,,
658013731,3,6580137*>0,,
658014031,3,6580140*>0,,
662000131,3,6620001*>0,,
662000231,3,6620002*>0,,
662000431,3,6620004*>0,,
662000631,3,6620006*>0,,
662900031,3,6629000*>0,,
662900131,3,6629001*>0,,
662900231,3,6629002*>0,,
662900331,3,6629003*>0,,
662900431,3,6629004*>0,,
662900531,3,6629005*>0,,
662900631,3,6629006*>0,,
662900641,4,,6629006*>0,
662900741,4,,6629007*>0,
662900841,4,,6629008*>0,
662900940,4,,6629009*==0,
662910041,4,,6629100*>0,
662910131,3,6629101*>1,,
662910132,3,6629101*>3,,
662910133,3,6629101*>5,,
662910134,3,6629101*>7,,
662910135,3,6629101*>3,,
662910136,3,6629101*>7,,
662910141,4,,6629101*>0,
662910241,4,,6629102*>0,
662910341,4,,6629103*>0,
662920041,4,,6629200*>0,
662920131,3,6629201*>1,,
662920132,3,6629201*>3,,
662920133,3,6629201*>5,,
662920134,3,6629201*>7,,
662920135,3,6629201*>3,,
662920136,3,6629201*>7,,
662920141,4,,6629201*>0,
662920241,4,,6629202*>0,
662920341,4,,6629203*>0,
662930041,4,,6629300*>0,
662930131,3,6629301*>1,,
662930132,3,6629301*>3,,
662930133,3,6629301*>5,,
662930134,3,6629301*>7,,
662930135,3,6629301*>3,,
662930136,3,6629301*>7,,
662930141,4,,6629301*>0,
662930241,4,,6629302*>0,
662930341,4,,6629303*>0,
662940131,3,6629401*>5,,
662940132,3,6629401*>8,,
662940133,3,6629401*>11,,
662990531,3,6629905*>0,,
662991031,3,6629910*>0,,
662991131,3,6629911*>0,,
662991231,3,6629912*>0,,
662991331,3,6629913*>0,,
662992031,3,6629920*>0,,
662992131,3,6629921*>0,,
662992231,3,6629922*>0,,
662992331,3,6629923*>0,,
662993031,3,6629930*>0,,
662993131,3,6629931*>0,,
662993231,3,6629932*>0,,
662993331,3,6629933*>0,,
662994131,3,6629941*>0,,
662994231,3,6629942*>0,,
662994331,3,6629943*>0,,
663000131,3,6630001*>0,,
663000231,3,6630002*>0,,
663000331,3,6630003*>0,,
663000431,3,6630004*>0,,
663000461,6,,,6630004*>0
663000531,3,6630005*>0,,
663000561,6,,,6630005*>0
663001931,3,6630019*>0,,
663002031,3,6630020*>0,,
665000231,3,6650002*>0,,
665000331,3,6650003*>0,,
665000531,3,6650005*>0,,
665000631,3,6650006*>0,,
665000731,3,6650007*>0,,
665000831,3,6650008*>0,,
665000931,3,6650009*>0,,
665001031,3,6650010*>0,,
665001131,3,6650011*>0,,
665001231,3,6650012*>0,,
665001331,3,6650013*>0,,
665001431,3,6650014*>0,,
665001531,3,6650015*>0,,
812030191,3,1010100*>0|1020101*>0|1020201*>0|1020301*>0|1020401*>0,,
812071690,3,8120716*==0,,
812071691,3,8120716*>0,,
812071790,3,8120717*==0,,
812071791,3,8120717*>0,,
812071890,3,8120718*==0,,
812071891,3,8120718*>0,,
903212001,3,1020101*>0|1020201*>0|1020301*>0|1020401*>0|1020701*>0|1010100*>0,,
903212002,3,1020101*==0|1020201*>0|1020301*>0|1020401*>0|1020701*>0|1010100*>0,,
903212003,3,1020101*>0|1020201*==0|1020301*>0|1020401*>0|1020701*>0|1010100*>0,,
903212004,3,1020101*>0|1020201*>0|1020301*==0|1020401*>0|1020701*>0|1010100*>0,,
903212005,3,1020101*>0|1020201*>0|1020301*>0|1020401*==0|1020701*>0|1010100*>0,,
903212006,3,1020101*>0|1020201*>0|1020301*>0|1020401*>0|1020701*==0|1010100*>0,,
903212007,3,1010201*==0|1010301*==0|1021001*>0|1021101*>0|1021201*>0|1010200*>0,,
903212008,3,1010201*==0|1010301*==0|1021001*>0|1021101*>0|1021301*>0|1010200*>0,,
903212009,3,1010201*==0|1010301*==0|1021001*>0|1021201*>0|1021301*>0|1010200*>0,,
903212010,3,1010201*==0|1010301*==0|1021001*>0|1021101*>0|1021201*>0|1010300*>0,,
903212011,3,1010201*==0|1010301*==0|1021001*>0|1021101*>0|1021301*>0|1010300*>0,,
903212012,3,1010201*==0|1010301*==0|1021001*>0|1021201*>0|1021301*>0|1010300*>0,,
903212013,3,1010201*==0|1010301*==0|1021001*==0|1021101*==0|1021201*>0|1021301*>0|1010200*>0,,
903212014,3,1010201*==0|1010301*==0|1021001*==0|1021101*>0|1021201*==0|1021301*>0|1010200*>0,,
903212015,3,1010201*==0|1010301*==0|1021001*==0|1021101*>0|1021201*>0|1021301*==0|1010200*>0,,
903212016,3,1010201*==0|1010301*==0|1021001*==0|1021101*==0|1021201*>0|1021301*>0|1010300*>0,,
903212017,3,1010201*==0|1010301*==0|1021001*==0|1021101*>0|1021201*==0|1021301*>0|1010300*>0,,
903212018,3,1010201*==0|1010301*==0|1021001*==0|1021101*>0|1021201*>0|1021301*==0|1010300*>0,,
903212019,3,1010201*==0|1010301*==0|1021201*>0|1021001*>0|1021101*>0|1021301*>0|1010200*>0,,
903212020,3,1010201*==0|1010301*==0|1021201*>0|1021001*==0|1021101*>0|1021301*>0|1010200*>0,,
903212021,3,1010201*==0|1010301*==0|1021201*>0|1021001*==0|1021101*==0|1021301*>0|1010200*>0,,
903212022,3,1010201*==0|1010301*==0|1021201*>0|1021001*==0|1021101*>0|1021301*==0|1010200*>0,,
903212023,3,1010201*==0|1010301*==0|1021201*>0|1021001*>0|1021101*==0|1021301*>0|1010200*>0,,
903212024,3,1010201*==0|1010301*==0|1021201*>0|1021001*>0|1021101*==0|1021301*==0|1010200*>0,,
903212025,3,1010201*==0|1010301*==0|1021201*>0|1021001*>0|1021101*>0|1021301*==0|1010200*>0,,
903212026,3,1010201*==0|1010301*==0|1021201*>0|1021001*>0|1021101*>0|1021301*>0|1010300*>0,,
903212027,3,1010201*==0|1010301*==0|1021201*>0|1021001*==0|1021101*>0|1021301*>0|1010300*>0,,
903212028,3,1010201*==0|1010301*==0|1021201*>0|1021001*==0|1021101*==0|1021301*>0|1010300*>0,,
903212029,3,1010201*==0|1010301*==0|1021201*>0|1021001*==0|1021101*>0|1021301*==0|1010300*>0,,
903212030,3,1010201*==0|1010301*==0|1021201*>0|1021001*>0|1021101*==0|1021301*>0|1010300*>0,,
903212031,3,1010201*==0|1010301*==0|1021201*>0|1021001*>0|1021101*==0|1021301*==0|1010300*>0,,
903212032,3,1010201*==0|1010301*==0|1021201*>0|1021001*>0|1021101*>0|1021301*==0|1010300*>0,,
903212033,3,1010201*==0|1010301*==0|1010200*>0|1021001*>0|1021101*==0|1021201*==0|1021301*==0,,
903212034,3,1010201*==0|1010301*==0|1010200*>0|1021001*==0|1021101*>0|1021201*==0|1021301*==0,,
903212035,3,1010201*==0|1010301*==0|1010200*>0|1021001*==0|1021101*==0|1021201*>0|1021301*==0,,
903212036,3,1010201*==0|1010301*==0|1010200*>0|1021001*==0|1021101*==0|1021201*==0|1021301*>0,,
903212037,3,1010201*==0|1010301*==0|1010300*>0|1021001*>0|1021101*==0|1021201*==0|1021301*==0,,
903212038,3,1010201*==0|1010301*==0|1010300*>0|1021001*==0|1021101*>0|1021201*==0|1021301*==0,,
903212039,3,1010201*==0|1010301*==0|1010300*>0|1021001*==0|1021101*==0|1021201*>0|1021301*==0,,
903212040,3,1010201*==0|1010301*==0|1010300*>0|1021001*==0|1021101*==0|1021201*==0|1021301*>0,,
903212041,3,1010201*==0|1010301*==0|1010200*>0|1021001*>0|1021101*==0|1021201*==0|1021301*>0,,
903212042,3,1010201*==0|1010301*==0|1010200*>0|1021001*==0|1021101*>0|1021201*==0|1021301*>0,,
903212043,3,1010201*==0|1010301*==0|1010200*>0|1021001*==0|1021101*==0|1021201*>0|1021301*>0,,
903212044,3,1010201*==0|1010301*==0|1010200*>0|1021001*==0|1021101*>0|1021201*>0|1021301*>0,,
903212045,3,1010201*==0|1010301*==0|1010200*>0|1021001*>0|1021101*==0|1021201*>0|1021301*>0,,
903212046,3,1010201*==0|1010301*==0|1010200*>0|1021001*>0|1021101*>0|1021201*==0|1021301*>0,,
903212047,3,1010201*==0|1010301*==0|1010300*>0|1021001*>0|1021101*==0|1021201*==0|1021301*>0,,
903212048,3,1010201*==0|1010301*==0|1010300*>0|1021001*==0|1021101*>0|1021201*==0|1021301*>0,,
903212049,3,1010201*==0|1010301*==0|1010300*>0|1021001*==0|1021101*==0|1021201*>0|1021301*>0,,
903212050,3,1010201*==0|1010301*==0|1010300*>0|1021001*==0|1021101*>0|1021201*>0|1021301*>0,,
903212051,3,1010201*==0|1010301*==0|1010300*>0|1021001*>0|1021101*==0|1021201*>0|1021301*>0,,
903212052,3,1010201*==0|1010301*==0|1010300*>0|1021001*>0|1021101*>0|1021201*==0|1021301*>0,,
903212053,3,1010200*>0|1010201*==0|1021001*==0,,
903212054,3,1010200*>0|1010201*==0|1021101*==0,,
903212055,3,1010200*>0|1010201*==0|1021201*==0,,
903212056,3,1010200*>0|1010201*==0|1021301*==0,,
903212057,3,1010300*>0|1010301*==0|1021001*==0,,
903212058,3,1010300*>0|1010301*==0|1021101*==0,,
903212059,3,1010300*>0|1010301*==0|1021201*==0,,
903212060,3,1010300*>0|1010301*==0|1021301*==0,,
903212061,3,1010201*==0|1010301*==0|1021001*==0|1021101*>0|1021201*>0|1021301*>0|1010200*>0,,
903212062,3,1010201*==0|1010301*==0|1021001*==0|1021101*>0|1021201*>0|1021301*>0|1010300*>0,,
903212063,3,1010201*==0|1010301*==0|1021001*>0|1021100*>0|1021201*==0|1021301*==0,,
903215001,3,1000100*>0|1000300*>0,,
910000180,4,,9100001*==0,
910000181,4,,9100001*>0,
910000190,3,9100001*==0,,
910000191,3,9100001*>0,,
910000280,4,,9100002*==0,
910000281,4,,9100002*>0,
910000290,3,9100002*==0,,
910000291,3,9100002*>0,,
910000380,4,,9100003*==0,
910000381,4,,9100003*>0,
910000390,3,9100003*==0,,
910000391,3,9100003*>0,,
910000480,4,,9100004*==0,
910000481,4,,9100004*>0,
910000490,3,9100004*==0,,
910000491,3,9100004*>0,,
910000580,4,,9100005*==0,
910000581,4,,9100005*>0,
910000590,3,9100005*==0,,
910000591,3,9100005*>0,,
910000680,4,,9100006*==0,
910000681,4,,9100006*>0,
910000690,3,9100006*==0,,
910000691,3,9100006*>0,,
910000780,4,,9100007*==0,
910000781,4,,9100007*>0,
910000790,3,9100007*==0,,
910000791,3,9100007*>0,,
910000880,4,,9100008*==0,
910000881,4,,9100008*>0,
910000890,3,9100008*==0,,
910000891,3,9100008*>0,,
910000980,4,,9100009*==0,
910000981,4,,9100009*>0,
910000990,3,9100009*==0,,
910000991,3,9100009*>0,,
910001080,4,,9100010*==0,
910001081,4,,9100010*>0,
910001090,3,9100010*==0,,
910001091,3,9100010*>0,,
910001180,4,,9100011*==0,
910001181,4,,9100011*>0,
910001190,3,9100011*==0,,
910001191,3,9100011*>0,,
910001280,4,,9100012*==0,
910001281,4,,9100012*>0,
910001290,3,9100012*==0,,
910001291,3,9100012*>0,,
910001380,4,,9100013*==0,
910001381,4,,9100013*>0,
910001390,3,9100013*==0,,
910001391,3,9100013*>0,,
910001480,4,,9100014*==0,
910001481,4,,9100014*>0,
910001490,3,9100014*==0,,
910001491,3,9100014*>0,,
910001580,4,,9100015*==0,
910001581,4,,9100015*>0,
910001590,3,9100015*==0,,
910001591,3,9100015*>0,,
910001680,4,,9100016*==0,
910001681,4,,9100016*>0,
910001690,3,9100016*==0,,
910001691,3,9100016*>0,,
910001780,4,,9100017*==0,
910001781,4,,9100017*>0,
910001790,3,9100017*==0,,
910001791,3,9100017*>0,,
910001880,4,,9100018*==0,
910001881,4,,9100018*>0,
910001890,3,9100018*==0,,
910001891,3,9100018*>0,,
910001980,4,,9100019*==0,
910001981,4,,9100019*>0,
910001990,3,9100019*==0,,
910001991,3,9100019*>0,,
910002080,4,,9100020*==0,
910002081,4,,9100020*>0,
910002090,3,9100020*==0,,
910002091,3,9100020*>0,,
910002180,4,,9100021*==0,
910002181,4,,9100021*>0,
910002190,3,9100021*==0,,
910002191,3,9100021*>0,,
910002280,4,,9100022*==0,
910002281,4,,9100022*>0,
910002290,3,9100022*==0,,
910002291,3,9100022*>0,,
910002380,4,,9100023*==0,
910002381,4,,9100023*>0,
910002390,3,9100023*==0,,
910002391,3,9100023*>0,,
910002480,4,,9100024*==0,
910002481,4,,9100024*>0,
910002490,3,9100024*==0,,
910002491,3,9100024*>0,,
910002580,4,,9100025*==0,
910002581,4,,9100025*>0,
910002590,3,9100025*==0,,
910002591,3,9100025*>0,,
910002680,4,,9100026*==0,
910002681,4,,9100026*>0,
910002690,3,9100026*==0,,
910002691,3,9100026*>0,,
910002780,4,,9100027*==0,
910002781,4,,9100027*>0,
910002790,3,9100027*==0,,
910002791,3,9100027*>0,,
910002880,4,,9100028*==0,
910002881,4,,9100028*>0,
910002890,3,9100028*==0,,
910002891,3,9100028*>0,,
910002980,4,,9100029*==0,
910002981,4,,9100029*>0,
910002990,3,9100029*==0,,
910002991,3,9100029*>0,,
910003080,4,,9100030*==0,
910003081,4,,9100030*>0,
910003090,3,9100030*==0,,
910003091,3,9100030*>0,,
910003180,4,,9100031*==0,
910003181,4,,9100031*>0,
910003190,3,9100031*==0,,
910003191,3,9100031*>0,,
910003280,4,,9100032*==0,
910003281,4,,9100032*>0,
910003290,3,9100032*==0,,
910003291,3,9100032*>0,,
910003380,4,,9100033*==0,
910003381,4,,9100033*>0,
910003390,3,9100033*==0,,
910003391,3,9100033*>0,,
910003480,4,,9100034*==0,
910003481,4,,9100034*>0,
910003490,3,9100034*==0,,
910003491,3,9100034*>0,,
910003580,4,,9100035*==0,
910003581,4,,9100035*>0,
910003590,3,9100035*==0,,
910003591,3,9100035*>0,,
910003680,4,,9100036*==0,
910003681,4,,9100036*>0,
910003690,3,9100036*==0,,
910003691,3,9100036*>0,,
910003780,4,,9100037*==0,
910003781,4,,9100037*>0,
910003790,3,9100037*==0,,
910003791,3,9100037*>0,,
910003880,4,,9100038*==0,
910003881,4,,9100038*>0,
910003890,3,9100038*==0,,
910003891,3,9100038*>0,,
910003980,4,,9100039*==0,
910003981,4,,9100039*>0,
910003990,3,9100039*==0,,
910003991,3,9100039*>0,,
910004080,4,,9100040*==0,
910004081,4,,9100040*>0,
910004090,3,9100040*==0,,
910004091,3,9100040*>0,,
910004180,4,,9100041*==0,
910004181,4,,9100041*>0,
910004190,3,9100041*==0,,
910004191,3,9100041*>0,,
910004280,4,,9100042*==0,
910004281,4,,9100042*>0,
910004290,3,9100042*==0,,
910004291,3,9100042*>0,,
910004380,4,,9100043*==0,
910004381,4,,9100043*>0,
910004390,3,9100043*==0,,
910004391,3,9100043*>0,,
910004480,4,,9100044*==0,
910004481,4,,9100044*>0,
910004490,3,9100044*==0,,
910004491,3,9100044*>0,,
910004580,4,,9100045*==0,
910004581,4,,9100045*>0,
910004590,3,9100045*==0,,
910004591,3,9100045*>0,,
910004680,4,,9100046*==0,
910004681,4,,9100046*>0,
910004690,3,9100046*==0,,
910004691,3,9100046*>0,,
910004780,4,,9100047*==0,
910004781,4,,9100047*>0,
910004790,3,9100047*==0,,
910004791,3,9100047*>0,,
910004880,4,,9100048*==0,
910004881,4,,9100048*>0,
910004890,3,9100048*==0,,
910004891,3,9100048*>0,,
910004980,4,,9100049*==0,
910004981,4,,9100049*>0,
910004990,3,9100049*==0,,
910004991,3,9100049*>0,,
910005080,4,,9100050*==0,
910005081,4,,9100050*>0,
910005090,3,9100050*==0,,
910005091,3,9100050*>0,,
910005180,4,,9100051*==0,
910005181,4,,9100051*>0,
910005190,3,9100051*==0,,
910005191,3,9100051*>0,,
910005280,4,,9100052*==0,
910005281,4,,9100052*>0,
910005290,3,9100052*==0,,
910005291,3,9100052*>0,,
910005380,4,,9100053*==0,
910005381,4,,9100053*>0,
910005390,3,9100053*==0,,
910005391,3,9100053*>0,,
910005480,4,,9100054*==0,
910005481,4,,9100054*>0,
910005490,3,9100054*==0,,
910005491,3,9100054*>0,,
910005580,4,,9100055*==0,
910005581,4,,9100055*>0,
910005590,3,9100055*==0,,
910005591,3,9100055*>0,,
910005680,4,,9100056*==0,
910005681,4,,9100056*>0,
910005690,3,9100056*==0,,
910005691,3,9100056*>0,,
910005780,4,,9100057*==0,
910005781,4,,9100057*>0,
910005790,3,9100057*==0,,
910005791,3,9100057*>0,,
910005880,4,,9100058*==0,
910005881,4,,9100058*>0,
910005890,3,9100058*==0,,
910005891,3,9100058*>0,,
910005980,4,,9100059*==0,
910005981,4,,9100059*>0,
910005990,3,9100059*==0,,
910005991,3,9100059*>0,,
910006080,4,,9100060*==0,
910006081,4,,9100060*>0,
910006090,3,9100060*==0,,
910006091,3,9100060*>0,,
913050390,3,9130503*==0,,
913050391,3,9130503*>0,,
913060191,3,1020101*>0|1020201*>0|1020301*>0,,
913060291,3,1020101*==0|1020201*==0|1020301*==0,,
913060391,3,1020101*==0|1020201*>0|1020301*>0,,
913060491,3,1020101*>0|1020201*==0|1020301*>0,,
913060591,3,1020101*>0|1020201*>0|1020301*==0,,
913060691,3,1020101*>0|1020201*==0|1020301*==0,,
913060791,3,1020101*==0|1020201*>0|1020301*==0,,
913060891,3,1020101*==0|1020201*==0|1020301*>0,,
913060991,3,9130604*>0,,
920000180,4,,9200001*==0,
920000181,4,,9200001*>0,
920000190,3,9200001*==0,,
920000191,3,9200001*>0,,
920000280,4,,9200002*==0,
920000281,4,,9200002*>0,
930000190,3,9300001*==0,,
930000191,3,9300001*>0,,
930000290,3,9300002*==0,,
930000291,3,9300002*>0,,
930000390,3,9300003*==0,,
930000391,3,9300003*>0,,
930000490,3,9300004*==0,,
930000491,3,9300004*>0,,
930000590,3,9300005*==0,,
930000591,3,9300005*>0,,
930000690,3,9300006*==0,,
930000691,3,9300006*>0,,
930000790,3,9300007*==0,,
930000791,3,9300007*>0,,
930000890,3,9300008*==0,,
930000891,3,9300008*>0,,
930000990,3,9300009*==0,,
930000991,3,9300009*>0,,
930001090,3,9300010*==0,,
930001091,3,9300010*>0,,
930001190,3,9300011*==0,,
930001191,3,9300011*>0,,
930001290,3,9300012*==0,,
930001291,3,9300012*>0,,
930001390,3,9300013*==0,,
930001391,3,9300013*>0,,
933210100,3,9332101*==0,,
933210101,3,9332101*>0,,
933210200,3,9332102*==0,,
933210201,3,9332102*>0,,
933210300,3,9332103*==0,,
933210301,3,9332103*>0,,
933210400,3,9332104*==0,,
933210401,3,9332104*>0,,
933210600,3,9332106*==0,,
933210601,3,9332106*>0,,
933210700,3,9332107*==0,,
933210701,3,9332107*>0,,
933210800,3,9332108*==0,,
933210801,3,9332108*>0,,
933210900,3,9332109*==0,,
933210901,3,9332109*>0,,
933211000,3,9332110*==0,,
933211001,3,9332110*>0,,
933211100,3,9332111*==0,,
933211101,3,9332111*>0,,
933211600,3,9332116*==0,,
933211601,3,9332116*>0,,
933300000,3,9333000*==0,,
933300001,3,9333000*>0,,
933300100,3,9333001*==0,,
933300101,3,9333001*>0,,
933301000,3,9333010*==0,,
933301001,3,9333010*>0,,
933301100,3,9333011*==0,,
933301101,3,9333011*>0,,
933320000,3,9333200*==0,,
933320001,3,9333200*>0,,
933320100,3,9333201*==0,,
933320101,3,9333201*>0,,
933321000,3,9333210*==0,,
933321001,3,9333210*>0,,
933321100,3,9333211*==0,,
933321101,3,9333211*>0,,
933322000,3,9333220*==0,,
933322001,3,9333220*>0,,
933322100,3,9333221*==0,,
933322101,3,9333221*>0,,
933323000,3,9333230*==0,,
933323001,3,9333230*>0,,
933323100,3,9333231*==0,,
933323101,3,9333231*>0,,
933324000,3,9333240*==0,,
933324001,3,9333240*>0,,
933324100,3,9333241*==0,,
933324101,3,9333241*>0,,
933360100,3,9333601*==0,,
933360101,3,9333601*>0,,
933360200,3,9333602*==0,,
933360201,3,9333602*>0,,
933360300,3,9333603*==0,,
933360301,3,9333603*>0,,
933360400,3,9333604*==0,,
933360401,3,9333604*>0,,
933530290,3,9335302*==0,,
933530291,3,9335302*>0,,
933610190,3,1010100*>0|1010101*==0|1010201*==0,,
933610191,3,1010200*>0|1010101*==0|1010201*==0,,
933900200,3,9333002*==0,,
933900201,3,9333002*>0,,
936170101,3,9361701*>0,,
936170201,3,9361702*>0,,
936170301,3,9361703*>0,,
936170401,3,9361704*>0,,
936170501,3,9361705*>0,,
936170601,3,9361706*>0,,
936170701,3,9361707*>0,,
936170801,3,9361708*>0,,
936171101,3,9361711*>0,,
936171201,3,9361712*>0,,
936171301,3,9361713*>0,,
936171401,3,9361714*>0,,
936171501,3,9361715*>0,,
936171601,3,9361716*>0,,
936171701,3,9361717*>0,,
936171801,3,9361718*>0,,
936171901,3,9361719*>0,,
936172001,3,9361720*>0,,
936172101,3,9361721*>0,,
936172201,3,9361722*>0,,
936173100,3,9361731*==0,,
936173101,3,9361731*>0,,
936173200,3,9361732*==0,,
936173201,3,9361732*>0,,
936173300,3,9361733*==0,,
936173301,3,9361733*>0,,
936173400,3,9361734*==0,,
936173401,3,9361734*>0,,
936173500,3,9361735*==0,,
936173501,3,9361735*>0,,
936173600,3,9361736*==0,,
936173601,3,9361736*>0,,
936173700,3,9361737*==0,,
936173701,3,9361737*>0,,
936173800,3,9361738*==0,,
936173801,3,9361738*>0,,
936173900,3,9361739*==0,,
936173901,3,9361739*>0,,
936174000,3,9361740*==0,,
936174001,3,9361740*>0,,
936174100,3,9361741*==0,,
936174101,3,9361741*>0,,
936174200,3,9361742*==0,,
936174201,3,9361742*>0,,
936175100,3,9361751*==0,,
936175101,3,9361751*>0,,
936175200,3,9361752*==0,,
936175201,3,9361752*>0,,
936175300,3,9361753*==0,,
936175301,3,9361753*>0,,
936175400,3,9361754*==0,,
936175401,3,9361754*>0,,
936175500,3,9361755*==0,,
936175501,3,9361755*>0,,
936175600,3,9361756*==0,,
936175601,3,9361756*>0,,
936175700,3,9361757*==0,,
936175701,3,9361757*>0,,
936175800,3,9361758*==0,,
936175801,3,9361758*>0,,
936175900,3,9361759*==0,,
936175901,3,9361759*>0,,
936176000,3,9361760*==0,,
936176001,3,9361760*>0,,
936176100,3,9361761*==0,,
936176101,3,9361761*>0,,
936176200,3,9361762*==0,,
936176201,3,9361762*>0,,
936180101,3,9361801*>0,,
936180201,3,9361804*>0,,
936180301,4,,1000006*>0,
936180302,2,,1000006*>0,
936180501,4,,1000006*==0,
936200101,3,9362001*>0,,
936200200,3,9362002*==0,,
936201001,3,9362010*>0,,
936201101,3,9362011*>0,,
936201201,3,9362012*>0,,
936203101,3,9362031*>0,,
936203201,3,9362032*>0,,
936340000,3,9363400*==0,,
936340101,3,9363401*>0,,
936340201,3,9363402*>0,,
936380191,3,1000100*>0|100300*==0|1000001*==0|1000068*>0,,
936380291,3,1000200*>0|100300*==0|1000001*==0|1000068*>0,,
936390001,3,1000100*>0|1000068*>0|1000001*==0|9300001*>0|9300002*==0,,
936390002,3,1000200*>0|1000068*>0|1000001*==0|9300001*>0|9300002*==0,,
936390003,3,1000100*>0|1000068*>0|1000001*==0|9300002*>0|9300001*==0,,
936390004,3,1000200*>0|1000068*>0|1000001*==0|9300002*>0|9300001*==0,,
936390005,3,1000100*>0|1000068*>0|1000001*==0|9300001*>0,,
936390006,3,1000200*>0|1000068*>0|1000001*==0|9300001*>0,,
936390007,3,1000100*>0|1000068*>0|1000001*==0|9300002*>0,,
936390008,3,1000200*>0|1000068*>0|1000001*==0|9300002*>0,,
936390190,3,9363901*==0,,
936390191,3,9363901*>0,,
936390290,3,9363902*==0,,
936390291,3,9363902*>0,,
937020101,3,9370201*>0,,
937021101,3,9370211*>0,,
937022100,3,9370221*==0,,
937022101,3,9370221*>0,,
937023100,3,9370231*==0,,
937023101,3,9370231*>0,,
937040101,3,9370401*>0,,
937041101,3,9370411*>0,,
937042100,3,9370421*==0,,
937042101,3,9370421*>0,,
937043100,3,9370431*==0,,
937043101,3,9370431*>0,,
937050101,3,9370501*>0,,
937050201,3,9370502*>0,,
937050301,3,9370503*>0,,
937050401,3,9370504*>0,,
937051101,3,9370511*>0,,
937051201,3,9370512*>0,,
937051301,3,9370513*>0,,
937051401,3,9370514*>0,,
937052100,3,9370521*==0,,
937052101,3,9370521*>0,,
937052200,3,9370522*==0,,
937052201,3,9370522*>0,,
937052300,3,9370523*==0,,
937052301,3,9370523*>0,,
937052400,3,9370524*==0,,
937052401,3,9370524*>0,,
937053100,3,9370531*==0,,
937053101,3,9370531*>0,,
937053200,3,9370532*==0,,
937053201,3,9370532*>0,,
937053300,3,9370533*==0,,
937053301,3,9370533*>0,,
937053400,3,9370534*==0,,
937053401,3,9370534*>0,,
937060101,3,9370601*>0,,
937060201,3,9370602*>0,,
937061001,3,9370610*>0,,
937061101,3,9370611*>0,,
937061201,3,9370612*>0,,
937062100,3,9370621*==0,,
937062101,3,9370621*>0,,
937062200,3,9370622*==0,,
937062201,3,9370622*>0,,
937062301,3,9370623*>0,,
937062401,3,9370624*>0,,
937063100,3,9370631*==0,,
937063101,3,9370631*>0,,
937063200,3,9370632*==0,,
937063201,3,9370632*>0,,
940000190,3,9400001*==0,,
940000191,3,9400001*>0,,
940000290,3,9400002*==0,,
940000291,3,9400002*>0,,
940000390,3,9400003*==0,,
940000391,3,9400003*>0,,
940000490,3,9400004*==0,,
940000491,3,9400004*>0,,
940000590,3,9400005*==0,,
940000591,3,9400005*>0,,
940000690,3,9400006*==0,,
940000691,3,9400006*>0,,
940000790,3,9400007*==0,,
940000791,3,9400007*>0,,
940000890,3,9400008*==0,,
940000891,3,9400008*>0,,
940000990,3,9400009*==0,,
940000991,3,9400009*>0,,
940001090,3,9400010*==0,,
940001091,3,9400010*>0,,
940001190,3,9400011*==0,,
940001191,3,9400011*>0,,
940001290,3,9400012*==0,,
940001291,3,9400012*>0,,
940001390,3,9400013*==0,,
940001391,3,9400013*>0,,
940001490,3,9400014*==0,,
940001491,3,9400014*>0,,
940001590,3,9400015*==0,,
940001591,3,9400015*>0,,
940001690,3,9400016*==0,,
940001691,3,9400016*>0,,
941020190,3,9410201*==0,,
941020191,3,9410201*>0,,
941021790,3,9410217*==0,,
941021791,3,9410217*>0,,
941021890,3,9410218*==0,,
941021891,3,9410218*>0,,
941021990,3,9410219*==0,,
941021991,3,9410219*>0,,
941022090,3,9410220*==0,,
941022091,3,9410220*>0,,
941033191,4,,9410331*>0|9410332*>0|9410333*>0,
941100001,3,1060200*>0|1020300*>0|1030400*==0,,
941100002,3,1060200*>0|1020300*>0|1040100*==0,,
941100003,3,1060200*>0|1020300*>0|1050100*==0,,
941100004,3,1060200*>0|1020400*>0|1030100*>0|1040200*==0,,
941100005,3,1060200*>0|1020400*>0|1030100*>0|1050100*==0,,
941100006,3,1060200*>0|1020400*>0|1030200*>0|1050300*==0,,
941100007,3,1060200*>0|1020400*>0|1030200*>0|1070100*==0,,
941100008,3,1060200*>0|1020400*>0|1030100*==0|1030200*==0,,
941100009,3,1060200*>0|1030300*>0|1020400*==0,,
941100010,3,1060200*>0|1030300*>0|1040100*==0,,
941100011,3,1060200*>0|1030300*>0|1050100*==0,,
941100012,3,1060200*>0|1030400*>0|1020100*==0,,
941100013,3,1060200*>0|1030400*>0|1040200*==0,,
941100014,3,1060200*>0|1030400*>0|1050100*==0,,
941100015,3,1060200*>0|1030100*>0|1020100*==0,,
941100016,3,1060200*>0|1030100*>0|1050300*==0,,
941100017,3,1060200*>0|1030100*>0|1070100*==0,,
941100018,3,1060200*>0|1040400*>0|1020400*==0,,
941100019,3,1060200*>0|1040400*>0|1030400*==0,,
941100020,3,1060200*>0|1040400*>0|1050100*==0,,
941100021,3,1060200*>0|1040100*>0|1020100*==0,,
941100022,3,1060200*>0|1040100*>0|1030100*==0,,
941100023,3,1060200*>0|1040100*>0|1050100*==0,,
941100024,3,1060200*>0|1050400*>0|1020400*>0|1030400*==0,,
941100025,3,1060200*>0|1050400*>0|1020400*>0|1040100*==0,,
941100026,3,1060200*>0|1050400*>0|1020100*>0|1030100*==0,,
941100027,3,1060200*>0|1050400*>0|1020100*>0|1040200*==0,,
941100028,3,1060200*>0|1050400*>0|1020100*==0|1020400*==0,,
941100029,3,1060200*>0|1050200*>0|1020100*==0,,
941100030,3,1060200*>0|1050200*>0|1030200*==0,,
941100031,3,1060200*>0|1050200*>0|1070100*==0,,
941100032,3,1060100*>0|1020100*==0|1020400*==0,,
941100033,3,1060100*>0|1020400*==0|1020100*>0|1030100*==0|1030200*==0,,
941100034,3,1060100*>0|1020400*==0|1020100*>0|1030100*==0|1030200*==0,,
941100035,3,1060100*>0|1020400*>0|1030400*==0,,
941100036,3,1060100*>0|1020400*>0|1040100*==0,,
941100037,3,1060100*>0|1020400*>0|1050100*==0,,
941100038,3,1060100*>0|1020100*>0|1030100*>0|1040200*==0,,
941100039,3,1060100*>0|1020100*>0|1030100*>0|1050100*==0,,
941100040,3,1060100*>0|1020100*>0|1030200*>0|1050300*==0,,
941100041,3,1060100*>0|1020100*>0|1030200*>0|1070100*==0,,
941100042,3,1060200*>0|1070200*>0|1020100*==0,,
941100043,3,1060200*>0|1070200*>0|1030200*==0,,
941100044,3,1060200*>0|1070200*>0|1050300*==0,,
941100045,3,1060100*>0,,
941100046,3,1060200*>0|1020300*>0|1030400*>0|1040100*>0|1050100*>0,,
941100047,3,1060200*>0|1020400*>0|1030100*>0|1040200*>0|1050100*>0,,
941100048,3,1060200*>0|1020400*>0|1030300*>0|1040100*>0|1050100*>0,,
941100049,3,1060200*>0|1020100*>0|1030400*>0|1040200*>0|1050100*>0,,
941100050,3,1060200*>0|1020100*>0|1030100*>0|1050300*>0|1070100*>0,,
941100051,3,1060200*>0|1020400*>0|1030400*>0|1040400*>0|1050100*>0,,
941100052,3,1060200*>0|1020100*>0|1030100*>0|1040100*>0|1050100*>0,,
941100053,3,1060200*>0|1020400*>0|1030400*>0|1040100*>0|1050400*>0,,
941100054,3,1060200*>0|1020100*>0|1030200*>0|1050200*>0|1070100*>0,,
941100055,3,1060100*>0|1020400*>0|1030400*>0|1040100*>0|1050100*>0,,
941100056,3,1060200*>0|1020100*>0|1030200*>0|1050300*>0|1070200*>0,,
941100057,3,1060100*>0|1020100*>0|1030100*>0|1040200*>0|1050100*>0,,
941100058,3,1060100*>0|1020100*>0|1030200*>0|1050300*>0|1070100*>0,,
941110190,3,1000800*==0|1000900*==0|1001000*==0|1010300*>0,,
941110191,3,1010101*==0|1010301*==0,,
941110192,3,1010201*==0|1010301*==0,,
941110193,3,1010101*>0|1010201*>0,,
941110194,3,1010101*>0|1010301*>0,,
941110195,3,1010201*>0|1010301*>0,,
941110196,3,1020100*==0|1020200*>0|1020600*>0|1020700*>0|1020800*==0,,
941110197,3,1020100*>0|1020300*>0|1020400*==0|1020500*==0|1020600*==0|1020700*>0,,
941110198,3,1020100*==0|1020200*==0|1020300*==0|1020400*>0|1020500*==0|1020600*==0|1020700*>0,,
949010191,3,9490101*>0,,
949010280,4,,9490102*==0,
949010281,4,,9490102*>0,
949010291,3,9490102*>0,,
949010380,4,,9490103*==0,
949010381,4,,9490103*>0,
949010490,3,9490102*==0,,
949020181,4,,9490201*>0,
949020491,3,9490204*>0,,
949020591,3,9490205*>0,,
950000190,3,9500001*==0,,
950000191,3,9500001*>0,,
952100081,4,,9521000*>0,
952140181,4,,9521401*>0,
955010180,4,,9550101*==0,
955010280,5,,,9550116*==0
958380191,4,,9583801*>0,
958380290,4,,9583802*==0,
958380391,4,,9583803*>0,
958380490,4,,9583804*==0,
958380691,4,,9583806*>0,
958400191,4,,9584001*>0,
958400291,4,,9584002*>0,
958420591,3,9584205*>0,,
958420790,3,9584207*==0,,
958420890,6,,,9587406*==0|9587405*==0
971300191,6,,,9713001*>0
972040181,4,,9720401*>0,
972040281,4,,9720402*>0,
972040290,3,9720402*==0,,
972040291,3,9720402*>0,,
972040390,3,9720403*==0,,
972040391,3,9720403*>0,,
972040472,3,9720404*<2,,
972040480,4,,9720404*==0,
972040481,4,,9720404*>0,
972040490,3,9720404*==0,,
972040492,3,9720404*>1,,
972040493,3,9720404*>2,,
972040580,4,,9720405*==0,
972040581,4,,9720405*>0,
974010180,4,,9740101*==0,
974010181,4,,9740101*>0,
974010680,4,,9740106*==0,
974010681,4,,9740106*>0,
974040290,3,9740402*==0,,
974040291,3,9740402*>0,,
974040292,3,9740402*>1,,
974070091,3,9740700*>0,,
974070392,3,9740703*>1,,
974070394,3,9740703*>3,,
974070891,5,,,9740705*>0
974070892,5,,,9740706*>0
974070893,5,,,9743605*>0
974070894,5,,,9743606*>0
974070895,5,,,9744105*>0
974070896,5,,,9744106*>0
974110791,6,,,9741102*>0
974110792,6,,,9741103*>0
974190290,3,9741902*==0,,
974190291,3,9741902*>0,,
974190390,3,9741903*==0,,
974190391,3,9741903*>0,,
974190480,4,,9741904*==0,
974190481,4,,9741904*>0,
974190780,4,,9741907*==0,
974190781,4,,9741907*>0,
974191180,4,,9741911*==0,
974191181,4,,9741911*>0,
974290161,6,,,9742901*>0
974290261,6,,,9742902*>0
974290361,6,,,9742903*>0
974450161,6,,,9744501*>0
974450261,6,,,9744502*>0
974450361,6,,,9744503*>0
974740161,6,,,9747401*>0
974740261,6,,,9747402*>0
974740361,6,,,9747403*>0
