id,content_ids
1,
2,
3,
4,
5,
6,
7,
8,
9,
10,
11,
12,
13,
14,
21,
22,
23,
24,
31,
32,
33,
34,
35,
36,
40,
50,
51,
52,
53,
54,
55,
56,
57,
58,
59,
60,
61,
62,
63,
64,
65,
66,
67,
68,
69,
70,
71,
72,
73,
74,
75,
76,
101,
102,
103,
104,
111,
112,
113,
114,
115,
116,
117,
118,
121,
122,
123,
124,
125,
126,
127,
128,
129,
130,
131,
132,
133,
134,
135,
136,
137,
138,
139,
140,
141,
142,
143,
144,
145,
146,
147,
148,
149,
150,
151,
152,
153,
154,
155,
156,
157,
158,
159,
160,
161,
162,
163,
164,
165,
166,
167,
168,
169,
170,
171,
172,
173,
174,
175,
176,
177,
178,
179,
180,
181,
182,
183,
184,
185,
186,
187,
188,
189,
190,
191,
192,
193,
194,
195,
196,
197,
198,
199,
200,
201,
202,
203,
204,
205,
206,
207,
208,
209,
210,
211,
212,
213,
214,
215,
216,
217,
218,
219,
220,
221,
222,
223,
224,
225,
226,
227,
228,
229,
230,
231,
232,
233,
234,
235,
236,
237,
238,
239,
240,
241,
242,
243,
244,
245,
246,
247,
248,
249,
250,
251,
252,
253,
254,
255,
256,
257,
258,
259,
260,
261,
262,
263,
264,
265,
266,
267,
268,
269,
270,
271,
272,
273,
274,
275,
276,
277,
278,
279,
280,
281,
282,
283,
284,
285,
286,
287,
288,
289,
290,
291,
292,
293,
294,
295,
296,
297,
298,
299,
300,
301,
302,
303,
304,
305,
306,
307,
308,
309,
310,
311,
312,
313,
314,
315,
316,
317,
318,
319,
320,
321,
322,
323,
324,
325,
326,
327,
328,
329,
330,
331,
332,
333,
334,
335,
336,
337,
338,
339,
340,
341,
342,
343,
344,
345,
346,
347,
348,
349,
350,
351,
352,
353,
354,
355,
356,
357,
358,
359,
360,
361,
362,
363,
364,
365,
366,
367,
368,
369,
370,
371,
372,
373,
374,
375,
376,
377,
378,
379,
380,
381,
382,
383,
384,
385,
386,
387,
388,
389,
390,
391,
392,
393,
394,
395,
396,
397,
398,
399,
400,
401,
402,
403,
404,
405,
406,
407,
408,
409,
410,
411,
412,
413,
414,
415,
416,
417,
418,
419,
420,
421,
422,
423,
424,
425,
426,
427,
428,
429,
430,
431,
432,
433,
434,
435,
436,
437,
438,
439,
440,
441,
442,
443,
444,
445,
446,
447,
448,
449,
450,
451,
452,
453,
454,
455,
456,
457,
458,
459,
460,
461,
462,
463,
464,
465,
466,
467,
468,
469,
470,
471,
472,
473,
474,
475,
476,
477,
478,
479,
480,
481,
482,
483,
484,
485,
486,
487,
488,
489,
490,
491,
492,
493,
494,
495,
496,
497,
498,
499,
500,
501,
502,
503,
504,
505,
506,
507,
508,
509,
510,
511,
512,
513,
514,
515,
516,
517,
518,
519,
520,
521,
522,
523,
524,
525,
526,
527,
528,
529,
530,
531,
532,
533,
534,
535,
536,
537,
538,
539,
540,
541,
542,
543,
544,
545,
546,
547,
548,
549,
550,
551,
552,
553,
554,
555,
556,
557,
558,
559,
560,
561,
562,
563,
564,
565,
566,
567,
568,
569,
570,
571,
572,
573,
574,
575,
576,
577,
578,
579,
580,
581,
582,
583,
584,
585,
586,
587,
588,
589,
590,
591,
592,
593,
594,
595,
596,
597,
598,
599,
600,
601,
602,
603,
604,
605,
606,
607,
608,
609,
610,
611,
612,
613,
614,
615,
616,
617,
618,
619,
620,
621,
622,
623,
624,
625,
626,
627,
628,
629,
630,
631,
632,
633,
634,
635,
636,
637,
638,
639,
640,
641,
642,
643,
644,
645,
646,
647,
648,
649,
650,
651,
652,
653,
654,
655,
656,
657,
658,
659,
660,
661,
662,
663,
664,
665,
666,
667,
668,
669,
670,
671,
672,
673,
674,
675,
676,
677,
678,
679,
680,
681,
682,
683,
684,
685,
686,
687,
688,
689,
690,
691,
692,
693,
694,
695,
696,
697,
698,
699,
700,
701,
702,
703,
704,
705,
706,
707,
708,
709,
710,
711,
712,
713,
714,
715,
716,
717,
718,
719,
720,
721,
722,
723,
724,
725,
726,
727,
728,
729,
730,
731,
732,
733,
734,
735,
736,
737,
738,
739,
740,
741,
742,
743,
744,
745,
746,
747,
748,
749,
750,
751,
752,
753,
754,
755,
756,
757,
758,
759,
760,
761,
762,
763,
764,
765,
766,
767,
768,
769,
770,
771,
772,
773,
774,
775,
776,
777,
778,
779,
780,
781,
782,
783,
784,
785,
786,
787,
788,
789,
790,
791,
792,
793,
794,
795,
796,
797,
798,
799,
800,
801,
802,
803,
804,
805,
806,
807,
808,
809,
810,
811,
812,
813,
814,
815,
816,
817,
818,
819,
820,
821,
822,
823,
824,
825,
826,
827,
828,
829,
830,
831,
832,
833,
834,
835,
836,
837,
838,
839,
840,
841,
842,
843,
844,
845,
846,
847,
848,
849,
850,
851,
852,
853,
854,
855,
856,
857,
858,
859,
860,
861,
862,
863,
864,
865,
866,
867,
868,
869,
870,
871,
872,
873,
874,
875,
876,
877,
878,
879,
880,
881,
882,
883,
884,
885,
886,
887,
888,
889,
890,
891,
892,
893,
894,
895,
896,
897,
898,
899,
900,
901,
902,
903,
904,
905,
906,
907,
908,
909,
910,
911,
912,
913,
914,
915,
916,
917,
918,
919,
920,
921,
922,
923,
924,
925,
926,
927,
928,
929,
930,
931,
932,
933,
934,
935,
936,
937,
938,
939,
940,
941,
942,
943,
944,
945,1|2|3|4|5|6|7|8|9
946,10|11|12|13|14|15|16|17
947,
948,
949,
950,
951,
952,
953,
954,
955,
956,
957,
958,
959,
960,
961,
962,
963,
964,
965,
966,
967,
968,
969,
970,
971,
972,
973,
974,
975,
976,
977,
978,
979,
980,
981,
982,
983,
984,
985,
986,
987,
988,
989,
990,
991,
992,
993,
994,
995,
996,
997,
998,
999,
1000,
1001,
1002,
1003,
1004,
1005,18|19|20|21|22|23|24|25
1006,
1007,
1008,
1009,
1010,
1011,
1012,
1013,
1014,
1015,
1016,
1017,26|27|28|29|30|31|32|33
1018,
1019,
1020,
1021,
1022,
1023,
1024,
1025,
1026,
1027,
1028,
1029,
1030,
1031,
1032,34|35|36|37|38|39|40|41
1033,
1034,
1035,
1036,
1037,
1038,
1039,
1040,
1041,
1042,42|43|44|45|46|47|48|49
1043,
1044,
1045,
1046,
1047,
1048,
1049,
1050,
1051,
1052,
1053,
1054,
1055,50|51|52|53|54|55|56|57|58|59|60|61|62|63|64|65|66|67|68|69|70|71|72|73|74|75|76|77|78|79|80|81|82|83|84|85|86|87|88|89|90|91|92|93|94|95|96|97|98|99|100|101|102|103|104|105|106|107|108|109|110|111|112|113|114|115|116|117|118|119|120|121|122|123|124|125|126|127|128|129|130|131|132|133|134|135|136|137|138|139|140|141|142|143|144|145|146|147|148|149|150|151|152|153|154|155|156|157|158|159|160|161|162|163|164|165|166|167|168|169|170|171|172|173|174|175|176|177|178|179|180|181|182|183|184|185|186|187|188|189|190|191|192|193|194|195|196|197|198|199|200|201|202|203|204|205|206|207|208|209|210|211|212|213|214|215|216|217|218|219
1056,220|221|222|223|224|225|226|227|228|229|230|231|232|233|234|235|236|237|238|239|240|241|242|243|244|245|246|247|248|249|250|251|252|253|254|255|256|257|258|259|260|261|262|263|264|265|266|267|268|269|270|271|272|273|274|275|276|277|278|279|280|281|282|283|284|285|286|287|288|289|290|291|292|293|294|295|296|297|298|299|300|301|302|303|304|305|306|307|308|309|310|311|312|313|314|315|316|317|318|319|320|321|322|323|324|325|326|327|328|329|330|331|332|333|334|335|336|337|338|339|340|341|342|343|344|345|346|347|348|349|350|351|352|353|354|355|356|357|358|359|360|361|362|363|364|365|366|367|368|369|370|371|372|373|374|375|376|377|378|379|380|381|382|383|384|385|386|387|388|389|390|391|392|393|394|395|396|397|398|399|400|401|402|403|404|405|406|407|408|409|410|411|412|413|414|415|416|417|418|419|420|421|422|423|424|425|426|427|428|429|430|431|432|433|434|435|436|437|438|439|440|441|442|443|444|445|446|447|448|449
1057,450|451|452|453|454|455|456|457|458|459|460|461|462|463|464|465|466|467|468|469|470|471|472|473|474|475|476|477|478|479|480|481|482|483|484|485|486|487|488|489|490|491|492|493|494|495|496|497|498|499|500|501|502|503|504|505|506|507|508|509|510
1058,
1059,
1060,
1061,
1062,
1063,
1064,
1065,
1066,
1067,
1068,
1069,
1070,
1071,
1072,
1073,
1074,
1075,
1076,
1077,
1078,
1079,
1080,
1081,
1082,
1083,
1084,
1085,
1086,
1087,
1088,
1089,
1090,
1091,
1092,
1093,
1094,
1095,
1096,
1097,
1098,
1099,
1100,
1101,
1102,
1103,
1104,
1105,
1106,
1107,
1108,
1109,
1110,511|512|513|514|515|516|517|518
1111,
1112,
1113,
1114,
1115,
1116,
1117,
1118,
1119,
1120,519|520|521|522|523|524|525|526
1121,
1122,
1123,
1124,
1125,
1126,
1127,
1128,
1129,
1130,
1131,
1132,
1133,
1134,
1135,
1136,
1137,
1138,
1139,
1140,
1141,
1142,
1143,
1144,
1145,
1146,
1147,
1148,
1149,
1150,
1151,
1152,
1153,
1154,
1155,
1156,
1157,
1158,
1159,
1160,
1161,
1162,
1163,
1164,
1165,
1166,
1167,
1168,
1169,
1170,
1171,
1172,
1173,
1174,
1175,
1176,
1177,
1178,
1179,
1180,
1181,
1182,
1183,527|528|529|530|531|532|533|534
1184,
1185,
1186,
1187,
1188,
1189,
1190,
1191,
1192,
1193,
1194,
1195,
1196,
1197,
1198,
1199,
1200,
1201,
1202,535|536|537|538|539
1203,540|541|542|543|544|545|546|547|548
1204,549|550|551|552|553|554|555|556|557
1205,558|559|560|561|562|563|564|565|566|567|568|569|570|571
1206,572|573|574|575|576|577|578|579|580|581|582|583|584|585|586|587
1207,588|589|590|591|592|593|594|595|596|597|598|599|600
1208,
1209,
1210,
1211,
1212,601|602|603|604|605|606|607|608
1213,
1214,
1215,
1216,
1217,
1218,
1219,
1220,
1221,
1222,
1223,
1224,
1225,
1226,
1227,
1228,
1229,
1230,
1231,
1232,
1233,
1234,
1235,
1236,
1237,
1238,
1239,
1240,
1241,
1242,
1243,
1244,
1245,
1246,
1247,
1248,
1249,
1250,
1251,
1252,
1253,
1254,
1255,
1256,
1257,
1258,
1259,
1260,
1261,
1262,
1263,609|610|611|612|613|614|615|616
1264,
1265,
1266,
1267,
1268,
1269,
1270,
1271,
1272,
1273,
1274,
1275,
1276,
1277,
1278,
1279,
1280,
1281,
2001,
2002,
2003,
2004,
2005,
2006,
2007,
2008,
2009,
2010,
2011,
2012,
2013,
2014,
2015,
2016,
2017,
2018,
2019,
2020,
2021,
2022,
2023,
2024,
2025,
2026,
2027,
2028,
2029,
2030,
2031,
2032,
2033,
2034,
2035,
2036,
2037,
2038,
2039,
2040,
2041,
2042,
2043,
2044,625|626|627|628|629|630|631|632
2045,
2046,
2047,
2048,
2049,
2050,
2051,
2052,
2053,
2054,
2055,
2056,
2057,
2058,
2059,
2060,
2061,
2062,
2063,633|634|635|636|637|638|639|640
2064,
2065,
2066,
2067,
2068,
2069,
2070,
2071,
2072,
2073,
2074,
2075,
2076,
2077,
2078,
2079,
2080,
2081,
2082,
2083,
2084,
2085,
2086,
2087,
2088,
2089,
2090,
2091,
2092,
2093,
2094,
2095,
2096,
2097,
2098,
2099,
2100,
2101,
2102,
2103,
2104,
2105,
2106,
2107,
2108,
2109,
2110,
2111,
2112,
2113,
2114,
2115,
2116,
2117,
2118,
2119,
2120,
2121,
2122,
2123,
2124,
2125,
2126,
2127,
2128,
2129,
2130,
2131,
2132,
2133,
2134,641|642|643|644|645|646|647|648
2141,
2142,
2143,
2144,
2145,
2146,
2147,
2148,
2149,
2150,
2151,
2152,
2153,
2154,
2155,
2156,
2157,
2158,
2159,
2160,
2161,
2162,
2163,
2164,
2165,
2166,
2167,
2168,649|650|651|652|653|654|655|656
2169,
2170,
2171,
2172,
2173,
2174,
2175,
2176,
2177,
2178,
2179,
2180,
2181,
2182,
2183,
2184,
2185,
2186,
2187,657|658|659|660|661|662|663|664
2188,
2189,
2190,
2191,
2192,
2193,
2194,
2195,
2196,
2197,
2198,
2199,
2200,
2201,
2202,
2203,
2204,
2205,
2206,
2207,
2208,
2209,
2210,
2211,
2212,
2213,
2214,
2215,
2216,
2217,
2218,
2219,
2220,
2221,
2222,
2223,
2224,
2225,
2226,
2227,
2228,
2229,
2230,
2231,
2232,
2233,
2234,
2235,
2236,
2237,
2238,
2239,
2240,
2241,
2242,665|666|667|668|669|670|671|672
2243,
2244,
2245,
2246,
2247,
2248,
2249,
2250,
2251,
2252,
2253,
2254,
2255,
2256,
2257,
2258,
2259,
2260,
2261,
2262,
2263,
2264,900001|900002|900003|900004|900005|900006|900007|900008|900009|900010|900011|900012|900013|900014|900015|900016|900017|900018|900019|900020|900021|900022|900023|900024|900025|900026|900027|900028|900029|900030|900031|900032|900033|900034|900035|900036|900037|900038|900039|900040|900041|900042|900043|900044|900045|900046|900047|900048|900049|900050|900051|900052|900053|900054|900055|900056|900057|900058|900059|900060|900061|900062|900063|900064|900065|900066|900067|900068|900069|900070|900071|900072|900073|900074|900075|900076|900077|900078|900079|900080|900081|900082|900083|900084|900085|900086|900087|900088|900089|900090|900091|900092|900093|900094|900095|900096|900097|900098|900099|900100|900101|900102|900103|900104|900105|900106|900107|900108|900109|900110|900111|900112|900113|900114|900115|900116|900117|900118|900119|900120|900121|900122|900123|900124|900125|900126|900127|900128|900129|900130|900131|900132|900133|900134|900135|900136|900137|900138|900139|900140|900141|900142|900143|900144|900145|900146|900147|900148|900149|900150|900151|900152|900153|900154|900155|900156|900157|900158|900159|900160|900161|900162|900163|900164|900165|900166|900167|900168|900169|900170|900171|900172|900173|900174|900175|900176|900177|900178|900179|900180|900181|900182|900183|900184|900185|900186|900187|900188|900189|900190|900191|900192|900193|900194|900195|900196|900197|900198|900199|900200|900201|900202|900203|900204|900550|900551|900552|900553|900554
2265,900205|900206|900207|900209|900210|900211|900212|900213|900214|900215|900216|900217|900218|900219|900220|900221|900222|900223|900224|900225|900226|900227|900228|900229|900230|900231|900232|900233|900235|900236|900237|900238|900239|900240|900241|900242|900243|900244|900246|900247|900248|900249|900250|900251|900252|900253|900254|900255|900256|900257|900258|900259|900260|900261|900262|900263|900264|900265|900266|900267|900268|900269|900270|900271|900272|900273|900274|900275|900276|900277|900278|900279|900280|900281|900282|900283|900284|900285|900286|900287|900288|900289|900290|900291|900292|900293|900294|900295|900296|900297|900298|900299|900300|900301|900302|900303|900304|900305|900306|900307|900308|900309|900310|900311|900312|900313|900314|900315|900316|900317|900318|900319|900320|900321|900322|900323|900324|900325|900326|900327|900328|900329|900330|900331|900332|900333|900334|900335|900336|900337|900338|900339|900340|900341|900342|900343|900344|900345|900346|900347|900348|900349|900350|900351|900352|900353|900354|900355|900356|900357|900358|900359|900360|900361|900362|900363|900364|900365|900366|900367|900368|900369|900370|900371|900372|900373|900374|900375|900376|900377|900378|900379|900380|900381|900382|900383|900384|900385|900386|900387|900388|900389|900390|900391|900392|900393|900394|900395|900396|900397|900398|900399|900400|900401|900402|900403|900404|900405|900406|900407|900408|900409|900410|900411|900412|900413|900414|900415|900416|900417|900418|900419|900420|900421|900422|900423|900424|900425|900426|900427|900428|900429|900430|900431|900432|900433|900434|900435|900436|900437|900438|900439|900440|900441|900442|900443|900444|900445|900446|900447|900448|900449|900450|900451|900452|900453|900454|900455|900456|900457|900458|900459|900460|900461|900462|900463|900464|900465|900466|900467|900468|900469|900470|900471|900472|900473|900474|900475|900476
2266,900477|900478|900479|900480|900481|900482|900483|900484|900485|900486|900487|900488|900489|900490|900491|900492|900493|900494|900495|900496|900497|900498|900499|900500|900501|900502|900503|900504|900505|900506|900507|900508|900509|900510|900511|900512|900513|900514|900515|900516|900517|900518|900519|900520|900521|900522|900523|900524|900525|900526|900527|900528|900529|900530|900531|900532|900533|900534|900535|900536|900537|900538|900539|900540|900541|900542|900543|900544|900545|900546|900547|900548|900549
2267,
2268,
2269,
2270,
2271,
2272,
2273,
2274,
2275,
2276,
2277,
2278,
2279,
2280,
2281,
2282,
2283,
2284,
2285,673|674|675|676|677|678|679|680
2286,
2287,
2288,
2289,
2290,
2291,
2292,
2293,
2294,
2295,
2296,
2297,
2298,
2299,
2300,
2301,
2302,
2303,
2304,681|682|683|684|685|686|687|688
2305,
2306,
2307,
2308,
2309,
2310,
2311,
2312,
2313,
2314,
2315,
2316,
2317,
2318,
2319,
2320,
2321,
2322,
2323,
2324,900555|900556|900557
2325,900558|900559|900560|900561|900562
2326,900563|900564
2327,689|690|691|692|693|694|695|696
2328,
2329,
2330,
2331,
2332,
2333,
2334,
2335,
2336,
2337,
2338,
2339,
2340,
2341,
2342,
2343,
2344,
2345,
2346,
2347,
2348,
2349,
2350,
2351,
2352,
2353,
2354,
2355,
2356,
2357,
2358,
2359,
2360,
2361,
2362,
2363,
2364,
2365,
2366,
2367,
2368,
2369,
2370,900565|900566|900567|900568|900569|900570|900571|900572|900573|900574|900575|900576|900577|900578|900579
2371,900580|900581|900582|900583|900584|900585|900586|900587|900588|900589|900590
2372,900591|900592|900593|900594|900595|900596
2373,697|698|699|700|701|702|703|704
2374,
2375,
2376,
2377,
2378,
2379,
2380,
2381,
2382,
2383,
2384,
2385,
2386,
2387,
2388,
2389,
2390,
2391,
2392,
2393,
2394,
2395,
2396,
2397,
2398,
2399,900597|900598|900599|900600|900601|900602|900603|900604|900605|900606
2400,900607|900608|900609|900610|900611|900612|900613|900614|900615|900616|900617
2401,900618|900619|900620|900621
2402,
2403,
2404,
2405,
2406,
2407,
2408,
2409,
2410,
2411,
2412,
2413,
2414,
2415,
2416,
2417,
2418,
2419,
2420,
2421,
2422,705|706|707|708|709|710|711|712
2423,
2424,
2425,
2426,
2427,
2428,
2429,
2430,
2431,
2432,
2433,
2434,
2435,
2436,
2437,
2438,
2439,
2440,
2441,
2442,
2443,1900001|1900002|1900003
2444,1900004|1900005|1900006|1900007|1900008|1900009|1900010
2445,1900011|1900012|1900013
2446,713|714|715|716|717|718|719|720
2447,
2448,
2449,
2450,
2451,
2452,
2453,
2454,
2455,
2456,
2457,
2458,
2459,
2460,
2461,
2462,
2463,
2464,
2465,
2466,
2467,
2468,
2469,
2470,
2471,
2472,
2473,
2474,
2475,721|722|723|724|725|726|727|728
2476,
2477,
2478,
2479,
2480,
2481,
2482,
2483,
2484,
2485,
2486,
2487,
2488,
2489,
2490,
2491,
2492,
2493,
2494,
2495,
2496,
2497,
2498,
2499,1900014|1900015|1900016
2500,1900017|1900018|1900019|1900020|1900021|1900022|1900023
2501,1900024|1900025|1900026|1900027|1900028|1900029|1900030
2502,1900031|1900032|1900033|1900034
2503,
2504,
2505,
2506,
2507,
2508,
2509,
2510,
2511,
2512,
2513,
2514,
2515,
2516,
2517,
2518,
2519,
2520,
2521,729|730|731|732|733|734|735|736
2522,
2523,
2524,
2525,
2526,
2527,
2528,
2529,
2530,
2531,
2532,
2533,
2534,
2535,
2536,
2537,
2538,
2539,
2540,
2541,
2542,
2543,
2544,
2545,
2546,
2547,
2548,737|738|739|740|741|742|743|744
2549,8010001|8010002|8010003|8010004|8010005|8010006|8010007|8010008|8010009|8010010|8010011|8010012|8010013|8010014|8010015|8010016|8010017|8010018|8010019|8010020|8010021|8010022|8010023|8010024|8010025|8010026|8010027|8010028|8010029|8010030|8010031|8010032|8010033|8010034|8010035|8010036|8010037|8010038|8010039|8010040|8010041|8010042|8010043|8010044|8010045|8010046|8010047|8010048|8010049|8010050|8010051|8010052|8010053|8010054|8010055|8010056|8010057|8010058|8010059|8010060|8010061|8010062|8010063|8010064|8010065|8010066|8010067|8010068|8010069|8010070|8010071|8010072|8010073|8010074|8010075|8010076|8010077|8010078|8010079|8010080|8010081|8010082|8010083|8010084|8010085|8010086|8010087|8010088|8010089|8010090|8010091|8010092|8010093|8010094|8010095|8010096|8010097|8010098|8010099|8010100
2550,8110001|8110002|8110003|8110004|8110005|8110006|8110007|8110008|8110009|8110010|8110011|8110012|8110013|8110014|8110015|8110016|8110017|8110018|8110019|8110020|8110021|8110022|8110023|8110024|8110025|8110026|8110027|8110028|8110029|8110030|8110031|8110032|8110033|8110034|8110035|8110036|8110037|8110038|8110039|8110040|8110041|8110042|8110043|8110044|8110045|8110046|8110047|8110048|8110049|8110050|8110051|8110052|8110053|8110054|8110055|8110056|8110057|8110058|8110059|8110060|8110061|8110062|8110063|8110064|8110065|8110066|8110067|8110068|8110069|8110070|8110071|8110072|8110073|8110074|8110075|8110076|8110077|8110078|8110079|8110080|8110081|8110082|8110083|8110084|8110085|8110086|8110087|8110088|8110089|8110090|8110091|8110092|8110093|8110094|8110095|8110096|8110097|8110098|8110099|8110100|8110101|8110102|8110103|8110104|8110105|8110106|8110107|8110108|8110109|8110110|8110111|8110112|8110113|8110114|8110115|8110116|8110117|8110118|8110119|8110120|8110121|8110122|8110123|8110124|8110125|8110126|8110127|8110128|8110129|8110130|8110131
2551,8210001|8210002|8210003|8210004|8210005|8210006|8210007|8210008|8210009|8210010|8210011|8210012|8210013|8210014|8210015|8210016|8210017|8210018|8210019|8210020|8210021|8210022|8210023|8210024|8210025|8210026|8210027|8210028|8210029|8210030
2552,8020001|8020002|8020003|8020004|8020005|8020006|8020007|8020008|8020009|8020010|8020011|8020012|8020013|8020014|8020015|8020016|8020017|8020018|8020019|8020020|8020021|8020022|8020023|8020024|8020025|8020026|8020027|8020028|8020029|8020030|8020031|8020032|8020033|8020034|8020035|8020036|8020037|8020038|8020039|8020040|8020041|8020042|8020043|8020044|8020045|8020046|8020047|8020048|8020049|8020050|8020051|8020052|8020053|8020054|8020055|8020056|8020057|8020058|8020059|8020060|8020061|8020062|8020063|8020064|8020065|8020066|8020067|8020068|8020069|8020070|8020071|8020072|8020073|8020074|8020075|8020076|8020077|8020078|8020079|8020080|8020081|8020082|8020083|8020084|8020085|8020086|8020087|8020088|8020089|8020090|8020091|8020092|8020093|8020094|8020095|8020096|8020097|8020098|8020099|8020100|8020101|8020102|8020103|8020104|8020105|8020106|8020107|8020108|8020109|8020110|8020111|8020112|8020113|8020114|8020115|8020116|8020117|8020118|8020119|8020120|8020121|8020122|8020123|8020124|8020125|8020126|8020127|8020128|8020129|8020130|8020131|8020132|8020133|8020134|8020135|8020136|8020137|8020138|8020139|8020140|8020141|8020142|8020143|8020144|8020145|8020146|8020147|8020148|8020149
2553,8120001|8120002|8120003|8120004|8120005|8120006|8120007|8120008|8120009|8120010|8120011|8120012|8120013|8120014|8120015|8120016|8120017|8120018|8120019|8120020|8120021|8120022|8120023|8120024|8120025|8120026|8120027|8120028|8120029|8120030|8120031|8120032|8120033|8120034|8120035|8120036|8120037|8120038|8120039|8120040|8120041|8120042|8120043|8120044|8120045|8120046|8120047|8120048|8120049|8120050|8120051|8120052|8120053|8120054|8120055|8120056|8120057|8120058|8120059|8120060|8120061|8120062|8120063|8120064|8120065|8120066|8120067|8120068|8120069|8120070|8120071|8120072|8120073|8120074|8120075|8120076|8120077|8120078|8120079|8120080|8120081|8120082|8120083|8120084|8120085|8120086|8120087|8120088|8120089|8120090|8120091|8120092|8120093|8120094|8120095|8120096|8120097|8120098|8120099|8120100|8120101|8120102|8120103|8120104|8120105|8120106|8120107|8120108|8120109|8120110|8120111|8120112|8120113|8120114|8120115|8120116|8120117|8120118|8120119|8120120|8120121|8120122|8120123|8120124|8120125|8120126|8120127|8120128|8120129|8120130|8120131|8120132|8120133|8120134|8120135|8120136|8120137|8120138|8120139|8120140|8120141|8120142|8120143|8120144|8120145|8120146|8120147|8120148|8120149|8120150|8120151|8120152|8120153|8120154|8120155|8120156|8120157|8120158|8120159|8120160|8120161|8120162|8120163|8120164|8120165|8120166|8120167|8120168|8120169|8120170|8120171|8120172|8120173|8120174|8120175|8120176|8120177|8120178|8120179
2554,8220001|8220002|8220003|8220004|8220005|8220006|8220007|8220008|8220009|8220010|8220011|8220012|8220013|8220014|8220015|8220016|8220017|8220018|8220019|8220020|8220021|8220022|8220023|8220024|8220025|8220026|8220027|8220028|8220029|8220030|8220031|8220032|8220033|8220034|8220035|8220036|8220037|8220038|8220039|8220040|8220041|8220042|8220043|8220044|8220045|8220046|8220047|8220048|8220049|8220050|8220051|8220052|8220053|8220054|8220055|8220056|8220057
2555,745|746|747|748|749|750|751|752
2556,8001001|8001002|8001003|8001004|8001005|8001006|8001007|8001008|8001009|8001010|8001011|8001012|8001013|8001014|8001015|8001016|8001017|8001018|8001019|8001020
2557,8002001|8002002|8002003|8002004|8002005|8002006|8002007|8002008|8002009|8002010|8002011|8002012|8002013|8002014|8002015|8002016|8002017|8002018|8002019|8002020|8002021|8002022|8002023
2558,8003001|8003002|8003003|8003004|8003005|8003006|8003007|8003008|8003009
2000001,1001|1002|1003|1004|1005|1006|1007|1008|1009|1010|1011|1012|1013|1014|1015|1016|1017|1018
2000002,2001|2002|2003|2004|2005|2006|2007|2008|2009|2010|2011|2012|2013|2014|2015|2016|2017|2018|2019|2020|2021|2022|2023|2024
2000003,3001|3002|3003|3004|3005|3006|3007|3008|3009|3010|3011|3012|3013|3014|3015|3016|3017|3018|3019|3020|3021|3022|3023|3024|3025|3026|3027|3028|3029|3030|3031|3032|3033|3034|3035|3036|3037|3038|3039|3040|3041|3042|3043|3044|3045|3046|3047|3048|3049|3050|3051|3052|3053|3054|3055|3056|3057|3058|3059|3060|3061|3062|3063|3064|3065|3066|3067|3068|3069|3070|3071|3072|3073|3074|3075|3076|3077|3078|3079|3080|3081|3082|3083|3084|3085|3086|3087|3088|3089|3090|3091|3092|3093|3094|3095|3096|3097|3098|3099|3100|3101|3102|3103|3104|3105|3106|3107|3108|3109|3110|3111|3112|3113|3114|3115|3116|3117|3118|3119|3120|3121|3122|3123|3124|3125|3126
2000004,4001|4002|4003|4004|4005|4006|4007|4008|4009|4010|4011|4012|4013|4014|4015|4016|4017|4018|4019|4020|4021|4022|4023|4024|4025|4026|4027|4028|4029|4030|4031|4032|4033|4034|4035|4036|4037|4038|4039|4040|4041|4042|4043|4044|4045|4046|4047|4048|4049|4050|4051|4052|4053|4054|4055|4056|4057|4058|4059|4060|4061|4062|4063|4064|4065|4066|4067|4068|4069|4070|4071|4072|4073|4074|4075|4076|4077|4078|4079|4080|4081|4082|4083|4084|4085|4086|4087|4088|4089|4090|4091|4092|4093|4094|4095|4096|4097|4098|4099|4100|4101|4102|4103|4104|4105|4106|4107|4108|4109|4110|4111|4112|4113|4114|4115|4116|4117|4118|4119|4120|4121|4122|4123|4124|4125|4126
2000005,5001|5002|5003|5004|5005|5006|5007|5008|5009|5010|5011|5012|5013|5014|5015|5016|5017|5018|5019|5020|5021|5022|5023|5024|5025|5026|5027|5028|5029|5030|5031|5032|5033|5034|5035|5036|5037|5038|5039|5040|5041|5042|5043|5044|5045|5046|5047|5048|5049|5050|5051|5052|5053|5054|5055|5056|5057|5058|5059|5060|5061|5062|5063|5064|5065|5066|5067|5068|5069|5070|5071|5072|5073|5074|5075|5076|5077|5078|5079|5080|5081|5082|5083|5084
2000006,6001|6002|6003|6004|6005|6006|6007|6008|6009|6010|6011|6012|6013|6014|6015|6016|6017|6018|6019|6020|6021|6022
2000007,7001|7002|7003|7004|7005|7006|7007|7008|7009|7010|7011|7012|7013|7014|7015|7016|7017|7018|7019|7020|7021|7022
2000008,1001|1002|1003|1004|1005|1006|1007|1008|1009|1010|1011|1012|1013|1014|1015|1016|1017|1018|1019|1020
2000009,2001|2002|2003|2004|2005|2006|2007|2008|2009|2010|2011|2012|2013|2014|2015|2016|2017|2018|2019|2020|2021|2022|2023|2024|2025|2026|2027
